model,horizon,variable,estimate,HAC_se,nobs,lo68,hi68,lo90,hi90
EA_baseline,0,brent,-6.24351993519923e-15,4.781110985368198e-13,262,-4.817048709252149e-13,4.692178310548164e-13,-7.926662944492399e-13,7.801792545788414e-13
EA_baseline,0,vix,6.040968375512907e-17,4.617339737731664e-15,262,-4.53134021788978e-15,4.652159585400038e-15,-7.534438330719957e-15,7.655257698230214e-15
EA_baseline,0,activity,1.0245732096703351e-14,3.179591270736013e-13,262,-3.0595122836013116e-13,3.264426925535379e-13,-5.127504912926337e-13,5.332419554860403e-13
EA_baseline,0,price,-1.0171802074553373e-14,3.14295824174555e-13,262,-3.2272576208484617e-13,3.0238215793573946e-13,-5.271424284037723e-13,5.067988242546655e-13
EA_baseline,0,policy,0.9999999999999979,2.3091582815591708e-14,262,0.9999999999999749,1.0000000000000209,0.9999999999999599,1.000000000000036
EA_baseline,0,fx,3.258736236320118,1.0871355783683563,262,2.1776256902939113,4.339846782346324,1.470557337252941,5.0469151353872945
EA_baseline,1,brent,11.161002076197247,3.9389721552067263,261,7.243860164708206,15.078143987686289,4.6819694402446075,17.640034712149887
EA_baseline,1,vix,0.031118946231215795,0.06338877688655373,261,-0.03191852265064178,0.09415641511307336,-0.07314631333864974,0.13538420580108132
EA_baseline,1,activity,0.5895382764333768,0.8323138584518833,261,-0.2381628014088255,1.417239354275579,-0.7794961924031776,1.958572745269931
EA_baseline,1,price,0.36865703272302924,0.12361649461273558,261,0.24572563516063833,0.49158843028542015,0.16532599320824404,0.5719880722378144
EA_baseline,1,policy,1.2608670677775402,0.0814147947624947,261,1.1799034833160733,1.341830652239007,1.126951647324941,1.3947824882301394
EA_baseline,1,fx,4.036703266815391,1.5424476147896602,261,2.5028040768497326,5.5706024567810495,1.499602713245972,6.573803820384811
EA_baseline,2,brent,18.54324891683735,7.348087844022257,260,11.235885033831654,25.850612799843045,6.456719975439318,30.62977785823538
EA_baseline,2,vix,-0.11271687592036415,0.07687785898756339,260,-0.18916866883483435,-0.03626508300589394,-0.2391697011083216,0.013735949267593292
EA_baseline,2,activity,2.5319273663520665,1.31684191761657,260,1.2223835404372196,3.8414711922669134,0.36591516203872,4.6979395706654135
EA_baseline,2,price,0.41252043393122756,0.17974182991133603,260,0.23377475423335278,0.5912661136291023,0.11687143308667192,0.7081694347757832
EA_baseline,2,policy,1.399930689265656,0.142582152377256,260,1.2581387438290794,1.5417226347022326,1.165403918789379,1.634457459741933
EA_baseline,2,fx,3.790002730229207,1.7826169094336866,260,2.0172652918998706,5.562740168558544,0.8578588412821841,6.722146619176231
EA_baseline,3,brent,14.619558139435574,9.218189704805429,259,5.4524567185688255,23.786659560302322,-0.5430146304403554,29.782130909311505
EA_baseline,3,vix,-0.029210389266174558,0.08871740269262667,259,-0.11743610975175135,0.05901533121940224,-0.1751375308588558,0.11671675232650669
EA_baseline,3,activity,3.948716522924644,1.9357159023165997,259,2.0237285842114203,5.8737044616378675,0.7647472002515436,7.132685845597745
EA_baseline,3,price,0.2885347029225862,0.30688723558743725,259,-0.016651727763789592,0.5937211336089621,-0.21624987959852082,0.7933192854436932
EA_baseline,3,policy,1.450998703976418,0.17188192803267674,259,1.280069365663031,1.621928042289805,1.168278091244458,1.7337193167083782
EA_baseline,3,fx,4.319068739781548,2.2756045875630773,259,2.056075818611166,6.582061660951929,0.5760322804210114,8.062105199142085
EA_baseline,4,brent,11.824445158543112,11.522722866166992,258,0.36558256824206126,23.283307748844162,-7.128747340228324,30.77763765731455
EA_baseline,4,vix,0.014792377376858339,0.0943354203693859,258,-0.07902022507538342,0.10860497982910011,-0.14037558096771782,0.1699603357214345
EA_baseline,4,activity,5.3065783870467245,2.1967523195532346,258,3.1220007254076987,7.491156048685751,1.6932423667155274,8.919914407377922
EA_baseline,4,price,0.4050513773165399,0.34536260285277603,258,0.06160281434375747,0.7484999402893223,-0.16301955259924955,0.9731223072323294
EA_baseline,4,policy,1.5015083983403497,0.20533087695535393,258,1.297315489085726,1.7057013075949734,1.1637691606552094,1.83924763602549
EA_baseline,4,fx,3.553928417700059,2.88984638485946,258,0.6800978990113618,6.427758936388756,-1.1994458897686235,8.307302725168741
EA_baseline,5,brent,8.33012946334239,13.855729296452846,257,-5.4488097631354755,22.109068689820255,-14.460517123985843,31.12077605067062
EA_baseline,5,vix,0.15554133718681462,0.11673436330796652,257,0.039453929353735914,0.2716287450198933,-0.03646960369016494,0.3475522780637942
EA_baseline,5,activity,5.131424844962043,2.3219423653334044,257,2.822350955397538,7.440498734526549,1.3121695237711135,8.950680166152974
EA_baseline,5,price,0.6635678803574209,0.43972874255596317,257,0.22627616584873111,1.1008595948661106,-0.05972153671056524,1.386857297425407
EA_baseline,5,policy,1.404988065601652,0.2625735645139741,257,1.1438697144482457,1.6661064167550583,0.9730929856692654,1.8368831455340386
EA_baseline,5,fx,2.6983685063738454,3.525986582593437,257,-0.8080766467780167,6.2048136595257075,-3.1013633125871953,8.498100325334885
EA_baseline,6,brent,1.4853471511954548,16.388310858004065,256,-14.812137774038685,17.782832076429596,-25.47102540320072,28.44171970559163
EA_baseline,6,vix,0.30830698370084647,0.15138807784004013,256,0.15775791626884678,0.45885605113284617,0.059295754788444704,0.5573182126132482
EA_baseline,6,activity,3.719246975124705,2.4312435546185593,256,1.3014776562313757,6.137016294018034,-0.2797928036920214,7.718286753941431
EA_baseline,6,price,0.6265594175167823,0.5011716004803799,256,0.12816536857821947,1.124953466455345,-0.1977945072584446,1.4509133422920093
EA_baseline,6,policy,1.2995028490563953,0.3086961674741024,256,0.9925175117951359,1.6064881863176548,0.791742838360599,1.8072628597521918
EA_baseline,6,fx,2.796880887491315,3.4404560653153786,256,-0.6245077684983737,6.218269543481004,-2.8621657499098756,8.455927524892505
EA_baseline,7,brent,-3.787817537079495,17.05258310739128,255,-20.745893237314224,13.170258163155236,-31.83682071016344,24.261185636004452
EA_baseline,7,vix,0.3201324412892358,0.1678482878248882,255,0.15321438827851605,0.4870504942999555,0.04404657628287384,0.5962183062955977
EA_baseline,7,activity,2.9127967612928405,2.434827040662377,255,0.49146381645386494,5.334129706131816,-1.0921373275401889,6.91773085012587
EA_baseline,7,price,0.6770673217831547,0.5453550296370283,255,0.13473471341252308,1.2193999301537861,-0.21996187669153888,1.5740965202578483
EA_baseline,7,policy,1.1968480113461846,0.36263289270730736,255,0.8362248724822461,1.557471150210123,0.6003699825246661,1.793326040167703
EA_baseline,7,fx,1.8317904799717215,3.176821777522411,255,-1.3274249802378615,4.991005940181305,-3.393616342964438,7.057197302907881
EA_baseline,8,brent,-1.914354353373402,18.542897400763845,254,-20.354484851112655,16.525776144365853,-32.41470639720884,28.585997690462033
EA_baseline,8,vix,0.24137844747371417,0.1501498785012353,254,0.09206071713517405,0.3906961778122543,-0.005596124765365529,0.4883530197127939
EA_baseline,8,activity,2.641402980064857,2.5589533516815215,254,0.09663164671914748,5.186174313410566,-1.5677007216481194,6.8505066817778335
EA_baseline,8,price,0.7618346431665236,0.5916939978618859,254,0.17341988254487617,1.3502494037881712,-0.21141537526201593,1.7350846615950632
EA_baseline,8,policy,1.2188396722057884,0.37192960191252417,254,0.8489713475848133,1.5887079968267634,0.6070699175293559,1.8306094268822208
EA_baseline,8,fx,1.2347047102457342,2.855826267849414,254,-1.6052942348946047,4.074703655386073,-3.4627114843696605,5.9321209048611285
EA_baseline,9,brent,5.0896144914572305,17.591472387171017,253,-12.404363901231687,22.583592884146146,-23.845782667997685,34.02501165091215
EA_baseline,9,vix,0.17816486679752486,0.15590036667927237,253,0.02312851815803127,0.3332012154370184,-0.07826841677794072,0.43459815037299043
EA_baseline,9,activity,2.9763923675064765,2.775981245360437,253,0.21579593441536105,5.736988800597592,-1.5896904522739028,7.542475187286856
EA_baseline,9,price,0.8584857275109706,0.6529601110155666,253,0.20914439769002457,1.5078270573319168,-0.21553807934761993,1.932509534369561
EA_baseline,9,policy,1.2409576216107532,0.35605333165937764,253,0.8868775790989882,1.5950376641225181,0.6553020076426705,1.8266132355788358
EA_baseline,9,fx,1.421947138732387,2.879130758356438,253,-1.4412271407068487,4.285121418171623,-3.3138015316177425,6.157695809082516
EA_baseline,10,brent,9.445063534358077,17.3951710082291,252,-7.853701404557107,26.74382847327326,-19.167446589968648,38.0575736586848
EA_baseline,10,vix,0.15764618330157884,0.1597053367628251,252,-0.0011740478328810533,0.31646641443603873,-0.10504571911626029,0.420338085719418
EA_baseline,10,activity,3.1520761272231446,2.9663098669390275,252,0.20220589600275352,6.101946358443536,-1.7270694160734528,8.031221670519741
EA_baseline,10,price,0.9650108248353337,0.6636775391697348,252,0.305011464098741,1.6250101855719263,-0.1266415825942322,2.0566632322648997
EA_baseline,10,policy,1.1246764407814036,0.3704445844516375,252,0.7562849034811114,1.4930679780816958,0.5153493224615968,1.7340035591012104
EA_baseline,10,fx,0.11628740226067648,3.118469324582806,252,-2.9848990011184906,3.2174738056398438,-5.01313817681626,5.245712981337612
EA_baseline,11,brent,10.242211191681385,15.580545088385245,251,-5.251984696168327,25.736407079531098,-15.385504906830029,35.8699272901928
EA_baseline,11,vix,0.08477631595808403,0.14542771230071125,251,-0.05984541897651831,0.2293980508926864,-0.15443098407899608,0.3239836159951641
EA_baseline,11,activity,2.5909539678347633,2.732406888895443,251,-0.12630960296394722,5.308217538633474,-1.903455413672094,7.085363349341621
EA_baseline,11,price,1.0221918853533487,0.7021244837964957,251,0.32395865744734476,1.7204251132593527,-0.13270011839074725,2.1770838890974447
EA_baseline,11,policy,1.0776634326402974,0.34908447036900064,251,0.730513629175743,1.4248132361048518,0.503470575441413,1.6518562898391818
EA_baseline,11,fx,-0.4455141709144469,3.0490751129706393,251,-3.4776909535067686,2.586662611677875,-5.460796429331673,4.569768087502778
EA_baseline,12,brent,14.855649913154572,15.645537462491395,250,-0.7031781534735195,30.414477979782664,-10.878969127629528,40.590268953938676
EA_baseline,12,vix,0.018781314620527113,0.14043857440509022,250,-0.12087893280335436,0.1584415620444086,-0.2122195838535797,0.24978221309463394
EA_baseline,12,activity,4.140514973454999,2.8068905729448743,250,1.3491805158828272,6.931849431027171,-0.4764091659092733,8.75743911281927
EA_baseline,12,price,1.0035570459398986,0.7575855750471239,250,0.250170098628292,1.7569439932515052,-0.24256033490247964,2.249674426782277
EA_baseline,12,policy,1.0519987039029464,0.3385622653483161,250,0.715312790169961,1.3886846176359318,0.495113333795862,1.6088840740100308
EA_baseline,12,fx,-0.5350053206389737,3.1810973248058643,250,-3.698472632549623,2.628461991271676,-5.767444793031524,4.697434151753576
EA_baseline,13,brent,14.23164792673711,15.280865161661776,249,-0.9645288955427258,29.42782474901695,-10.903138557378654,39.366434410852875
EA_baseline,13,vix,0.09755118177739117,0.1509554640653316,249,-0.05256766947596453,0.24767003303074686,-0.15074846079861212,0.3458508243533944
EA_baseline,13,activity,3.9834662253936686,2.4071612059958873,249,1.5896457879343613,6.377286662852976,0.024038385054454103,7.942894065732883
EA_baseline,13,price,1.055888401204768,0.8151225487317512,249,0.24528335683645164,1.8664934455730844,-0.2848688794865808,2.396645681896117
EA_baseline,13,policy,1.0168483026279436,0.3459409698231794,249,0.6728245780620554,1.3608720271938317,0.44782604370317725,1.58587056155271
EA_baseline,13,fx,-0.07158993417754066,3.201220433656306,249,-3.2550688303191997,3.1118889619641186,-5.33712897514828,5.193949106793198
EA_baseline,14,brent,17.27857724244294,14.29160439087341,248,3.06617859222375,31.490975892662128,-6.229020074840772,40.786174559726646
EA_baseline,14,vix,0.030767219375212467,0.16222040134439075,248,-0.130554137559167,0.19208857630959192,-0.2360615961416321,0.29759603489205705
EA_baseline,14,activity,3.6436153140195224,1.9382722773267418,248,1.7160851680250226,5.571145460014022,0.455441128639142,6.831789499399903
EA_baseline,14,price,1.2623474116411246,0.8864280681013171,248,0.3808320314193776,2.1438627918628717,-0.19569701120691319,2.7203918344891624
EA_baseline,14,policy,1.0478834084871251,0.35662000008850664,248,0.6932398380888467,1.4025269788854036,0.4612957078981107,1.6344711090761397
EA_baseline,14,fx,0.7415179196229452,3.006532845944434,248,-2.2483523701555526,3.7313882094014432,-4.2037885365774885,5.686824375823378
EA_baseline,15,brent,15.370253141505426,13.636379764425088,247,1.809447786330935,28.931058496679917,-7.059595572496839,37.80010185550769
EA_baseline,15,vix,-0.023238142484459965,0.1476195445375305,247,-0.1700395622656405,0.12356327729672056,-0.26605068572594137,0.21957440075702145
EA_baseline,15,activity,3.0783042824544564,1.7089018808817575,247,1.3788733353796174,4.777735229529295,0.26741082558190543,5.889197739327008
EA_baseline,15,price,1.2797987686793104,0.9379088867256776,247,0.3470878825424766,2.2125096548161443,-0.26292406540143776,2.822521602760059
EA_baseline,15,policy,1.0090362691711912,0.3849283345231888,247,0.626241252433805,1.3918312859085773,0.37588550201433457,1.6421870363280477
EA_baseline,15,fx,0.49582451219814877,2.6357112669268603,247,-2.1252793350620345,3.1169283594583317,-3.8395347248033564,4.831183749199654
EA_baseline,16,brent,19.458397943292983,12.511337787123043,246,7.0163994513884,31.900396435197564,-1.1209213938713596,40.03771728045733
EA_baseline,16,vix,0.024366083311704034,0.12961400206897752,246,-0.10452958282015595,0.15326174944356402,-0.18882997809514923,0.2375621447185573
EA_baseline,16,activity,2.192926513235886,1.6044888328188929,246,0.5973299449171219,3.7885230815546507,-0.44622276282940376,4.832075789301176
EA_baseline,16,price,1.6157355886376397,0.9871973557268235,246,0.6340093959512767,2.597461781324003,-0.008059562446528501,3.2395307397218076
EA_baseline,16,policy,1.1671471181762825,0.39242331392468854,246,0.7768986600885801,1.5573955762639848,0.5216682069669425,1.8126260293856225
EA_baseline,16,fx,0.2871079934663638,2.9153853203676143,246,-2.6121199209672032,3.1863359078999305,-4.508274124701385,5.0824901116341135
EA_baseline,17,brent,16.760314236997605,12.08357334881392,245,4.743709462926322,28.776919011068887,-3.115395212333116,36.63602368632833
EA_baseline,17,vix,0.11467069620233454,0.15133472201388717,245,-0.03582531110773217,0.26516670351240124,-0.13425277018590054,0.36359416259056965
EA_baseline,17,activity,1.79535612145205,1.5777956333582304,245,0.2263048157650318,3.364407427139068,-0.7998867486654302,4.39059899156953
EA_baseline,17,price,1.7641891812727868,1.029203470430901,245,0.740689676675941,2.7876886858696324,0.0713001200634773,3.4570782424820963
EA_baseline,17,policy,1.1520693576150591,0.389774799624813,245,0.7644547354516618,1.5396839797784565,0.5109468647579023,1.793191850472216
EA_baseline,17,fx,-0.15731227524893399,3.559717970300208,245,-3.697301872817399,3.382677322319531,-6.012527289621564,5.697902739123696
EA_baseline,18,brent,13.091339626086395,11.527417889715236,244,1.6278080326059374,24.554871219566852,-5.869575499196994,32.05225475136979
EA_baseline,18,vix,0.10658996303241144,0.13864283933512023,244,-0.03128450149498216,0.24446442755980505,-0.12145721409881127,0.33463714016363416
EA_baseline,18,activity,1.8634712209265722,1.3029181001011128,244,0.567774045104346,3.1591683967487985,-0.2796383416454642,4.006580783498609
EA_baseline,18,price,1.8459889669019,1.1179948419588697,244,0.7341901829280597,2.9577877508757404,0.007051096192815631,3.6849268376109845
EA_baseline,18,policy,1.14704045249966,0.39013856592319907,244,0.7590640800731866,1.5350168249261333,0.5053196173272401,1.78876128767208
EA_baseline,18,fx,0.11058207512614564,3.812258637851342,244,-3.680548580119598,3.9017127303718895,-6.160025372220712,6.381189522473003
EA_baseline,19,brent,9.943825915273903,12.716105838344363,243,-2.7018057793972208,22.58945760994503,-10.972306893625612,30.859958724173417
EA_baseline,19,vix,0.0855589871128699,0.1431032227043612,243,-0.05675114081820308,0.22786911504394286,-0.14982486778084286,0.3209428420065827
EA_baseline,19,activity,0.7929437199696839,0.9774864908802675,243,-0.17912542661723685,1.7650128665566047,-0.814878479850791,2.400765919790159
EA_baseline,19,price,1.9868041754733057,1.1804946294977678,243,0.8128519850824734,3.160756365864138,0.04506330254716806,3.9285450483994433
EA_baseline,19,policy,1.0960819969184092,0.39951326091714073,243,0.6987828851525235,1.493381108684295,0.43894116068364053,1.753222833153178
EA_baseline,19,fx,0.31269969097974704,4.38740014505501,243,-4.050384970065824,4.6757843520253175,-6.9039313505014,7.529330732460895
EA_baseline,20,brent,6.8078689072772836,13.61523410432581,242,-6.731907979515805,20.347645794070374,-15.587198291016401,29.20293610557097
EA_baseline,20,vix,0.1489998112946643,0.14159506915588144,242,0.008189478548967788,0.2898101440403608,-0.08390335176483177,0.3819029743541604
EA_baseline,20,activity,-0.05483310667702057,0.9837288618109543,242,-1.0331100282458823,0.9234438148918411,-1.6729230929636123,1.563256879609571
EA_baseline,20,price,2.273595522282953,1.2543564311977526,242,1.0261908809234952,3.521000163642411,0.21036279693742532,4.336828247628481
EA_baseline,20,policy,1.039450607578899,0.41906494546316364,242,0.6227081689861904,1.4561930461716075,0.35015011210559344,1.7287511030522045
EA_baseline,20,fx,-1.132554949367654,4.196026928020881,242,-5.305327006098425,3.0402171073631163,-8.034405060708844,5.769295161973535
EA_baseline,21,brent,6.170896130292332,13.11817412534335,241,-6.874575541973574,19.21636780255824,-15.40658015875963,27.748372419344292
EA_baseline,21,vix,0.1256522928768551,0.17512703637583538,241,-0.04850416901025567,0.29980875476396585,-0.16240604808320008,0.41371063383691026
EA_baseline,21,activity,0.36044985262234536,0.9819184901769987,241,-0.6160267306035898,1.3369264358482806,-1.2546623373160042,1.975562042560695
EA_baseline,21,price,2.329168584570898,1.3259621128384929,241,1.0105551086211981,3.6477820605205977,0.14815499406826627,4.510182175073529
EA_baseline,21,policy,0.9120528229462046,0.4337643136693726,241,0.48069248176262874,1.3434131641297804,0.1985740183650211,1.6255316275273881
EA_baseline,21,fx,-2.841133988749568,3.5292839367209865,241,-6.3508582217073055,0.6685902442081697,-8.646289472606652,2.964021495107516
EA_baseline,22,brent,11.301636092669844,12.075368270540254,240,-0.70680907662984,23.31008126196953,-8.560577203903017,31.163849389242706
EA_baseline,22,vix,0.22106959055056438,0.17374999555442308,240,0.048282537763808725,0.39385664333732007,-0.06472371981993055,0.5068629009210593
EA_baseline,22,activity,0.844313420868136,1.293781747554542,240,-0.4422980371403693,2.130924878876641,-1.2837681790805657,2.9723950208168377
EA_baseline,22,price,2.54729297732102,1.3659878438720523,240,1.1888755976137635,3.9057103570282763,0.3004429179564534,4.794143036685586
EA_baseline,22,policy,0.8653713020297165,0.44648055464155517,240,0.4213651947665588,1.309377409292874,0.1309761423642496,1.5997664616951832
EA_baseline,22,fx,-3.445337231676515,3.570090193210949,240,-6.9956415680849755,0.10496710473194515,-9.317613034523426,2.4269385711703957
EA_baseline,23,brent,11.351439772958688,12.720216838081672,239,-1.2982801378090745,24.00115968372645,-9.571455028769137,32.27433457468651
EA_baseline,23,vix,0.2670057079297874,0.13106412384532418,239,0.13666795676582533,0.39734345909374946,0.05142440845958901,0.4825870073999858
EA_baseline,23,activity,0.7270407826534451,1.639705477513885,239,-0.9035772556024511,2.357658820909341,-1.970034719167464,3.424116284474354
EA_baseline,23,price,2.8254291433990257,1.4498951233044817,239,1.3835695082015065,4.267288778596545,0.44056389113239725,5.210294395665654
EA_baseline,23,policy,0.8289507022117214,0.4609516502875749,239,0.3705536998046971,1.2873477046187456,0.07075270838693726,1.5871486960365055
EA_baseline,23,fx,-3.8103231307898366,3.0937840370575893,239,-6.886961055390252,-0.733685206189421,-8.899145025148579,1.2784987635689062
EA_baseline,24,brent,10.501960325059978,13.313706294801737,238,-2.7379598545449273,23.741880504664884,-11.397137762111301,32.40105841223126
EA_baseline,24,vix,0.3124476333207476,0.13669020988960778,238,0.17651497653843132,0.4483802901030639,0.08761224581506827,0.537283020826427
EA_baseline,24,activity,0.22424158005968994,1.4330461201050861,238,-1.2008624310819642,1.6493455912013442,-2.132909528183896,2.5813926883032754
EA_baseline,24,price,2.9125136316271196,1.5442239428297875,238,1.3768479582387898,4.448179305015449,0.37249127843824104,5.452535984815999
EA_baseline,24,policy,0.7484156527467011,0.4990123060237194,238,0.25216893120273537,1.2446623742906668,-0.07238654870983163,1.5692178542032338
EA_baseline,24,fx,-5.078276393554998,3.1248092689262967,238,-8.18576760456566,-1.9707851825443359,-10.218130253079995,0.06157746596999836
EA_baseline,25,brent,7.320555355384939,11.703410806963797,237,-4.317993782042431,18.95910449281231,-11.929842358152516,26.570953068922396
EA_baseline,25,vix,0.4354451573355924,0.15020781724872725,237,0.28606980935286563,0.5848205053183192,0.1883752843375595,0.6825150303336254
EA_baseline,25,activity,-0.3186342023228994,1.1357789052196954,237,-1.4481184882019689,0.81085008355617,-2.1868242539884877,1.5495558493426886
EA_baseline,25,price,3.0223785668339036,1.565649904736481,237,1.4654056767221106,4.579351456945696,0.44711364249187646,5.597643491175931
EA_baseline,25,policy,0.7822467640653367,0.5114027254802469,237,0.2736782922165517,1.2908152359141216,-0.0589358637737154,1.6234293919043887
EA_baseline,25,fx,-5.671420974127825,3.220732602398541,237,-8.874303900293718,-2.468538047961931,-10.96905467662392,-0.3737872716317314
EA_baseline,26,brent,0.4481987940647561,10.93503067358202,236,-10.426228662419343,11.322626250548856,-17.538326070202228,18.434723658331738
EA_baseline,26,vix,0.47929912266525143,0.1394276503782791,236,0.34064419660915846,0.6179540487213444,0.2499610462432173,0.7086371990872855
EA_baseline,26,activity,-1.7624953472961378,1.338774418719792,236,-3.0938501218315904,-0.4311405727606852,-3.9645833055972366,0.43959261100496083
EA_baseline,26,price,3.092246103090455,1.5947726225308574,236,1.5063118966875515,4.678180309493358,0.46907857075766346,5.715413635423246
EA_baseline,26,policy,0.7918323977415976,0.5302127232725624,236,0.2645581753050864,1.319106620178109,-0.08028992318909378,1.6639547186722892
EA_baseline,26,fx,-6.197707049813991,3.3402675612263795,236,-9.519462458105382,-2.8759516415225996,-11.69195826288555,-0.7034558367424326
EA_baseline,27,brent,-4.9069657432292955,13.721525648830594,235,-18.552445094373706,8.738513607915117,-27.476866974015948,17.662935487557355
EA_baseline,27,vix,0.381456437340916,0.11873929189644639,235,0.26337521246775086,0.49953766221408114,0.18614768240339663,0.5767651922784354
EA_baseline,27,activity,-2.2259562574186456,1.369043062212728,235,-3.587411923089714,-0.8645005917475772,-4.477831703752001,0.025919188914710123
EA_baseline,27,price,2.9901997721067417,1.6462459640637315,235,1.3530774954413234,4.62732204877216,0.2823661272622906,5.698033416951192
EA_baseline,27,policy,0.6907618761443338,0.527771215598651,235,0.16591563026106093,1.2156081220276067,-0.17734452203369466,1.5588682743223623
EA_baseline,27,fx,-5.178555338553617,3.14522293395008,235,-8.306347079672385,-2.050763597434851,-10.351986689032357,-0.0051239880748781275
EA_baseline,28,brent,-3.46984972571941,14.83205462009404,234,-18.219703366869574,11.280003915430752,-27.86640856272343,20.92670911128461
EA_baseline,28,vix,0.3418800914902676,0.08417582634665845,234,0.25817077740413785,0.42558940557639735,0.2034231782223292,0.480337004758206
EA_baseline,28,activity,-1.6017180557257882,1.147007656937007,234,-2.7423688622687434,-0.46106724918283315,-3.4883777603797337,0.2849416489281573
EA_baseline,28,price,3.0658932823495495,1.625304161992184,234,1.4495967458427998,4.682189818856299,0.3925058365973828,5.739280728101717
EA_baseline,28,policy,0.6549228990542234,0.5510595580382147,234,0.10691737744503815,1.2029284206634085,-0.25148941365120925,1.5613352117596562
EA_baseline,28,fx,-3.0036428011562113,3.284938498811936,234,-6.2703757871589545,0.2630901848465319,-8.406885805239549,2.3996002029271257
EA_baseline,29,brent,-5.691081663263299,14.770417527005941,233,-20.37963981129387,8.99747648476727,-29.98625650414661,18.604093177620015
EA_baseline,29,vix,0.2631309122924976,0.0733226895195629,233,0.19021458568162708,0.3360472389033681,0.14252582049840784,0.3837360040865873
EA_baseline,29,activity,-0.9557196020466774,1.0285656427718153,233,-1.9785848138998163,0.06714560980646156,-2.6475595301175696,0.7361203260242151
EA_baseline,29,price,3.1536915395033414,1.6881999946731183,233,1.474847746365995,4.8325353326406875,0.37684965524580694,5.930533423760876
EA_baseline,29,policy,0.7079696033513921,0.581861401339702,233,0.1293329458536513,1.2866062608491329,-0.2491072330252827,1.665046439728067
EA_baseline,29,fx,-2.641756505445028,2.9081413545349553,233,-5.533780600950605,0.2502675900605489,-7.425223360139416,2.14171034924936
EA_baseline,30,brent,-3.7597536640517766,13.753979011705495,232,-17.4375065177438,9.917999189640247,-26.38303592646998,18.86352859836643
EA_baseline,30,vix,0.2015660716108936,0.09082364861045289,232,0.11124577826835615,0.29188636495343107,0.05217446378102414,0.35095767944076306
EA_baseline,30,activity,-0.7516598548347695,1.1424942466262444,232,-1.8878222649140266,0.3845025552444876,-2.630895660169137,1.1275759504995981
EA_baseline,30,price,3.159039007294817,1.7320719920189593,232,1.4365663605447418,4.881511654044893,0.31003410908137097,6.008043905508263
EA_baseline,30,policy,0.7381368657848635,0.5945938387177347,232,0.14683833556406345,1.3294353960056635,-0.2398829663930011,1.716156697962728
EA_baseline,30,fx,-2.3239438255923703,2.420077771000385,232,-4.730609242944391,0.08272159175965088,-6.3046175247269876,1.6567298735422464
EA_baseline,31,brent,-2.098062578899975,14.728671187097484,231,-16.745105750113424,12.548980592313475,-26.324570801172914,22.128445643372967
EA_baseline,31,vix,0.1969954260074806,0.12459330578571061,231,0.0730926308737173,0.3208982211412439,-0.0079423249080193,0.4019331769229805
EA_baseline,31,activity,-1.430807325119795,1.4191430825493057,231,-2.8420853509635418,-0.019529299276048073,-3.7650899716141124,0.9034753213745226
EA_baseline,31,price,3.187351301534742,1.6869760854148184,231,1.5097246346076456,4.864977968461838,0.412522568859782,5.962180034209702
EA_baseline,31,policy,0.8446142034482829,0.6047330267269994,231,0.24323267778232383,1.4459957291142418,-0.15008310890096344,1.839311515797529
EA_baseline,31,fx,-1.2310540292601948,2.009375131126794,231,-3.229292968734867,0.7671849102144774,-4.536182001600191,2.074073943079801
EA_baseline,32,brent,0.04005380340325256,14.709756776067557,230,-14.588179782655219,14.668287389461723,-24.15534298128546,24.235450588091968
EA_baseline,32,vix,0.11590611442560843,0.1294531328404788,230,-0.01282957403380515,0.24464180288502202,-0.09702534064728384,0.3288375694985007
EA_baseline,32,activity,-1.8451803274688159,1.6458231942349149,230,-3.4818821773451845,-0.20847847759244753,-4.552318577826973,0.8619579228893406
EA_baseline,32,price,3.5367765123832133,1.5477266036574233,230,1.997627590322631,5.075925434443795,0.990992794828017,6.08256022993841
EA_baseline,32,policy,0.9590792917241091,0.6152974208119881,230,0.34719192107899843,1.5709666623692198,-0.05299490255237571,1.971153486000594
EA_baseline,32,fx,-0.33893952090809737,1.6328806818017034,230,-1.9627705872667185,1.2848915454505236,-3.024789232748622,2.346910190932427
EA_baseline,33,brent,5.936945011292364,14.645233664053555,229,-8.627123057374556,20.501013079959286,-18.152320698577917,30.02621072116265
EA_baseline,33,vix,-0.08942920365575564,0.10479976509190397,229,-0.19364815620992987,0.014789748898418595,-0.26180947737083615,0.08295107005932488
EA_baseline,33,activity,-1.79617345762773,1.601751596027244,229,-3.389047959240827,-0.20329895601463277,-4.430820379828451,0.8384734645729912
EA_baseline,33,price,3.714118851661352,1.4427437020443175,229,2.279371003712157,5.148866699610547,1.341016640592363,6.087221062730341
EA_baseline,33,policy,1.1599688767282246,0.5925395744842065,229,0.5707132257686526,1.7492245276877965,0.18532800852559572,2.134609744930853
EA_baseline,33,fx,0.4731191368686141,1.4022032590672058,229,-0.921312947973177,1.867551221710405,-1.833299979531254,2.7795382532684823
EA_baseline,34,brent,10.919190832864016,15.259749105041534,228,-4.255986960447517,26.09436862617555,-14.180862828933028,36.01924449466106
EA_baseline,34,vix,-0.1987600507319139,0.150030659935796,228,-0.347959223228228,-0.04956087823559985,-0.4455385258812309,0.04801842441740303
EA_baseline,34,activity,-1.9243275653517844,1.6865328412749383,228,-3.6015134446497905,-0.24714168605377806,-4.698427226295638,0.8497720955920691
EA_baseline,34,price,3.9036690738883735,1.3267505260199381,228,2.584271554235159,5.2230665935415885,1.721358659104705,6.0859794886720415
EA_baseline,34,policy,1.277096483839939,0.5667553445887775,228,0.7134821635623689,1.840710804117509,0.344866899698957,2.2093260679809212
EA_baseline,34,fx,2.329035669709873,1.257630211051641,228,1.0783753921668227,3.5796959472529233,0.26041805569783616,4.39765328372191
EA_baseline,35,brent,4.54300480815122,17.575754002319343,227,-12.935342312810626,22.021351929113067,-24.3665379089706,33.45254752527304
EA_baseline,35,vix,-0.07011433548888203,0.1391417805456765,227,-0.20848497603637156,0.06825630505860748,-0.2989821978799238,0.15875352690215971
EA_baseline,35,activity,-1.549738600491932,1.6414214760277184,227,-3.1820631269974857,0.08258592601362191,-4.249636668692164,1.1501594677082994
EA_baseline,35,price,3.8173216762509106,1.3446528644025078,227,2.480121035065261,5.154522317436561,1.6055645352477597,6.029078817254062
EA_baseline,35,policy,1.2848519734316863,0.5632262347665294,227,0.7247472042375638,1.8449567426258089,0.35842725838173917,2.2112766884816333
EA_baseline,35,fx,2.9406942931488143,2.039813227296957,227,0.9121859489878266,4.969202637309802,-0.4144998920741725,6.2958884783718005
EA_baseline,36,brent,5.1172352513012695,19.27047650320457,226,-14.046442020518839,24.28091252312138,-26.579877918077884,36.814348420680425
EA_baseline,36,vix,-0.006810907805899557,0.16348341598745816,226,-0.16938827960868677,0.15576646399688768,-0.27571719753928636,0.26209538192748727
EA_baseline,36,activity,-1.7437489095582264,1.5977297028065316,226,-3.332623807752558,-0.15487401136389445,-4.371780406107647,0.8842825869911943
EA_baseline,36,price,3.5656786277654766,1.3465581656141845,226,2.2265832447699863,4.904774010760967,1.3507875451538642,5.7805697103770886
EA_baseline,36,policy,1.0422281945667646,0.5701962488382216,226,0.4751920399329649,1.6092643492005645,0.10433882659109173,1.9801175625424374
EA_baseline,36,fx,3.6999363491623365,2.8724946153769366,226,0.8433614344231732,6.5565112639015,-1.024896837338991,8.424769535663664
TR_baseline,0,brent,0.0,0.0,185,0.0,0.0,0.0,0.0
TR_baseline,0,vix,0.0,0.0,185,0.0,0.0,0.0,0.0
TR_baseline,0,fedfunds,0.0,0.0,185,0.0,0.0,0.0,0.0
TR_baseline,0,activity,-1.0802237585245561e-15,1.4823364158452672e-14,185,-1.582143510158673e-14,1.3660987584537617e-14,-2.546248805817789e-14,2.3302040541128776e-14
TR_baseline,0,price,-5.96977009234888e-18,2.0178131561137093e-15,185,-2.0125999700339798e-15,2.000660429849282e-15,-3.3249770584363802e-15,3.3130375182516826e-15
TR_baseline,0,policy,1.0000000000000004,2.5157430183067365e-14,185,0.9999999999999755,1.0000000000000255,0.999999999999959,1.0000000000000417
TR_baseline,0,fx,0.45341815813819547,0.17527100460882283,185,0.2791185259068586,0.6277177903695323,0.1651230105079451,0.7417133057684459
TR_baseline,1,brent,0.0,0.0,184,0.0,0.0,0.0,0.0
TR_baseline,1,vix,0.0,0.0,184,0.0,0.0,0.0,0.0
TR_baseline,1,fedfunds,0.0,0.0,184,0.0,0.0,0.0,0.0
TR_baseline,1,activity,0.03186793960363757,0.24045495727055036,184,-0.20725438821092565,0.27099026741820076,-0.36364526898128835,0.42738114818856354
TR_baseline,1,price,-0.054174556018115216,0.11240486939755098,184,-0.16595646450167256,0.05760735246544213,-0.23906411313368348,0.13071500109745304
TR_baseline,1,policy,1.3466677725653828,0.10975518601270715,184,1.2375208626118934,1.4558146825188722,1.166136556775648,1.5271989883551176
TR_baseline,1,fx,0.033153054000140264,0.4181311945768699,184,-0.3826608086627393,0.4489669166630199,-0.6546115579411759,0.7209176659414563
TR_baseline,2,brent,0.0,0.0,183,0.0,0.0,0.0,0.0
TR_baseline,2,vix,0.0,0.0,183,0.0,0.0,0.0,0.0
TR_baseline,2,fedfunds,0.0,0.0,183,0.0,0.0,0.0,0.0
TR_baseline,2,activity,-0.17632573390610418,0.25227217782214534,183,-0.42719978985582935,0.074548322043621,-0.5912765405758067,0.2386250727635983
TR_baseline,2,price,-0.16399665424007137,0.13253411073239807,183,-0.29579624545209904,-0.032197063028043704,-0.38199586697304433,0.05400255849290159
TR_baseline,2,policy,1.6653917046228919,0.10651766464588834,183,1.5594643733146953,1.7713190359310884,1.490185737595702,1.8405976716500818
TR_baseline,2,fx,-0.17251644783208825,0.5086229403453776,183,-0.6783205404398731,0.33328764477569667,-1.0091267360099048,0.6640938403457282
TR_baseline,3,brent,0.0,0.0,182,0.0,0.0,0.0,0.0
TR_baseline,3,vix,0.0,0.0,182,0.0,0.0,0.0,0.0
TR_baseline,3,fedfunds,0.0,0.0,182,0.0,0.0,0.0,0.0
TR_baseline,3,activity,0.09631084707124393,0.27751377444380526,182,-0.17966491362369164,0.3722866077661795,-0.36015869135164186,0.5527803854941298
TR_baseline,3,price,-0.12860302561128256,0.11376821447322095,182,-0.2417407233528751,-0.015465327869690015,-0.315735085819353,0.05852903459678788
TR_baseline,3,policy,1.7512214699355464,0.16503150465253869,182,1.5871045891558622,1.9153383507152306,1.4797688009465595,2.0226741389245335
TR_baseline,3,fx,-0.19405307030539404,0.5847864472568659,182,-0.775598562774209,0.387492422163421,-1.1559411790679155,0.7678350384571275
TR_baseline,4,brent,0.0,0.0,181,0.0,0.0,0.0,0.0
TR_baseline,4,vix,0.0,0.0,181,0.0,0.0,0.0,0.0
TR_baseline,4,fedfunds,0.0,0.0,181,0.0,0.0,0.0,0.0
TR_baseline,4,activity,-0.1197470633231274,0.2899971621461892,181,-0.4081370273278624,0.1686429006816076,-0.5967499472849208,0.357255820638666
TR_baseline,4,price,-0.015675644538967762,0.12490988083872215,181,-0.13989326022982596,0.10854197115189042,-0.22113411507861608,0.18978282600068053
TR_baseline,4,policy,1.7446428058391705,0.2171177943443215,181,1.5287283036683461,1.960557308009995,1.3875158143362096,2.1017697973421314
TR_baseline,4,fx,-0.531296779403615,0.659735221948675,181,-1.187375671701611,0.12478211289438124,-1.6164646520535273,0.5538710932462974
TR_baseline,5,brent,0.0,0.0,180,0.0,0.0,0.0,0.0
TR_baseline,5,vix,0.0,0.0,180,0.0,0.0,0.0,0.0
TR_baseline,5,fedfunds,0.0,0.0,180,0.0,0.0,0.0,0.0
TR_baseline,5,activity,0.31623411825646924,0.40472666078217207,180,-0.08624950010352156,0.7187177366164601,-0.34948199765504456,0.9819502341679831
TR_baseline,5,price,-0.012524764551893382,0.11525017784747439,180,-0.12713621245364037,0.10208668334985362,-0.20209443759111384,0.17704490848732707
TR_baseline,5,policy,1.840516052532812,0.2959769153605086,180,1.5461794758044483,2.1348526292611756,1.3536773498081707,2.327354755257453
TR_baseline,5,fx,-0.8424034245745671,0.6561824888528336,180,-1.4949492734384635,-0.18985757571067052,-1.9217275713061943,0.23692072215706017
TR_baseline,6,brent,0.0,0.0,179,0.0,0.0,0.0,0.0
TR_baseline,6,vix,0.0,0.0,179,0.0,0.0,0.0,0.0
TR_baseline,6,fedfunds,0.0,0.0,179,0.0,0.0,0.0,0.0
TR_baseline,6,activity,0.14619523813832297,0.3279962290657587,179,-0.17998319751919284,0.4723736737958388,-0.39331054886689604,0.685701025143542
TR_baseline,6,price,-0.003226156481066058,0.08134225843555518,179,-0.08411760662038897,0.07766529365825686,-0.13702226529321296,0.13056995233108085
TR_baseline,6,policy,1.7021534303670551,0.372065943269207,179,1.3321495200091193,2.072157340724991,1.0901594141155795,2.314147446618531
TR_baseline,6,fx,-1.0685604793863026,0.636044487220067,179,-1.7010799337744036,-0.43604102499820163,-2.114760561092719,-0.02236039767988629
TR_baseline,7,brent,0.0,0.0,178,0.0,0.0,0.0,0.0
TR_baseline,7,vix,0.0,0.0,178,0.0,0.0,0.0,0.0
TR_baseline,7,fedfunds,0.0,0.0,178,0.0,0.0,0.0,0.0
TR_baseline,7,activity,0.19798669961047036,0.26363830706186164,178,-0.06419049316327155,0.4601638923842123,-0.23565972596357862,0.6316331251845193
TR_baseline,7,price,-0.07102642931072924,0.07851717943694747,178,-0.1491084573691964,0.007055598747737923,-0.20017569668559182,0.058122838064133334
TR_baseline,7,policy,1.6254026497441316,0.43909472785066017,178,1.1887414361572013,2.062063863331062,0.9031560940637037,2.3476492054245597
TR_baseline,7,fx,-1.169451305994057,0.6575649176193157,178,-1.8233719220427576,-0.5155306899453564,-2.2510493456962344,-0.08785326629187962
TR_baseline,8,brent,0.0,0.0,177,0.0,0.0,0.0,0.0
TR_baseline,8,vix,0.0,0.0,177,0.0,0.0,0.0,0.0
TR_baseline,8,fedfunds,0.0,0.0,177,0.0,0.0,0.0,0.0
TR_baseline,8,activity,0.7917202574845815,0.603554834252942,177,0.19151039461238728,1.3919301203567758,-0.2010391007004646,1.7844796156696277
TR_baseline,8,price,-0.05106704685493074,0.10390415343610894,177,-0.15439535133770507,0.05226125762784359,-0.22197417048963677,0.11984007677977529
TR_baseline,8,policy,1.4615024937269643,0.5226139816656336,177,0.9417848997839374,1.9812200876699912,0.6018789904886969,2.3211259969652316
TR_baseline,8,fx,-1.1954334296083162,0.5826900840679199,177,-1.774894177177813,-0.6159726820388193,-2.1538733277760924,-0.23699353144054003
TR_baseline,9,brent,0.0,0.0,176,0.0,0.0,0.0,0.0
TR_baseline,9,vix,0.0,0.0,176,0.0,0.0,0.0,0.0
TR_baseline,9,fedfunds,0.0,0.0,176,0.0,0.0,0.0,0.0
TR_baseline,9,activity,0.16191396457148818,0.36087646999182554,176,-0.19696248587679074,0.5207904150197671,-0.43167500597601005,0.7555029351189865
TR_baseline,9,price,0.037894777177404644,0.13147933558296576,176,-0.09285588457225633,0.1686454389270656,-0.17836948482540632,0.2541590391802156
TR_baseline,9,policy,1.301478548352596,0.5318449286885392,176,0.772581166373149,1.8303759303320428,0.42667148842350533,2.1762856082816864
TR_baseline,9,fx,-1.2986016523621795,0.6060613395669147,176,-1.9013041292031612,-0.695899175521198,-2.295483844903887,-0.3017194598204723
TR_baseline,10,brent,0.0,0.0,175,0.0,0.0,0.0,0.0
TR_baseline,10,vix,0.0,0.0,175,0.0,0.0,0.0,0.0
TR_baseline,10,fedfunds,0.0,0.0,175,0.0,0.0,0.0,0.0
TR_baseline,10,activity,0.23247076500715097,0.27509129391045395,175,-0.04109594082447121,0.5060374708387732,-0.2200141475242326,0.6849556775385346
TR_baseline,10,price,0.04389023661197957,0.08039036951208609,175,-0.03605460008345946,0.12383507330741861,-0.08834015425194425,0.1761206274759034
TR_baseline,10,policy,1.062062469738982,0.5411666755136557,175,0.5238950031440124,1.6002299363339516,0.1719225007350751,1.952202438742889
TR_baseline,10,fx,-1.3076484605607883,0.6732303466995365,175,-1.9771476860521777,-0.6381492350693988,-2.415013838103318,-0.2002830830182587
TR_baseline,11,brent,0.0,0.0,174,0.0,0.0,0.0,0.0
TR_baseline,11,vix,0.0,0.0,174,0.0,0.0,0.0,0.0
TR_baseline,11,fedfunds,0.0,0.0,174,0.0,0.0,0.0,0.0
TR_baseline,11,activity,0.032780122407844205,0.357313361917222,174,-0.32255296712691695,0.3881132119426054,-0.5549480568999223,0.6205083017156108
TR_baseline,11,price,0.07090627222615974,0.0996749307252022,174,-0.02821624839190366,0.17002879284422312,-0.0930443990933258,0.2348569435456453
TR_baseline,11,policy,0.8746363950125007,0.5030199716231788,174,0.37440421881988406,1.3748685712051172,0.0472421702590885,1.702030619765913
TR_baseline,11,fx,-1.0213305213378296,0.5999519464544596,174,-1.6179574640365029,-0.4247035786391564,-2.008163656460043,-0.03449738621561649
TR_baseline,12,brent,0.0,0.0,173,0.0,0.0,0.0,0.0
TR_baseline,12,vix,0.0,0.0,173,0.0,0.0,0.0,0.0
TR_baseline,12,fedfunds,0.0,0.0,173,0.0,0.0,0.0,0.0
TR_baseline,12,activity,0.03928972050454994,0.2854494927075704,173,-0.24457777777671852,0.3231572187858184,-0.43023291288695503,0.508812353896055
TR_baseline,12,price,0.0727350915873203,0.06261825455296827,173,0.010463874714285976,0.13500630846035463,-0.030262771527500065,0.17573295470214068
TR_baseline,12,policy,0.6494868233469,0.45403838566925264,173,0.19796477143828134,1.1010088752555187,-0.09733986209636147,1.3963135087901615
TR_baseline,12,fx,-0.9605290445803342,0.5515979961291694,173,-1.5090700201936897,-0.4119880689669786,-1.8678270091325624,-0.05323108002810595
TR_baseline,13,brent,0.0,0.0,172,0.0,0.0,0.0,0.0
TR_baseline,13,vix,0.0,0.0,172,0.0,0.0,0.0,0.0
TR_baseline,13,fedfunds,0.0,0.0,172,0.0,0.0,0.0,0.0
TR_baseline,13,activity,-0.08165010765402156,0.31550060123126183,172,-0.3954021677058668,0.23210195239782364,-0.6006024158946327,0.43730220058658953
TR_baseline,13,price,0.06119120712591788,0.09812372667274462,172,-0.03638870639371216,0.1587711206455479,-0.100207960581741,0.22259037483357677
TR_baseline,13,policy,0.5012599907999562,0.3930323440868952,172,0.11040587786633493,0.8921141037335775,-0.14522068588061232,1.1477406674805248
TR_baseline,13,fx,-0.5867563161503214,0.420254684155194,172,-1.0046818997642792,-0.16883073253636366,-1.2780137576263377,0.10450112532569478
TR_baseline,14,brent,0.0,0.0,171,0.0,0.0,0.0,0.0
TR_baseline,14,vix,0.0,0.0,171,0.0,0.0,0.0,0.0
TR_baseline,14,fedfunds,0.0,0.0,171,0.0,0.0,0.0,0.0
TR_baseline,14,activity,-0.30689411746762973,0.29909442233959643,171,-0.6043309235873089,-0.009457311347950637,-0.7988606628538704,0.18507242791861084
TR_baseline,14,price,0.18458429409350585,0.1350617693567254,171,0.05027105283645278,0.3188975353505589,-0.0375725470953871,0.4067411352823988
TR_baseline,14,policy,0.30760028654799326,0.34321897335884366,171,-0.03371652717586715,0.6489171002718537,-0.2569446866198614,0.8721452597158479
TR_baseline,14,fx,-0.2908821972640152,0.39532773002483784,171,-0.6840189748386323,0.10225458031060192,-0.941138447829862,0.3593740533018316
TR_baseline,15,brent,0.0,0.0,170,0.0,0.0,0.0,0.0
TR_baseline,15,vix,0.0,0.0,170,0.0,0.0,0.0,0.0
TR_baseline,15,fedfunds,0.0,0.0,170,0.0,0.0,0.0,0.0
TR_baseline,15,activity,-0.38739821335876334,0.4565905117189933,170,-0.8414582471364915,0.06666182041896485,-1.138422772591378,0.36362634587385134
TR_baseline,15,price,0.03197186499399417,0.10965583306953307,170,-0.07707624264193577,0.1410199726299241,-0.14839592974681248,0.2123396597348008
TR_baseline,15,policy,0.09655814067861132,0.2459789743024362,170,-0.14805758942029573,0.3411738707775184,-0.3080412673565538,0.5011575487137764
TR_baseline,15,fx,-0.030852728529791935,0.37478988164323773,170,-0.40356548087716015,0.3418600238175763,-0.6473272246953844,0.5856217676358005
TR_baseline,16,brent,0.0,0.0,169,0.0,0.0,0.0,0.0
TR_baseline,16,vix,0.0,0.0,169,0.0,0.0,0.0,0.0
TR_baseline,16,fedfunds,0.0,0.0,169,0.0,0.0,0.0,0.0
TR_baseline,16,activity,-0.42490234228982604,0.546523935052975,169,-0.9683973778660724,0.1185926932864203,-1.3238542190775027,0.4740495344978506
TR_baseline,16,price,0.17545675045337744,0.08985942395789749,169,0.08609533791775889,0.26481816298899596,0.02765115104045976,0.3232623498662951
TR_baseline,16,policy,-0.1223895998478235,0.19661535127983315,169,-0.31791528588810847,0.07313608619246148,-0.4457930735147948,0.20101387381914781
TR_baseline,16,fx,0.6830644197470092,0.645010727204047,169,0.04162841732408884,1.3245004221699295,-0.377883814317174,1.7440126538111924
TR_baseline,17,brent,0.0,0.0,168,0.0,0.0,0.0,0.0
TR_baseline,17,vix,0.0,0.0,168,0.0,0.0,0.0,0.0
TR_baseline,17,fedfunds,0.0,0.0,168,0.0,0.0,0.0,0.0
TR_baseline,17,activity,-0.38895184376331016,0.3989182346254365,168,-0.7856592269426935,0.007755539416073209,-1.0451139488440377,0.2672102613174173
TR_baseline,17,price,0.1457478666031569,0.1488271434782186,168,-0.0022544594643466587,0.29375019267066044,-0.09905100013581808,0.39054673334213186
TR_baseline,17,policy,-0.25241941641339105,0.19024091230611087,168,-0.4416059913652184,-0.06323284146156369,-0.5653378710146544,0.060499038187872334
TR_baseline,17,fx,0.46199177279936315,0.581120011834072,168,-0.11590760405997497,1.0398911496587013,-0.4938655863599925,1.4178491319587188
TR_baseline,18,brent,0.0,0.0,167,0.0,0.0,0.0,0.0
TR_baseline,18,vix,0.0,0.0,167,0.0,0.0,0.0,0.0
TR_baseline,18,fedfunds,0.0,0.0,167,0.0,0.0,0.0,0.0
TR_baseline,18,activity,-0.12495467885813345,0.37533812300027986,167,-0.49821263414491385,0.24830327642864697,-0.7423309518083016,0.4924215940920346
TR_baseline,18,price,0.02184096349520041,0.03841475576926022,167,-0.016360893211117774,0.06004282020151859,-0.04134568686032224,0.08502761385072306
TR_baseline,18,policy,-0.5462120564456844,0.18946376472760484,167,-0.734625790861649,-0.35779832202971973,-0.8578522170337656,-0.23457189585760319
TR_baseline,18,fx,0.20487523171820135,0.5723632112982785,167,-0.3643158758166216,0.7740663392530243,-0.7365784723193638,1.1463289357557664
TR_baseline,19,brent,0.0,0.0,166,0.0,0.0,0.0,0.0
TR_baseline,19,vix,0.0,0.0,166,0.0,0.0,0.0,0.0
TR_baseline,19,fedfunds,0.0,0.0,166,0.0,0.0,0.0,0.0
TR_baseline,19,activity,-0.9939550682626507,0.6098047806251953,166,-1.6003802395743705,-0.3875298969509309,-1.9969946734063497,0.009084536881048488
TR_baseline,19,price,-0.07185129435432654,0.05039245498927842,166,-0.12196446847270714,-0.021738120235945936,-0.15473950671442993,0.011036918005776872
TR_baseline,19,policy,-0.5375195298193933,0.18452922698698904,166,-0.7210260742792065,-0.3540129853595801,-0.8410430981074937,-0.23399596153129298
TR_baseline,19,fx,-0.0806276984137722,0.5116690200471803,166,-0.5894609889939,0.4282055921663556,-0.922248341837082,0.7609929450095377
TR_baseline,20,brent,0.0,0.0,165,0.0,0.0,0.0,0.0
TR_baseline,20,vix,0.0,0.0,165,0.0,0.0,0.0,0.0
TR_baseline,20,fedfunds,0.0,0.0,165,0.0,0.0,0.0,0.0
TR_baseline,20,activity,-0.5056147592922827,0.5412622716443429,165,-1.0438772922130186,0.03264777362845317,-1.395911969938473,0.38468245135390766
TR_baseline,20,price,-0.18149216889316205,0.09635463508284751,165,-0.27731279533509884,-0.08567154245122527,-0.3399814398827693,-0.02300289790355478
TR_baseline,20,policy,-0.7868794052082871,0.18518545832270195,165,-0.9710385440931093,-0.602720266323465,-1.0914823779890541,-0.4822764324275202
TR_baseline,20,fx,-0.2570683296583387,0.5405293066520714,165,-0.7946019597643934,0.280465300447716,-1.1461599201785628,0.6320232608618854
TR_baseline,21,brent,0.0,0.0,164,0.0,0.0,0.0,0.0
TR_baseline,21,vix,0.0,0.0,164,0.0,0.0,0.0,0.0
TR_baseline,21,fedfunds,0.0,0.0,164,0.0,0.0,0.0,0.0
TR_baseline,21,activity,-0.08625953316745777,0.4845100754564937,164,-0.5680843971997205,0.3955653308648049,-0.8832076880766029,0.7106886217416872
TR_baseline,21,price,-0.10253716948473786,0.12910298970806153,164,-0.2309246553458673,0.02585031637639161,-0.3148926903563214,0.10981835138684569
TR_baseline,21,policy,-0.9543507522913649,0.2349615386688089,164,-1.1880101066716553,-0.7206913979110745,-1.3408280913648538,-0.567873413217876
TR_baseline,21,fx,-0.2715928062353095,0.5965923572934185,164,-0.8648787790084393,0.3216931665378204,-1.2528999089409174,0.7097142964702985
TR_baseline,22,brent,0.0,0.0,163,0.0,0.0,0.0,0.0
TR_baseline,22,vix,0.0,0.0,163,0.0,0.0,0.0,0.0
TR_baseline,22,fedfunds,0.0,0.0,163,0.0,0.0,0.0,0.0
TR_baseline,22,activity,-0.6433810298145267,0.33483503800543674,163,-0.9763603729338707,-0.31040168669518275,-1.1941356565082033,-0.09262640312085013
TR_baseline,22,price,-0.006398965604711786,0.0781797923102119,163,-0.08414547637530327,0.0713475451658797,-0.13499328054047663,0.12219534933105305
TR_baseline,22,policy,-1.1132505005808229,0.3182594934662488,163,-1.429746162764677,-0.7967548383969687,-1.6367407827205205,-0.5897602184411253
TR_baseline,22,fx,0.01935542095155405,0.6731604302974591,163,-0.6500742756226239,0.688785117525732,-1.087894954343435,1.1266057962465432
TR_baseline,23,brent,0.0,0.0,162,0.0,0.0,0.0,0.0
TR_baseline,23,vix,0.0,0.0,162,0.0,0.0,0.0,0.0
TR_baseline,23,fedfunds,0.0,0.0,162,0.0,0.0,0.0,0.0
TR_baseline,23,activity,-1.1477478470801497,0.5064923575707022,162,-1.6514331648518277,-0.6440625293084715,-1.980853638453521,-0.3146420557067783
TR_baseline,23,price,-0.13818437492597382,0.06773877880843587,162,-0.20554773751102468,-0.07082101234092297,-0.24960475093429307,-0.026763998917654575
TR_baseline,23,policy,-1.1822223745821845,0.3872162081002724,162,-1.5672925852340889,-0.7971521639302802,-1.8191363588903133,-0.5453083902740555
TR_baseline,23,fx,-0.2888519771868049,0.5738508223275016,162,-0.8595224512367885,0.2818184968631787,-1.2327525836212807,0.6550486292476709
TR_baseline,24,brent,0.0,0.0,161,0.0,0.0,0.0,0.0
TR_baseline,24,vix,0.0,0.0,161,0.0,0.0,0.0,0.0
TR_baseline,24,fedfunds,0.0,0.0,161,0.0,0.0,0.0,0.0
TR_baseline,24,activity,-0.6027296242238573,0.2994444026589545,161,-0.9005144710310904,-0.30494477741662435,-1.0952718360077556,-0.11018741243995905
TR_baseline,24,price,-0.04365740564042009,0.08145396704481914,161,-0.12465994528684794,0.037345134006007766,-0.1776372587636765,0.09032244748283633
TR_baseline,24,policy,-1.3782832838860861,0.444403777947729,161,-1.820224124194402,-0.9363424435777702,-2.1092624498743446,-0.6473041178978275
TR_baseline,24,fx,-0.6910320489670682,0.5404067880756107,161,-1.2284438395089219,-0.15362025842521443,-1.5799221143624318,0.1978580164282956
TR_baseline,25,brent,0.0,0.0,160,0.0,0.0,0.0,0.0
TR_baseline,25,vix,0.0,0.0,160,0.0,0.0,0.0,0.0
TR_baseline,25,fedfunds,0.0,0.0,160,0.0,0.0,0.0,0.0
TR_baseline,25,activity,-0.8309155686932873,0.24025351805290981,160,-1.0698375736898802,-0.5919935636966943,-1.2260974392504669,-0.43573369813610763
TR_baseline,25,price,-0.23022087288016488,0.0727487462140173,160,-0.3025664370463201,-0.15787530871400968,-0.3498819119464634,-0.11055983381386635
TR_baseline,25,policy,-1.4854065835062042,0.4784438250409595,160,-1.9611988169912145,-1.009614350021194,-2.272376644417362,-0.6984365225950465
TR_baseline,25,fx,-1.218648471278427,0.42131292684872423,160,-1.6376264326813148,-0.7996705098755389,-1.9116465670870912,-0.5256503754697627
TR_baseline,26,brent,0.0,0.0,159,0.0,0.0,0.0,0.0
TR_baseline,26,vix,0.0,0.0,159,0.0,0.0,0.0,0.0
TR_baseline,26,fedfunds,0.0,0.0,159,0.0,0.0,0.0,0.0
TR_baseline,26,activity,-0.6132775942974296,0.2578726269930915,159,-0.8697210610747177,-0.3568341275201415,-1.0374403200985203,-0.18911486849633896
TR_baseline,26,price,-0.19348426822544423,0.12844254910295794,159,-0.3212149737204366,-0.06575356273045185,-0.4047534609723371,0.01778492452144867
TR_baseline,26,policy,-1.5307829377537947,0.4970472015576923,159,-2.025075445670189,-1.0364904298374005,-2.348352830002044,-0.7132130455055452
TR_baseline,26,fx,-1.5424340567927224,0.35198608967727213,159,-1.892469398452461,-1.1923987151329838,-2.1213996530348496,-0.9634684605505952
TR_baseline,27,brent,0.0,0.0,158,0.0,0.0,0.0,0.0
TR_baseline,27,vix,0.0,0.0,158,0.0,0.0,0.0,0.0
TR_baseline,27,fedfunds,0.0,0.0,158,0.0,0.0,0.0,0.0
TR_baseline,27,activity,-0.9332651792782947,0.3131977847708857,158,-1.2447271853475337,-0.6218031732090556,-1.4484296915118526,-0.4181006670447368
TR_baseline,27,price,-0.19713874298314596,0.08867264591006835,158,-0.28531995473348054,-0.10895753123281139,-0.34299226621970547,-0.051285219746586425
TR_baseline,27,policy,-1.4770050852508065,0.5009922594113595,158,-1.9752207870494987,-0.9787893834521143,-2.301064020218194,-0.6529461502834192
TR_baseline,27,fx,-1.6324407963109724,0.4207334415750884,158,-2.0508424840152895,-1.2140391086066555,-2.3244857236655316,-0.940395868956413
TR_baseline,28,brent,0.0,0.0,157,0.0,0.0,0.0,0.0
TR_baseline,28,vix,0.0,0.0,157,0.0,0.0,0.0,0.0
TR_baseline,28,fedfunds,0.0,0.0,157,0.0,0.0,0.0,0.0
TR_baseline,28,activity,-0.5485634027482295,0.30836806347989837,157,-0.8552224544059401,-0.24190435109051883,-1.055783730399142,-0.04134307509731683
TR_baseline,28,price,-0.2868364913109345,0.2614063775670894,157,-0.5467941242038319,-0.02687885841803722,-0.7168117195604073,0.14313873693853835
TR_baseline,28,policy,-1.3822955275913567,0.4873693030486909,157,-1.8669637730425706,-0.8976272821401426,-2.183946693375807,-0.5806443618069063
TR_baseline,28,fx,-2.3457407605357083,0.49863415699391533,157,-2.8416114287959573,-1.8498700922754594,-3.1659209621890394,-1.525560558882377
TR_baseline,29,brent,0.0,0.0,156,0.0,0.0,0.0,0.0
TR_baseline,29,vix,0.0,0.0,156,0.0,0.0,0.0,0.0
TR_baseline,29,fedfunds,0.0,0.0,156,0.0,0.0,0.0,0.0
TR_baseline,29,activity,-0.1459679359380819,0.3020485837433062,156,-0.44634253115395417,0.15440665927779032,-0.6427936444238145,0.3508577725476507
TR_baseline,29,price,-0.12625569617500929,0.16521819088726084,156,-0.2905582285524997,0.038046836202481116,-0.39801543669428086,0.1455040443442623
TR_baseline,29,policy,-1.3118417961116116,0.508061284429449,156,-1.8170873455661498,-0.8065962466570732,-2.147528242519014,-0.47615534970420903
TR_baseline,29,fx,-2.2531246911310245,0.46675007743705427,156,-2.717287985127066,-1.7889613971349831,-3.0208602488832437,-1.4853891333788054
TR_baseline,30,brent,0.0,0.0,155,0.0,0.0,0.0,0.0
TR_baseline,30,vix,0.0,0.0,155,0.0,0.0,0.0,0.0
TR_baseline,30,fedfunds,0.0,0.0,155,0.0,0.0,0.0,0.0
TR_baseline,30,activity,-0.27411097153078434,0.38729632828824645,155,-0.6592608583352237,0.111038915273655,-0.9111567418206945,0.3629347987591258
TR_baseline,30,price,-0.09827050447374917,0.07439733729470446,155,-0.17225552303628303,-0.02428548591121532,-0.22064323455847581,0.024102225610977468
TR_baseline,30,policy,-0.9626656493301792,0.4682645324461251,155,-1.4283350050487575,-0.4969962936116007,-1.7328922638969233,-0.19243903476343505
TR_baseline,30,fx,-2.09984673978673,0.4810613264456821,155,-2.5782419681779793,-1.6214515113954806,-2.891122207376996,-1.3085712721964637
TR_baseline,31,brent,0.0,0.0,154,0.0,0.0,0.0,0.0
TR_baseline,31,vix,0.0,0.0,154,0.0,0.0,0.0,0.0
TR_baseline,31,fedfunds,0.0,0.0,154,0.0,0.0,0.0,0.0
TR_baseline,31,activity,0.16254048529224122,0.4177409444765033,154,-0.2528852900819054,0.5779662606663878,-0.5245822223560687,0.849663192940551
TR_baseline,31,price,-0.07029231832207045,0.1361636352827339,154,-0.2057013188354829,0.065116682191342,-0.2942615676757727,0.15367693103163182
TR_baseline,31,policy,-0.9092367836752385,0.5075744901008313,154,-1.4139982366721813,-0.4044753306782958,-1.7441225246656349,-0.07435104268484205
TR_baseline,31,fx,-2.2774641848954387,0.6090194471546043,154,-2.8831083751463806,-1.6718199946444965,-3.27921203143167,-1.2757163383592074
TR_baseline,32,brent,0.0,0.0,153,0.0,0.0,0.0,0.0
TR_baseline,32,vix,0.0,0.0,153,0.0,0.0,0.0,0.0
TR_baseline,32,fedfunds,0.0,0.0,153,0.0,0.0,0.0,0.0
TR_baseline,32,activity,-0.22429350639432885,0.3970749405002748,153,-0.619167811199871,0.17058079841121324,-0.8774236624477458,0.4288366496590881
TR_baseline,32,price,-0.1452091834582082,0.11475981244954045,153,-0.25933298362432655,-0.031085383292089902,-0.3339722771941055,0.043553910277689095
TR_baseline,32,policy,-0.5836454071505138,0.42556416965785565,153,-1.0068510504783814,-0.1604397638226463,-1.2836361751128291,0.11634536081180158
TR_baseline,32,fx,-2.185394650729321,0.8639522166633863,153,-3.0445587433067667,-1.3262305581518756,-3.6064695878208557,-0.7643197136377864
TR_baseline,33,brent,0.0,0.0,152,0.0,0.0,0.0,0.0
TR_baseline,33,vix,0.0,0.0,152,0.0,0.0,0.0,0.0
TR_baseline,33,fedfunds,0.0,0.0,152,0.0,0.0,0.0,0.0
TR_baseline,33,activity,0.3062910264154868,0.26945404349029034,152,0.0383303287038238,0.5742517241271498,-0.13692143431625697,0.7495034871472306
TR_baseline,33,price,0.1892271876192029,0.11863960339012324,152,0.07124509876701626,0.3072092764713895,-0.005917594317125463,0.38437196955553127
TR_baseline,33,policy,-0.6304804890736063,0.41494210298937506,152,-1.0431229344670236,-0.2178380436801889,-1.312999512150551,0.052038534003338466
TR_baseline,33,fx,-1.3314342865827458,1.0199629909313812,152,-2.345744523496656,-0.31712404966883545,-3.0091241115724996,0.34625553840700785
TR_baseline,34,brent,0.0,0.0,151,0.0,0.0,0.0,0.0
TR_baseline,34,vix,0.0,0.0,151,0.0,0.0,0.0,0.0
TR_baseline,34,fedfunds,0.0,0.0,151,0.0,0.0,0.0,0.0
TR_baseline,34,activity,-0.012493854629208651,0.3009800706151455,151,-0.31180585854146836,0.28681814928305105,-0.5075620154206408,0.4825743061622235
TR_baseline,34,price,0.12106713964004033,0.11548185372824758,151,0.006225299832308864,0.23590897944777178,-0.06888360631194708,0.31101788559202775
TR_baseline,34,policy,-0.264249431726678,0.3302518292262112,151,-0.592670966745125,0.06417210329176903,-0.8074653508367695,0.2789664873834136
TR_baseline,34,fx,-1.1477837852431432,0.9202243439149281,151,-2.062908138370867,-0.2326594321154195,-2.6614181349406514,0.36585056445436503
TR_baseline,35,brent,0.0,0.0,150,0.0,0.0,0.0,0.0
TR_baseline,35,vix,0.0,0.0,150,0.0,0.0,0.0,0.0
TR_baseline,35,fedfunds,0.0,0.0,150,0.0,0.0,0.0,0.0
TR_baseline,35,activity,0.45693994305129665,0.47598160569054687,150,-0.016403716990504136,0.9302836030930974,-0.32598012743098476,1.239860013533578
TR_baseline,35,price,0.31121464700130463,0.18164184509520112,150,0.130579482225617,0.4918498117769923,0.012440399290305604,0.6099888947123037
TR_baseline,35,policy,-0.48722976066819146,0.39865339103703124,150,-0.8836737680532676,-0.09078575328311528,-1.1429562368119557,0.16849671547557277
TR_baseline,35,fx,-1.0477489027252345,1.5617186884231484,150,-2.600812363783631,0.5053145583331622,-3.616547551655946,1.521049746205477
TR_baseline,36,brent,0.0,0.0,149,0.0,0.0,0.0,0.0
TR_baseline,36,vix,0.0,0.0,149,0.0,0.0,0.0,0.0
TR_baseline,36,fedfunds,0.0,0.0,149,0.0,0.0,0.0,0.0
TR_baseline,36,activity,-0.05215200225186505,0.5237118149944779,149,-0.5729613452032116,0.46865734069948156,-0.9135812806228704,0.8092772761191404
TR_baseline,36,price,0.44700637894764317,0.22840720978540435,149,0.21986502859460386,0.6741477293006825,0.0713099515102551,0.8227028063850312
TR_baseline,36,policy,-0.1454176000046488,0.3243601463396808,149,-0.46798010453121364,0.17714490452191603,-0.6789425631499829,0.3881073631406854
TR_baseline,36,fx,0.0003408723293697947,0.9730388561274744,149,-0.9673052888159983,0.9679870334747378,-1.600165619336618,1.6008473639953578
TR_regime_3_LP,0,activity,-7.840390718300687e-16,3.4333841879328e-14,37,-3.492759878960497e-14,3.335952064594484e-14,-5.725818341422107e-14,5.569010527056093e-14
TR_regime_3_LP,0,price,-7.715581263649683e-17,2.5573051266835166e-15,37,-2.620288055639637e-15,2.4659764303666434e-15,-4.2835484254834726e-15,4.129236800210479e-15
TR_regime_3_LP,0,policy,1.0,0.28620958547268976,37,0.715376621476488,1.284623378523512,0.5292271252669689,1.470772874733031
TR_regime_3_LP,0,fx,1.10723706563202,0.3488952238865292,37,0.7602754598238293,1.4541986714402109,0.5333554911962166,1.6811186400678235
TR_regime_3_LP,1,activity,1.6528340245610387,0.5363482657051658,36,1.119458263584657,2.1862097855374203,0.770619634406765,2.5350484147153125
TR_regime_3_LP,1,price,0.34925806925008973,0.18400314972497306,36,0.16627468647066568,0.5322414520295138,0.04659982105447308,0.6519163174457063
TR_regime_3_LP,1,policy,0.28838518001912583,0.6761306899323221,36,-0.3839983146641214,0.960768674702373,-0.8237508376092552,1.4005211976475067
TR_regime_3_LP,1,fx,1.4525066567353322,0.29000507121154,36,1.1641088274982103,1.740904485972454,0.9754907635187107,1.9295225499519537
TR_regime_3_LP,2,activity,0.49389130197839265,0.6420743280720991,35,-0.14462457517951183,1.132407179136297,-0.562226985323429,1.5500095892802142
TR_regime_3_LP,2,price,-0.24533920231670492,0.15819291696686624,35,-0.402655395662351,-0.08802300897105883,-0.5055433955476879,0.014864990914278065
TR_regime_3_LP,2,policy,0.09950967096011246,0.6691548007269855,35,-0.56593659571049,0.7649559376307149,-1.0011520300076593,1.2001713719278841
TR_regime_3_LP,2,fx,1.2817071811518224,0.3336054757844231,35,0.9499505858760623,1.6134637764275825,0.7329750043369425,1.8304393579667022
TR_regime_3_LP,3,activity,0.7633057035341307,0.5241407961948441,34,0.24206975684633125,1.2845416502219302,-0.09882918612019087,1.6254405931884524
TR_regime_3_LP,3,price,-0.13487980317246798,0.14312264675344222,34,-0.2772092475022734,0.0074496411573374555,-0.3702956077837617,0.10053600143882577
TR_regime_3_LP,3,policy,-0.9754799353153316,0.48265427512924525,34,-1.4554592840824987,-0.4955005865481644,-1.7693755703253042,-0.181584300305359
TR_regime_3_LP,3,fx,0.8854043852027655,0.40422127688772785,34,0.48342334984065205,1.287385420564879,0.22051955182303118,1.5502892185825
TR_regime_3_LP,4,activity,-0.3081578881521539,0.39799513263342134,33,-0.7039472852785711,0.08763150897426336,-0.9628016255732692,0.34648584926896137
TR_regime_3_LP,4,price,-0.16820185402398283,0.11706037474314918,33,-0.28461346649879543,-0.05179024154917021,-0.36074903599255026,0.024345327944584577
TR_regime_3_LP,4,policy,-1.2407202081720867,0.36632740905993527,33,-1.6050173879475436,-0.87642302839663,-1.8432751756160568,-0.6381652407281166
TR_regime_3_LP,4,fx,1.1897456320367659,0.42270434051356864,33,0.7693839683460675,1.6101072957274642,0.4944588644148924,1.8850323996586393
TR_regime_3_LP,5,activity,-0.5035961087967034,0.6098510351177953,32,-1.110067278253223,0.10287506065981633,-1.5067117958103184,0.49951957821691173
TR_regime_3_LP,5,price,0.0494171273329701,0.15311775093272578,32,-0.10285202714142663,0.20168628180736684,-0.20243916063937606,0.30127341530531626
TR_regime_3_LP,5,policy,-0.8810463059884502,0.6114016895971638,32,-1.4890595360161125,-0.27303307596078796,-1.886712592646603,0.1246199806697027
TR_regime_3_LP,5,fx,0.7228000056995241,0.5856351775671096,32,0.14041048668296818,1.3051895247160799,-0.2404841401921054,1.6860841515911535
TR_regime_3_LP,6,activity,0.344147649746044,0.8266787431209793,31,-0.4779495432325446,1.1662448427246326,-1.015617879200183,1.7039131786922712
TR_regime_3_LP,6,price,0.01441175219378126,0.27586743605396347,31,-0.2599267943109453,0.2887502986985078,-0.4393498005573838,0.46817330494494636
TR_regime_3_LP,6,policy,-0.9366497506117084,0.349709915057392,31,-1.284421532477145,-0.5888779687462716,-1.5118713727747508,-0.361428128448666
TR_regime_3_LP,6,fx,1.22106264367744,0.6184336750570955,31,0.6060564002745324,1.8360688870803479,0.20382977023084847,2.2382955171240315
TR_regime_3_LP,7,activity,0.2994025597332369,0.8753339644388046,30,-0.5710802016441785,1.1698853211106521,-1.1403936864677418,1.7391988059342154
TR_regime_3_LP,7,price,-0.22891716224483302,0.1466748556422729,30,-0.37477912870694385,-0.08305519578272216,-0.4701758305306092,0.012341506040943112
TR_regime_3_LP,7,policy,-0.6707731144327401,0.7356713207844016,30,-1.4023672588381197,0.060821029972639384,-1.880844754669143,0.5392985258036626
TR_regime_3_LP,7,fx,1.2106339218784776,0.6839394380586686,30,0.5304849560629857,1.8907828876939696,0.085653656572525,2.3356141871844303
TR_regime_3_LP,8,activity,0.4845321700319485,0.9935456754624921,29,-0.5035071592606861,1.472571499324583,-1.1497050377944817,2.1187693778583787
TR_regime_3_LP,8,price,0.2431271309585979,0.20699238819015267,29,0.037281918758487104,0.4489723431587087,-0.09734504950732176,0.5835993114245175
TR_regime_3_LP,8,policy,-0.6911445536236305,0.4689130702456781,29,-1.157458852869534,-0.22483025437772702,-1.4624379179421845,0.08014881069492341
TR_regime_3_LP,8,fx,1.3809218818051754,0.7061321664354736,29,0.678703182305437,2.0831405813049138,0.2194378267366861,2.5424059368736645
TR_regime_3_LP,9,activity,,,0,,,,
TR_regime_3_LP,9,price,,,0,,,,
TR_regime_3_LP,9,policy,,,0,,,,
TR_regime_3_LP,9,fx,,,0,,,,
TR_regime_3_LP,10,activity,,,0,,,,
TR_regime_3_LP,10,price,,,0,,,,
TR_regime_3_LP,10,policy,,,0,,,,
TR_regime_3_LP,10,fx,,,0,,,,
TR_regime_3_LP,11,activity,,,0,,,,
TR_regime_3_LP,11,price,,,0,,,,
TR_regime_3_LP,11,policy,,,0,,,,
TR_regime_3_LP,11,fx,,,0,,,,
TR_regime_3_LP,12,activity,,,0,,,,
TR_regime_3_LP,12,price,,,0,,,,
TR_regime_3_LP,12,policy,,,0,,,,
TR_regime_3_LP,12,fx,,,0,,,,
TR_regime_3_LP,13,activity,,,0,,,,
TR_regime_3_LP,13,price,,,0,,,,
TR_regime_3_LP,13,policy,,,0,,,,
TR_regime_3_LP,13,fx,,,0,,,,
TR_regime_3_LP,14,activity,,,0,,,,
TR_regime_3_LP,14,price,,,0,,,,
TR_regime_3_LP,14,policy,,,0,,,,
TR_regime_3_LP,14,fx,,,0,,,,
TR_regime_3_LP,15,activity,,,0,,,,
TR_regime_3_LP,15,price,,,0,,,,
TR_regime_3_LP,15,policy,,,0,,,,
TR_regime_3_LP,15,fx,,,0,,,,
TR_regime_3_LP,16,activity,,,0,,,,
TR_regime_3_LP,16,price,,,0,,,,
TR_regime_3_LP,16,policy,,,0,,,,
TR_regime_3_LP,16,fx,,,0,,,,
TR_regime_3_LP,17,activity,,,0,,,,
TR_regime_3_LP,17,price,,,0,,,,
TR_regime_3_LP,17,policy,,,0,,,,
TR_regime_3_LP,17,fx,,,0,,,,
TR_regime_3_LP,18,activity,,,0,,,,
TR_regime_3_LP,18,price,,,0,,,,
TR_regime_3_LP,18,policy,,,0,,,,
TR_regime_3_LP,18,fx,,,0,,,,
TR_regime_3_LP,19,activity,,,0,,,,
TR_regime_3_LP,19,price,,,0,,,,
TR_regime_3_LP,19,policy,,,0,,,,
TR_regime_3_LP,19,fx,,,0,,,,
TR_regime_3_LP,20,activity,,,0,,,,
TR_regime_3_LP,20,price,,,0,,,,
TR_regime_3_LP,20,policy,,,0,,,,
TR_regime_3_LP,20,fx,,,0,,,,
TR_regime_3_LP,21,activity,,,0,,,,
TR_regime_3_LP,21,price,,,0,,,,
TR_regime_3_LP,21,policy,,,0,,,,
TR_regime_3_LP,21,fx,,,0,,,,
TR_regime_3_LP,22,activity,,,0,,,,
TR_regime_3_LP,22,price,,,0,,,,
TR_regime_3_LP,22,policy,,,0,,,,
TR_regime_3_LP,22,fx,,,0,,,,
TR_regime_3_LP,23,activity,,,0,,,,
TR_regime_3_LP,23,price,,,0,,,,
TR_regime_3_LP,23,policy,,,0,,,,
TR_regime_3_LP,23,fx,,,0,,,,
TR_regime_3_LP,24,activity,,,0,,,,
TR_regime_3_LP,24,price,,,0,,,,
TR_regime_3_LP,24,policy,,,0,,,,
TR_regime_3_LP,24,fx,,,0,,,,
TR_regime_3_LP,25,activity,,,0,,,,
TR_regime_3_LP,25,price,,,0,,,,
TR_regime_3_LP,25,policy,,,0,,,,
TR_regime_3_LP,25,fx,,,0,,,,
TR_regime_3_LP,26,activity,,,0,,,,
TR_regime_3_LP,26,price,,,0,,,,
TR_regime_3_LP,26,policy,,,0,,,,
TR_regime_3_LP,26,fx,,,0,,,,
TR_regime_3_LP,27,activity,,,0,,,,
TR_regime_3_LP,27,price,,,0,,,,
TR_regime_3_LP,27,policy,,,0,,,,
TR_regime_3_LP,27,fx,,,0,,,,
TR_regime_3_LP,28,activity,,,0,,,,
TR_regime_3_LP,28,price,,,0,,,,
TR_regime_3_LP,28,policy,,,0,,,,
TR_regime_3_LP,28,fx,,,0,,,,
TR_regime_3_LP,29,activity,,,0,,,,
TR_regime_3_LP,29,price,,,0,,,,
TR_regime_3_LP,29,policy,,,0,,,,
TR_regime_3_LP,29,fx,,,0,,,,
TR_regime_3_LP,30,activity,,,0,,,,
TR_regime_3_LP,30,price,,,0,,,,
TR_regime_3_LP,30,policy,,,0,,,,
TR_regime_3_LP,30,fx,,,0,,,,
TR_regime_3_LP,31,activity,,,0,,,,
TR_regime_3_LP,31,price,,,0,,,,
TR_regime_3_LP,31,policy,,,0,,,,
TR_regime_3_LP,31,fx,,,0,,,,
TR_regime_3_LP,32,activity,,,0,,,,
TR_regime_3_LP,32,price,,,0,,,,
TR_regime_3_LP,32,policy,,,0,,,,
TR_regime_3_LP,32,fx,,,0,,,,
TR_regime_3_LP,33,activity,,,0,,,,
TR_regime_3_LP,33,price,,,0,,,,
TR_regime_3_LP,33,policy,,,0,,,,
TR_regime_3_LP,33,fx,,,0,,,,
TR_regime_3_LP,34,activity,,,0,,,,
TR_regime_3_LP,34,price,,,0,,,,
TR_regime_3_LP,34,policy,,,0,,,,
TR_regime_3_LP,34,fx,,,0,,,,
TR_regime_3_LP,35,activity,,,0,,,,
TR_regime_3_LP,35,price,,,0,,,,
TR_regime_3_LP,35,policy,,,0,,,,
TR_regime_3_LP,35,fx,,,0,,,,
TR_regime_3_LP,36,activity,,,0,,,,
TR_regime_3_LP,36,price,,,0,,,,
TR_regime_3_LP,36,policy,,,0,,,,
TR_regime_3_LP,36,fx,,,0,,,,
TR_announced,0,brent,0.0,0.0,245,0.0,0.0,0.0,0.0
TR_announced,0,vix,0.0,0.0,245,0.0,0.0,0.0,0.0
TR_announced,0,fedfunds,0.0,0.0,245,0.0,0.0,0.0,0.0
TR_announced,0,activity,1.8236763195217716e-15,4.5240122033740504e-14,245,-4.3165719674302734e-14,4.681307231334628e-14,-7.258970249140351e-14,7.623705513044704e-14
TR_announced,0,price,-1.116746034656815e-17,7.628696650293673e-16,245,-7.698092125966065e-16,7.474742919034701e-16,-1.2659763957613774e-15,1.2436414750682412e-15
TR_announced,0,policy,1.0000000000000004,6.9825202893385706e-15,245,0.9999999999999934,1.0000000000000073,0.999999999999989,1.000000000000012
TR_announced,0,fx,0.07505055791758736,0.23919602905172405,245,-0.16281981880536883,0.31292093464054355,-0.3183918980205306,0.4684930138557053
TR_announced,1,brent,0.0,0.0,244,0.0,0.0,0.0,0.0
TR_announced,1,vix,0.0,0.0,244,0.0,0.0,0.0,0.0
TR_announced,1,fedfunds,0.0,0.0,244,0.0,0.0,0.0,0.0
TR_announced,1,activity,0.07610196948832679,0.1525790818565399,244,-0.07563150127681559,0.22783544025346916,-0.17486828670032842,0.327072225676982
TR_announced,1,price,-0.14301411493397675,0.10536320371494907,244,-0.24779338346854304,-0.038234846399410466,-0.31632116271173755,0.030292932843784037
TR_announced,1,policy,1.347881642838989,0.13329772523039482,244,1.2153226691696952,1.4804406165082828,1.1286263960293934,1.5671368896485847
TR_announced,1,fx,-0.5354940909976195,0.5153269478894065,244,-1.0479650367566615,-0.023023145238577403,-1.383131490299342,0.312143308304103
TR_announced,2,brent,0.0,0.0,243,0.0,0.0,0.0,0.0
TR_announced,2,vix,0.0,0.0,243,0.0,0.0,0.0,0.0
TR_announced,2,fedfunds,0.0,0.0,243,0.0,0.0,0.0,0.0
TR_announced,2,activity,-0.008673020209812601,0.20097830858243776,243,-0.20853748353378027,0.1911914431141551,-0.33925292002020746,0.3219068796005823
TR_announced,2,price,-0.1805746296533269,0.12643454079878583,243,-0.30630845546068464,-0.05484080384596915,-0.38854094265815364,0.02739168335149983
TR_announced,2,policy,1.5252525870208118,0.2281806404461876,243,1.2983365503332502,1.7521686237083733,1.1499288329827904,1.9005763410588332
TR_announced,2,fx,-0.5129160536265034,0.7340425999360656,243,-1.242890503744707,0.21705839649170033,-1.720308686468229,0.6944765792152223
TR_announced,3,brent,0.0,0.0,242,0.0,0.0,0.0,0.0
TR_announced,3,vix,0.0,0.0,242,0.0,0.0,0.0,0.0
TR_announced,3,fedfunds,0.0,0.0,242,0.0,0.0,0.0,0.0
TR_announced,3,activity,-0.0537985749846293,0.20085589425515463,242,-0.25354130241581246,0.14594415244655384,-0.38417712114480174,0.2765799711755431
TR_announced,3,price,0.024650488447764178,0.16605368182335814,242,-0.14048290447747847,0.18978388137300684,-0.24848351236803218,0.29778448926356055
TR_announced,3,policy,1.7318902751649532,0.21573118336798433,242,1.5173546992104923,1.9464258511194141,1.377044055755591,2.0867364945743154
TR_announced,3,fx,-0.02109303194879445,0.8141339614108138,242,-0.8307149678625635,0.7885289039649747,-1.3602242311997415,1.3180381673021524
TR_announced,4,brent,0.0,0.0,241,0.0,0.0,0.0,0.0
TR_announced,4,vix,0.0,0.0,241,0.0,0.0,0.0,0.0
TR_announced,4,fedfunds,0.0,0.0,241,0.0,0.0,0.0,0.0
TR_announced,4,activity,-0.2606063033238912,0.26822335142289383,241,-0.527343129607328,0.006130522959545637,-0.7017944557449174,0.18058184909713498
TR_announced,4,price,-0.0012025043424679764,0.08069386681429493,241,-0.08144915632262148,0.07904414763768552,-0.1339321038447,0.13152709515976407
TR_announced,4,policy,1.8319008274357014,0.21899256311325813,241,1.6141219466834125,2.0496797081879903,1.4716901157234596,2.1921115391479433
TR_announced,4,fx,-0.1336320959337058,0.6465986411663406,241,-0.7766472119142879,0.5093830200468762,-1.1971922160380546,0.9299280241706429
TR_announced,5,brent,0.0,0.0,240,0.0,0.0,0.0,0.0
TR_announced,5,vix,0.0,0.0,240,0.0,0.0,0.0,0.0
TR_announced,5,fedfunds,0.0,0.0,240,0.0,0.0,0.0,0.0
TR_announced,5,activity,0.03592344316768936,0.3235254129245512,240,-0.2858089541338213,0.3576558404692,-0.4962285056922313,0.56807539202761
TR_announced,5,price,-0.12812090551145,0.08287402366636296,240,-0.21053563165977632,-0.04570617936312368,-0.26443654391912924,0.00819473289622924
TR_announced,5,policy,1.8405659177475853,0.2588321423438014,240,1.583168253365723,2.097963582129448,1.4148249296417639,2.2663069058534067
TR_announced,5,fx,-0.6174831516252456,0.5793075302297951,240,-1.1935800918650379,-0.041386211385453286,-1.5703592438440235,0.3353929405935323
TR_announced,6,brent,0.0,0.0,239,0.0,0.0,0.0,0.0
TR_announced,6,vix,0.0,0.0,239,0.0,0.0,0.0,0.0
TR_announced,6,fedfunds,0.0,0.0,239,0.0,0.0,0.0,0.0
TR_announced,6,activity,-0.19765968167281453,0.30832067250712586,239,-0.5042716050040585,0.10895224165842951,-0.7048020581102775,0.3094826947646484
TR_announced,6,price,-0.10227582914202206,0.06363969909410923,239,-0.1655628295912556,-0.038988828692788524,-0.20695381901506793,0.0024021607310238113
TR_announced,6,policy,1.7492205337881155,0.27176545295061744,239,1.4789612367173046,2.019479830858926,1.3022061428221827,2.196234924754048
TR_announced,6,fx,-0.9048371658466345,0.5821685916784386,239,-1.483779311198378,-0.32589502049489116,-1.8624192853661448,0.05274495367287568
TR_announced,7,brent,0.0,0.0,238,0.0,0.0,0.0,0.0
TR_announced,7,vix,0.0,0.0,238,0.0,0.0,0.0,0.0
TR_announced,7,fedfunds,0.0,0.0,238,0.0,0.0,0.0,0.0
TR_announced,7,activity,-0.12537954521870912,0.28543962308697074,238,-0.40923722857796796,0.1584781381405497,-0.594885944528974,0.34412685409155586
TR_announced,7,price,-0.16481930183748858,0.056882628201913504,238,-0.22138667987057092,-0.10825192380440625,-0.2583828991459381,-0.07125570452903907
TR_announced,7,policy,1.6534909754334777,0.2828712341704805,238,1.372187446679371,1.9347945041875843,1.1882091999479236,2.1187727509190317
TR_announced,7,fx,-1.0352731892891205,0.5973504533554712,238,-1.629313056667389,-0.44123332191085196,-2.0178272490519733,-0.05271912952626756
TR_announced,8,brent,0.0,0.0,237,0.0,0.0,0.0,0.0
TR_announced,8,vix,0.0,0.0,237,0.0,0.0,0.0,0.0
TR_announced,8,fedfunds,0.0,0.0,237,0.0,0.0,0.0,0.0
TR_announced,8,activity,0.20527534649589316,0.4088709131381954,237,-0.20132955628955565,0.611880249281342,-0.46725745793442774,0.8778081509262141
TR_announced,8,price,-0.10438974079539681,0.05368558962921002,237,-0.1577777986169285,-0.05100168297386512,-0.19269467761203124,-0.01608480397876237
TR_announced,8,policy,1.4921663025740075,0.30759427482028234,237,1.1862767511487904,1.7980558539992246,0.9862187440063582,1.9981138611416567
TR_announced,8,fx,-1.270843811148648,0.5696775841544992,237,-1.8373641755989776,-0.7043234466983185,-2.2078800516381283,-0.33380757065916755
TR_announced,9,brent,0.0,0.0,236,0.0,0.0,0.0,0.0
TR_announced,9,vix,0.0,0.0,236,0.0,0.0,0.0,0.0
TR_announced,9,fedfunds,0.0,0.0,236,0.0,0.0,0.0,0.0
TR_announced,9,activity,-0.04362610091650652,0.2900638658889111,236,-0.33208239898403086,0.2448301971510178,-0.5207387027714473,0.4334865009384342
TR_announced,9,price,-0.019241181991351563,0.09449625071084093,236,-0.1132137234445126,0.07473135946180946,-0.17467368270639386,0.13619131872369075
TR_announced,9,policy,1.344055132992976,0.315322108962538,236,1.0304805759848552,1.6576296900010967,0.8253964184079581,1.8627138475779939
TR_announced,9,fx,-1.5006218683236632,0.5517370431560468,236,-2.0493011203490337,-0.9519426162982925,-2.4081485448823674,-0.5930951917649588
TR_announced,10,brent,0.0,0.0,235,0.0,0.0,0.0,0.0
TR_announced,10,vix,0.0,0.0,235,0.0,0.0,0.0,0.0
TR_announced,10,fedfunds,0.0,0.0,235,0.0,0.0,0.0,0.0
TR_announced,10,activity,0.022865585832128422,0.28822731415836184,235,-0.26376433888902867,0.30949551055328556,-0.45122615724773435,0.49695732891199124
TR_announced,10,price,-0.08630366839476539,0.06008256567319428,235,-0.14605324947194118,-0.026554087317589604,-0.185130694458869,0.012523357669338236
TR_announced,10,policy,1.1405765502315999,0.31409301964543673,235,0.8282242707840393,1.4529288296791605,0.6239395076676634,1.6572135927955363
TR_announced,10,fx,-1.583927051410843,0.5444214847143855,235,-2.125331288673822,-1.0425228141478642,-2.479420705133605,-0.6884333976880808
TR_announced,11,brent,0.0,0.0,234,0.0,0.0,0.0,0.0
TR_announced,11,vix,0.0,0.0,234,0.0,0.0,0.0,0.0
TR_announced,11,fedfunds,0.0,0.0,234,0.0,0.0,0.0,0.0
TR_announced,11,activity,0.051904248467596746,0.3587357437373764,234,-0.30484333988115114,0.4086518368163446,-0.5381635407359605,0.6419720376711541
TR_announced,11,price,-0.03951086550967258,0.059614517526957,234,-0.09879499241810098,0.01977326139875582,-0.1375680208828499,0.058546289863504734
TR_announced,11,policy,0.9193512362985573,0.2904756807197291,234,0.6304854057261033,1.2082170668710113,0.4415612593255131,1.3971412132716015
TR_announced,11,fx,-1.2797604799438191,0.49649792147911964,234,-1.7735067519559868,-0.7860142079316514,-2.0964268868626164,-0.46309407302502203
TR_announced,12,brent,0.0,0.0,233,0.0,0.0,0.0,0.0
TR_announced,12,vix,0.0,0.0,233,0.0,0.0,0.0,0.0
TR_announced,12,fedfunds,0.0,0.0,233,0.0,0.0,0.0,0.0
TR_announced,12,activity,-0.25010420657244425,0.2644097831917873,233,-0.5130485998652989,0.01284018672041043,-0.685019597456908,0.18481118431201948
TR_announced,12,price,0.030085977712477036,0.15087191736682948,233,-0.11994978986793706,0.18012174529289113,-0.2180762427734752,0.2782481981984293
TR_announced,12,policy,0.6725430410632548,0.2682939316916445,233,0.4057360256751598,0.9393500564513497,0.2312387944311829,1.1138472876953267
TR_announced,12,fx,-1.1101194642901668,0.5200590352194068,233,-1.6272962715985648,-0.592942656981769,-1.9655404545996915,-0.25469847398064227
TR_announced,13,brent,0.0,0.0,232,0.0,0.0,0.0,0.0
TR_announced,13,vix,0.0,0.0,232,0.0,0.0,0.0,0.0
TR_announced,13,fedfunds,0.0,0.0,232,0.0,0.0,0.0,0.0
TR_announced,13,activity,-0.054747249886328384,0.3734287792050919,232,-0.42610644318422647,0.3166119434115697,-0.6689829317698842,0.5594884319972274
TR_announced,13,price,0.029271735514550305,0.14435443681581184,232,-0.11428267215323804,0.17282614318233866,-0.20817018344847488,0.2667136544775755
TR_announced,13,policy,0.4984577539262594,0.24020204662374386,232,0.25958693509816055,0.7373285727543583,0.10336054633602776,0.893554961516491
TR_announced,13,fx,-0.9470348828818674,0.5381855493400739,232,-1.4822377450526756,-0.4118320207110592,-1.8322713356867584,-0.061798430076976496
TR_announced,14,brent,0.0,0.0,231,0.0,0.0,0.0,0.0
TR_announced,14,vix,0.0,0.0,231,0.0,0.0,0.0,0.0
TR_announced,14,fedfunds,0.0,0.0,231,0.0,0.0,0.0,0.0
TR_announced,14,activity,-0.15118199671512955,0.3281380805620061,231,-0.4775014977113337,0.1751375042810746,-0.6909211086684396,0.3885571152381805
TR_announced,14,price,0.06211684564219746,0.13177224997149833,231,-0.06892510713024527,0.1931587984146402,-0.15462921765497756,0.2788629089393725
TR_announced,14,policy,0.20594711116256254,0.21013593273093903,231,-0.0030242236873542494,0.4149184460124793,-0.13969573994275308,0.5515899622678782
TR_announced,14,fx,-0.8329688816680971,0.629236796396963,231,-1.4587183742507075,-0.20721938908548676,-1.8679713084329665,0.2020335450967723
TR_announced,15,brent,0.0,0.0,230,0.0,0.0,0.0,0.0
TR_announced,15,vix,0.0,0.0,230,0.0,0.0,0.0,0.0
TR_announced,15,fedfunds,0.0,0.0,230,0.0,0.0,0.0,0.0
TR_announced,15,activity,-0.2446619065323263,0.4103973379376694,230,-0.6527847744927389,0.16346096142808628,-0.9197054563303309,0.4303816432656782
TR_announced,15,price,-0.02892440196987347,0.1130114595994303,230,-0.1413095388615675,0.08346073492182057,-0.21481171117907616,0.1569629072393292
TR_announced,15,policy,0.011813335905279242,0.1918779027762686,230,-0.1790011571243357,0.2026278289348942,-0.3037977284081081,0.32742440021866653
TR_announced,15,fx,-0.7487686540494035,0.648558320331662,230,-1.3937325884245015,-0.1038047196743056,-1.8155521595364923,0.3180148514376854
TR_announced,16,brent,0.0,0.0,229,0.0,0.0,0.0,0.0
TR_announced,16,vix,0.0,0.0,229,0.0,0.0,0.0,0.0
TR_announced,16,fedfunds,0.0,0.0,229,0.0,0.0,0.0,0.0
TR_announced,16,activity,-0.22169427741622785,0.4186421425188035,229,-0.6380162562878731,0.19462770145541738,-0.9102993239330168,0.4669107691005612
TR_announced,16,price,0.048148707256903005,0.06866423175120245,229,-0.020134979302621737,0.11643239381642775,-0.06479390338089877,0.1610913178947048
TR_announced,16,policy,-0.2656182391233138,0.18590796934123352,229,-0.4504958847862206,-0.08074059346040693,-0.5714096367734247,0.040173158526797204
TR_announced,16,fx,-0.5406864865304494,0.7073739673785144,229,-1.244140104767372,0.16276713170647328,-1.704213122384051,0.6228401493231522
TR_announced,17,brent,0.0,0.0,228,0.0,0.0,0.0,0.0
TR_announced,17,vix,0.0,0.0,228,0.0,0.0,0.0,0.0
TR_announced,17,fedfunds,0.0,0.0,228,0.0,0.0,0.0,0.0
TR_announced,17,activity,-0.22485021302213848,0.3311931682650345,228,-0.5542078700685164,0.1045074440242394,-0.7696144970644296,0.3199140710201527
TR_announced,17,price,0.01985012564639041,0.0972951839715984,228,-0.07690583705250888,0.1166060883452897,-0.14018621059420394,0.17988646188698476
TR_announced,17,policy,-0.5010549709324502,0.2162933131859974,228,-0.7161495613158214,-0.285960380549079,-0.8568258116117886,-0.14528413025311177
TR_announced,17,fx,-0.707810216843092,0.7638556784363902,228,-1.4674325178986947,0.05181208421251082,-1.9642409999866657,0.5486205663004817
TR_announced,18,brent,0.0,0.0,227,0.0,0.0,0.0,0.0
TR_announced,18,vix,0.0,0.0,227,0.0,0.0,0.0,0.0
TR_announced,18,fedfunds,0.0,0.0,227,0.0,0.0,0.0,0.0
TR_announced,18,activity,-0.018739367192622907,0.3375892691301099,227,-0.3544576771660798,0.31697894278083394,-0.5740243009411807,0.5365455665559349
TR_announced,18,price,0.012969969387687217,0.06743978621598216,227,-0.05409605765677672,0.08003599643215115,-0.09795860757050294,0.12389854634587737
TR_announced,18,policy,-0.7137939110906484,0.21221403795634253,227,-0.9248318340641071,-0.5027559881171897,-1.0628549411131556,-0.36473288106814106
TR_announced,18,fx,-0.9331702624983422,0.7721800255262957,227,-1.7010707761400756,-0.16526974885660883,-2.2032933781447497,0.33695285314806545
TR_announced,19,brent,0.0,0.0,226,0.0,0.0,0.0,0.0
TR_announced,19,vix,0.0,0.0,226,0.0,0.0,0.0,0.0
TR_announced,19,fedfunds,0.0,0.0,226,0.0,0.0,0.0,0.0
TR_announced,19,activity,-0.44319983035619137,0.398104716838966,226,-0.8390982043596877,-0.04730145635269495,-1.0980238177552533,0.21162415704287052
TR_announced,19,price,-0.22197579538299467,0.060283777241897374,226,-0.28192547289086023,-0.1620261178751291,-0.32113378502566414,-0.12281780574032516
TR_announced,19,policy,-0.8828657191095957,0.21313047283795536,226,-1.0948149979755226,-0.6709164402436687,-1.2334341503709887,-0.5322972878482026
TR_announced,19,fx,-1.2573345857745928,0.8969976940748221,226,-2.1493610138682704,-0.3653081576809152,-2.7327644962406707,0.21809532469148518
TR_announced,20,brent,0.0,0.0,225,0.0,0.0,0.0,0.0
TR_announced,20,vix,0.0,0.0,225,0.0,0.0,0.0,0.0
TR_announced,20,fedfunds,0.0,0.0,225,0.0,0.0,0.0,0.0
TR_announced,20,activity,0.1071046858203253,0.4619935051223197,225,-0.35232839734027116,0.5665377689809218,-0.6528070067081457,0.8670163783487963
TR_announced,20,price,-0.30556307386276976,0.09132003258060843,225,-0.39637700015752736,-0.21474914756801217,-0.4557711606663101,-0.1553549870592294
TR_announced,20,policy,-1.066780935374792,0.19738914201127727,225,-1.2630761237079162,-0.8704857470416677,-1.3914571815328804,-0.7421046892167034
TR_announced,20,fx,-1.4989026123523894,0.9294840285495523,225,-2.423235331861051,-0.5745698928437276,-3.027767787905586,0.029962563200807146
TR_announced,21,brent,0.0,0.0,224,0.0,0.0,0.0,0.0
TR_announced,21,vix,0.0,0.0,224,0.0,0.0,0.0,0.0
TR_announced,21,fedfunds,0.0,0.0,224,0.0,0.0,0.0,0.0
TR_announced,21,activity,0.6699699175368427,0.5338370045095348,224,0.1390915000532551,1.2008483350204302,-0.20811381553157493,1.5480536506052602
TR_announced,21,price,-0.17079492404391033,0.1015714808665795,224,-0.271803483900969,-0.06978636418685172,-0.33786514274213564,-0.0037247053456850032
TR_announced,21,policy,-1.2743167509229305,0.1991741285635865,224,-1.472387033204422,-1.076246468641439,-1.6019290386856446,-0.9467044631602165
TR_announced,21,fx,-1.5984153863282005,0.9053400328511544,224,-2.498737918982408,-0.6980928536739928,-3.0875672229877864,-0.10926354966861429
TR_announced,22,brent,0.0,0.0,223,0.0,0.0,0.0,0.0
TR_announced,22,vix,0.0,0.0,223,0.0,0.0,0.0,0.0
TR_announced,22,fedfunds,0.0,0.0,223,0.0,0.0,0.0,0.0
TR_announced,22,activity,-0.9080424619124552,0.6209683800504674,223,-1.5255693626776328,-0.2905155611472777,-1.9294445540606466,0.11335963023573625
TR_announced,22,price,-0.1430288067226874,0.05041134034232969,223,-0.19316076152928702,-0.09289685191608776,-0.22594808272425343,-0.06010953072112134
TR_announced,22,policy,-1.3879181865505403,0.22383764544055673,223,-1.6105152976180117,-1.165321075483069,-1.7560983495017177,-1.019738023599363
TR_announced,22,fx,-1.2320098297221331,0.8853448108068116,223,-2.1124479561878147,-0.3515717032564516,-2.6882724528803816,0.2242527934361156
TR_announced,23,brent,0.0,0.0,222,0.0,0.0,0.0,0.0
TR_announced,23,vix,0.0,0.0,222,0.0,0.0,0.0,0.0
TR_announced,23,fedfunds,0.0,0.0,222,0.0,0.0,0.0,0.0
TR_announced,23,activity,-0.5414933109106905,0.4255738380613085,222,-0.9647085690585898,-0.11827805276279124,-1.2414999819814923,0.1585133601601112
TR_announced,23,price,-0.09121976035836502,0.06493922305067636,222,-0.15579908265062664,-0.026640438066103375,-0.19803527692468065,0.015595756207950617
TR_announced,23,policy,-1.4813914243397022,0.2590226013200523,222,-1.7389784921519253,-1.223804356527479,-1.9074456895833953,-1.055337159096009
TR_announced,23,fx,-1.3768060368664856,0.8834397300921434,222,-2.2553496407973146,-0.49826243293565675,-2.829935081101577,0.07632300736860587
TR_announced,24,brent,0.0,0.0,221,0.0,0.0,0.0,0.0
TR_announced,24,vix,0.0,0.0,221,0.0,0.0,0.0,0.0
TR_announced,24,fedfunds,0.0,0.0,221,0.0,0.0,0.0,0.0
TR_announced,24,activity,-0.1705229097571612,0.3829492884496407,221,-0.5513498485254722,0.21030402901114978,-0.8004184358020382,0.45937261628771575
TR_announced,24,price,-0.10686155656402943,0.05929137714774829,221,-0.16582433397497034,-0.047898779153088517,-0.2043871933124508,-0.009335919815608038
TR_announced,24,policy,-1.6407611277489713,0.33173005011851625,221,-1.9706526911868965,-1.3108695643110462,-2.1864085038552066,-1.0951137516427363
TR_announced,24,fx,-1.8650519407227981,0.8134091502045133,221,-2.673953082418623,-1.0561507990269734,-3.2029909316322067,-0.5271129498133897
TR_announced,25,brent,0.0,0.0,220,0.0,0.0,0.0,0.0
TR_announced,25,vix,0.0,0.0,220,0.0,0.0,0.0,0.0
TR_announced,25,fedfunds,0.0,0.0,220,0.0,0.0,0.0,0.0
TR_announced,25,activity,-0.06868723384093145,0.3073377597299656,220,-0.3743216918124208,0.2369472241305579,-0.5742128626319054,0.4368383949500425
TR_announced,25,price,-0.20952455379908727,0.06070227712037526,220,-0.2698904118102275,-0.14915869578794705,-0.30937091448474985,-0.10967819311342468
TR_announced,25,policy,-1.7037530877788434,0.376866963676062,220,-2.078531410727827,-1.3289747648298598,-2.3236440798596023,-1.0838620956980842
TR_announced,25,fx,-2.3848684935838165,0.7870244231217927,220,-3.1675311354358917,-1.6022058517317412,-3.679408470455087,-1.0903285167125458
TR_announced,26,brent,0.0,0.0,219,0.0,0.0,0.0,0.0
TR_announced,26,vix,0.0,0.0,219,0.0,0.0,0.0,0.0
TR_announced,26,fedfunds,0.0,0.0,219,0.0,0.0,0.0,0.0
TR_announced,26,activity,-0.08411145243863893,0.4040935626879385,219,-0.4859654814079741,0.3177425765306962,-0.7487862146536366,0.5805633097763587
TR_announced,26,price,-0.20799887525241206,0.10195206700948573,219,-0.3093859119995242,-0.10661183850529994,-0.3756951024481642,-0.04030264805665995
TR_announced,26,policy,-1.7484465664287623,0.4320640714641385,219,-2.178116088347977,-1.3187770445095475,-2.4591287214519704,-1.0377644114055542
TR_announced,26,fx,-2.7921210803580117,0.8069432877614312,219,-3.5945921941755636,-1.9896499665404597,-4.119424673976547,-1.464817486739476
TR_announced,27,brent,0.0,0.0,218,0.0,0.0,0.0,0.0
TR_announced,27,vix,0.0,0.0,218,0.0,0.0,0.0,0.0
TR_announced,27,fedfunds,0.0,0.0,218,0.0,0.0,0.0,0.0
TR_announced,27,activity,0.10363051958749914,0.443608870074474,218,-0.33751981831983285,0.5447808574948312,-0.6260411393023437,0.833302178477342
TR_announced,27,price,-0.17867014811987983,0.06951490081526192,218,-0.24779978923616117,-0.10954050700359849,-0.29301198485303526,-0.06432831138672443
TR_announced,27,policy,-1.7643518918789562,0.47142348574049436,218,-2.233162693603812,-1.2955410901541007,-2.539774522229314,-0.9889292615285986
TR_announced,27,fx,-2.990141062087959,0.8476749879856941,218,-3.8331181362900657,-2.1471639878858526,-4.384442340552273,-1.5958397836236449
TR_announced,28,brent,0.0,0.0,217,0.0,0.0,0.0,0.0
TR_announced,28,vix,0.0,0.0,217,0.0,0.0,0.0,0.0
TR_announced,28,fedfunds,0.0,0.0,217,0.0,0.0,0.0,0.0
TR_announced,28,activity,0.40611531176181226,0.5042181231310829,217,-0.09530837564311934,0.9075389991667439,-0.42324969684501335,1.2354803203686378
TR_announced,28,price,-0.17174057239996926,0.14288548504773596,217,-0.31383416940193964,-0.029646975397998876,-0.4067662807194581,0.06328513591951956
TR_announced,28,policy,-1.6265805483072537,0.4131540210541286,217,-2.0374448215243404,-1.215716275090167,-2.306158438327722,-0.9470026582867855
TR_announced,28,fx,-2.7906918578387145,0.7114709579439997,217,-3.4982197606409198,-2.0831639550365093,-3.9609574434835406,-1.6204262721938885
TR_announced,29,brent,0.0,0.0,216,0.0,0.0,0.0,0.0
TR_announced,29,vix,0.0,0.0,216,0.0,0.0,0.0,0.0
TR_announced,29,fedfunds,0.0,0.0,216,0.0,0.0,0.0,0.0
TR_announced,29,activity,0.5513087986760998,0.5055653304624592,216,0.04854537032016315,1.0540722270320364,-0.2802721687959957,1.3828897661481954
TR_announced,29,price,-0.08050608202742664,0.1145235065293993,216,-0.19439488590841145,0.03338272185355817,-0.26888048711350965,0.10786832305865639
TR_announced,29,policy,-1.5291286288871255,0.39360876081071056,216,-1.920555963975759,-1.137701293798492,-2.176557426706497,-0.8816998310677538
TR_announced,29,fx,-2.602983840990039,0.7235887235370637,216,-3.322562351313155,-1.883405330666923,-3.7931813773211642,-1.4127863046589137
TR_announced,30,brent,0.0,0.0,215,0.0,0.0,0.0,0.0
TR_announced,30,vix,0.0,0.0,215,0.0,0.0,0.0,0.0
TR_announced,30,fedfunds,0.0,0.0,215,0.0,0.0,0.0,0.0
TR_announced,30,activity,0.47247226745582027,0.44209171841575906,215,0.03283067297552211,0.9121138619361184,-0.2547038990255499,1.1996484339371905
TR_announced,30,price,-0.06729043655473403,0.0688499689493091,215,-0.1357588309351212,0.0011779578256531503,-0.18053855769650134,0.04595768458703327
TR_announced,30,policy,-1.225593436126774,0.35475554196088344,215,-1.578382881442123,-0.8728039908114249,-1.809114376002268,-0.6420724962512797
TR_announced,30,fx,-2.3833933332024846,0.8189088144234349,215,-3.1977636593358225,-1.5690230070691467,-3.7303784667494013,-1.0364081996555679
TR_announced,31,brent,0.0,0.0,214,0.0,0.0,0.0,0.0
TR_announced,31,vix,0.0,0.0,214,0.0,0.0,0.0,0.0
TR_announced,31,fedfunds,0.0,0.0,214,0.0,0.0,0.0,0.0
TR_announced,31,activity,0.6184803562019436,0.45351855579384437,214,0.16747525321085266,1.0694854591930345,-0.1274912851853548,1.3644519975892422
TR_announced,31,price,-0.011790149828186705,0.09846469348439939,214,-0.10970914048157972,0.08612884082520632,-0.17375015803266602,0.1501698583762926
TR_announced,31,policy,-0.9845180505089433,0.34681243773326587,214,-1.3294084132079813,-0.6396276878099052,-1.554973746586387,-0.4140623544314994
TR_announced,31,fx,-2.274736892793606,1.0153220601328605,214,-3.2844319194894966,-1.2650418660977154,-3.944793065926982,-0.60468071966023
TR_announced,32,brent,0.0,0.0,213,0.0,0.0,0.0,0.0
TR_announced,32,vix,0.0,0.0,213,0.0,0.0,0.0,0.0
TR_announced,32,fedfunds,0.0,0.0,213,0.0,0.0,0.0,0.0
TR_announced,32,activity,0.5163037875624172,0.335894539559305,213,0.182270814770556,0.8503367603542784,-0.03619356410490027,1.0688011392297347
TR_announced,32,price,0.05990447377741449,0.12329441821115404,213,-0.06270663236842783,0.18251557992325682,-0.14289679720007387,0.2627057447549028
TR_announced,32,policy,-0.8218241111965052,0.27900611769083655,213,-1.0992839443979059,-0.5443642779951046,-1.280748335821927,-0.36289988657108346
TR_announced,32,fx,-2.065306438725967,1.1841155032831763,213,-3.242859435596807,-0.8877534418551278,-4.013003119030767,-0.11760975842116705
TR_announced,33,brent,0.0,0.0,212,0.0,0.0,0.0,0.0
TR_announced,33,vix,0.0,0.0,212,0.0,0.0,0.0,0.0
TR_announced,33,fedfunds,0.0,0.0,212,0.0,0.0,0.0,0.0
TR_announced,33,activity,0.6703617815274843,0.3562052170925612,212,0.3161306953493452,1.0245928677056233,0.08445633825374854,1.25626722480122
TR_announced,33,price,0.1752608830065996,0.11678923620377837,212,0.05911890638970624,0.29140285962349294,-0.016840315752077423,0.3673620817652766
TR_announced,33,policy,-0.5484823525495744,0.2911565464896255,212,-0.8380252754543096,-0.2589394296448393,-1.0273922540536997,-0.06957245104544907
TR_announced,33,fx,-1.1699551101303638,1.3014198232005973,212,-2.4641623126776415,0.12425209241691393,-3.31060022650841,0.9706900062476822
TR_announced,34,brent,0.0,0.0,211,0.0,0.0,0.0,0.0
TR_announced,34,vix,0.0,0.0,211,0.0,0.0,0.0,0.0
TR_announced,34,fedfunds,0.0,0.0,211,0.0,0.0,0.0,0.0
TR_announced,34,activity,0.673507001011824,0.5375629212410709,211,0.1389233162623773,1.2080906857612708,-0.21070531970617978,1.5577193217298277
TR_announced,34,price,0.12070348393102769,0.06345742822031918,211,0.0575977441891142,0.18380922367294117,0.016325302965823005,0.22508166489623238
TR_announced,34,policy,-0.27191191822201366,0.3433014709138122,211,-0.6133107722897582,0.06948693584573079,-0.8365925877923729,0.29276875134834557
TR_announced,34,fx,-0.7915273182093855,1.1388483255000363,211,-1.924064013283124,0.34100937686435306,-2.6647661169557306,1.0817114805369599
TR_announced,35,brent,0.0,0.0,210,0.0,0.0,0.0,0.0
TR_announced,35,vix,0.0,0.0,210,0.0,0.0,0.0,0.0
TR_announced,35,fedfunds,0.0,0.0,210,0.0,0.0,0.0,0.0
TR_announced,35,activity,0.6831415569485947,0.6169332843272634,210,0.06962738893486342,1.296655724962326,-0.3316233933641882,1.6979065072613775
TR_announced,35,price,0.1629288655696001,0.06526649640833451,210,0.09802408370685078,0.2278336474323494,0.05557503223393585,0.27028269890526435
TR_announced,35,policy,0.1797826651103181,0.4835588449648263,210,-0.30109624026075643,0.6606615704813926,-0.6156008548745411,0.9751661850951772
TR_announced,35,fx,0.2711078144968211,1.372094845876271,210,-1.0933827214963083,1.6355983504899505,-1.985787369264184,2.5280029982578265
TR_announced,36,brent,0.0,0.0,209,0.0,0.0,0.0,0.0
TR_announced,36,vix,0.0,0.0,209,0.0,0.0,0.0,0.0
TR_announced,36,fedfunds,0.0,0.0,209,0.0,0.0,0.0,0.0
TR_announced,36,activity,0.4894418947561704,0.5609030679419543,209,-0.06835258287524204,1.0472363723875828,-0.4331615509163611,1.412045340428702
TR_announced,36,price,0.3066526941316388,0.13658526319494696,209,0.1708244024171448,0.4424809858461328,0.08198992857730891,0.5313154596859687
TR_announced,36,policy,0.3033508893752935,0.5662172365636458,209,-0.2597283051346659,0.8664300838852528,-0.6279935858288588,1.2346953645794458
TR_announced,36,fx,0.8101697897766046,1.0690224102374135,209,-0.25292797341188245,1.8732675529650917,-0.9482155989948094,2.5685551785480185
EA_overnight_long,0,brent,-1.5881107237936833e-15,1.9332763784424698e-13,240,-1.9384430422032536e-13,1.90668082772738e-13,-3.19583777021864e-13,3.164075555742766e-13
EA_overnight_long,0,vix,-3.9033601011012787e-16,6.102380058894799e-15,240,-6.458895966020061e-15,5.678223945799805e-15,-1.0427857983019575e-14,9.647185962799319e-15
EA_overnight_long,0,activity,1.4701853774854147e-14,1.3176943087244928e-13,240,-1.1633729552231569e-13,1.45741003072024e-13,-2.020395725170253e-13,2.3144328006673363e-13
EA_overnight_long,0,price,-6.1673196957423405e-15,6.14763128231992e-14,240,-6.730292361344164e-14,5.496828422195696e-14,-1.0728685581458482e-13,9.495221642310015e-14
EA_overnight_long,0,policy,1.0000000000000018,3.155194522981714e-14,240,0.9999999999999704,1.000000000000033,0.9999999999999499,1.0000000000000537
EA_overnight_long,0,fx,0.8867796042641991,1.65935205117446,240,-0.7633761240465169,2.536935332574915,-1.8426116354994757,3.6161708440278737
EA_overnight_long,1,brent,-0.589297728023747,5.454579690246127,239,-6.013647500584823,4.835052044537329,-9.561282915020925,8.382687458973432
EA_overnight_long,1,vix,0.014825368390624533,0.09108645533702485,239,-0.07575627517291295,0.10540701195416202,-0.13499851803663404,0.16464925481788312
EA_overnight_long,1,activity,2.633348578283163,0.801543426118541,239,1.8362473994446251,3.4304497571217007,1.3149269666729715,3.951770189893354
EA_overnight_long,1,price,-0.22025327170481637,0.14557790007743948,239,-0.36502436205794786,-0.07548218135168488,-0.45970760865117166,0.019201065241538945
EA_overnight_long,1,policy,1.171670733458256,0.11200129383580772,239,1.060290163873545,1.2830513030429669,0.98744499906917,1.3558964678473417
EA_overnight_long,1,fx,-1.1508496867789761,2.580052469436027,239,-3.716603204104425,1.4149038305464725,-5.394658348855927,3.092958975297975
EA_overnight_long,2,brent,-1.7976309438494562,8.811077275002642,238,-10.559876199546146,6.964614311847234,-16.290563356987246,12.695301469288331
EA_overnight_long,2,vix,0.1374973315456245,0.14761956040427002,238,-0.009304104014360215,0.2842987671056092,-0.10531523779432095,0.38030990088556993
EA_overnight_long,2,activity,4.726044709248621,1.213175494107389,238,3.5195927754166396,5.932496643080602,2.730548597637438,6.721540820859803
EA_overnight_long,2,price,-0.39214144754151653,0.24293962495860968,238,-0.6337346727256269,-0.15054822235740614,-0.791741570784916,0.007458675701882966
EA_overnight_long,2,policy,1.4043607431473166,0.1474196519967968,238,1.2577581080790636,1.5509633782155696,1.1618769938764615,1.6468444924181718
EA_overnight_long,2,fx,-3.82815831137713,3.8180524195508667,238,-7.625050638507563,-0.031265984246697354,-10.108295681566217,2.4519790588119563
EA_overnight_long,3,brent,-3.5694501444795854,13.830612909746986,237,-17.323412182200062,10.184511893240892,-26.318783952038768,19.179883663079597
EA_overnight_long,3,vix,0.17066031994794748,0.18139911998392402,237,-0.0097334649273777,0.35105410482327265,-0.1277146804834152,0.46903532037931017
EA_overnight_long,3,activity,4.173273960142545,1.556042118959264,237,2.625855608337096,5.720692311947994,1.613812437083146,6.732735483201944
EA_overnight_long,3,price,-0.2941729202284391,0.2928457270249432,237,-0.5853956620326854,-0.002950178424192762,-0.7758612764626576,0.1875154360057794
EA_overnight_long,3,policy,1.5087044108554157,0.19855380848846713,237,1.31125101076274,1.7061578109480915,1.1821124588181326,1.8352963628926988
EA_overnight_long,3,fx,-6.8233244458196625,4.927659704046205,237,-11.723674484283451,-1.9229744073558734,-14.928603382402681,1.281954490763355
EA_overnight_long,4,brent,-10.00634332157803,17.31688082496769,236,-27.22725197057097,7.21456532741491,-38.49007755401253,18.477390910856474
EA_overnight_long,4,vix,0.22346034068800683,0.19871925798919837,236,0.02584240803505572,0.42107827334095793,-0.10340375156063139,0.550324432936645
EA_overnight_long,4,activity,3.863742338137814,1.6055645643834147,236,2.2670760000844936,5.460408676191134,1.2228236411069942,6.504661035168634
EA_overnight_long,4,price,-0.31679242988054285,0.3525103932104136,236,-0.6673491693220086,0.03376430956092291,-0.8966204286907813,0.26303556892969554
EA_overnight_long,4,policy,1.5119175810643424,0.2631079292229857,236,1.2502678267135503,1.7735673354151344,1.0791435494022232,1.9446916127264615
EA_overnight_long,4,fx,-8.061583418043835,5.7216546320593835,236,-13.751527971898891,-2.371638864188779,-17.472867791750403,1.3497009556627315
EA_overnight_long,5,brent,-12.828696395485109,20.79522104677066,235,-33.50866789853557,7.851275107565355,-47.03379115752342,21.376398366553197
EA_overnight_long,5,vix,0.455417727792253,0.1528998341194482,235,0.30336528241070404,0.6074701731738019,0.20391988108060016,0.7069155745039057
EA_overnight_long,5,activity,3.679306459605135,1.9919308698232987,235,1.6984151033004942,5.660197815909775,0.4028717437396816,6.955741175470588
EA_overnight_long,5,price,-0.11787653665640152,0.3734381675175045,235,-0.4892450662355884,0.25349199292278535,-0.7321276609396802,0.49637458762687714
EA_overnight_long,5,policy,1.363576942138681,0.38740735738020327,235,0.9783166415784796,1.7488372426988823,0.7263485452441685,2.0008053390331932
EA_overnight_long,5,fx,-9.000673683100072,6.588477241929912,235,-15.552636814685327,-2.448710551514816,-19.837754370575716,1.836407004375575
EA_overnight_long,6,brent,-19.295031322774612,21.23169564500306,234,-40.409058430858096,1.818995785308875,-54.21806291078767,15.628000265238448
EA_overnight_long,6,vix,0.4537883579204546,0.16467998725351624,234,0.29002104638931364,0.6175556694515956,0.18291388360018623,0.7246628322407229
EA_overnight_long,6,activity,1.9437144662734218,2.388883470450088,234,-0.43192953298514225,4.319358465531986,-1.9856491744608251,5.873078107007669
EA_overnight_long,6,price,0.03850834630317828,0.35786432283551267,234,-0.3173726506601175,0.39438934326647407,-0.5501260830693473,0.6271427756757038
EA_overnight_long,6,policy,1.4379696658213104,0.4799151308931231,234,0.9607142806330033,1.9152250510096174,0.6485795221428664,2.227359809499754
EA_overnight_long,6,fx,-10.113578300342379,7.145251983878836,234,-17.21923046323082,-3.00792613745394,-21.866471941507683,1.6393153408229253
EA_overnight_long,7,brent,-24.56881323024321,22.363685376103305,233,-46.808556450131825,-2.3290700103545987,-61.35380223312832,12.2161757726419
EA_overnight_long,7,vix,0.5742440126040025,0.15118023685988954,233,0.42390163427316757,0.7245863909348373,0.3255746516816306,0.8229133735263744
EA_overnight_long,7,activity,0.9383406598785167,2.789405327095479,233,-1.8356054571188636,3.7122867768758967,-3.649822809432239,5.526504129189272
EA_overnight_long,7,price,-0.042505095160032466,0.3955993428789975,233,-0.4359119802786498,0.35090178995858484,-0.6932081091141704,0.6081979187941056
EA_overnight_long,7,policy,1.2587861022908848,0.5559126271555086,233,0.7059544078402449,1.8116177967415248,0.3443912012460252,2.1731810033357446
EA_overnight_long,7,fx,-10.91910593369499,7.0842390777602775,233,-17.964083331116292,-3.8741285362736884,-22.57164227494033,0.7334304075503528
EA_overnight_long,8,brent,-25.15244561269621,20.93308362284046,232,-45.96951564131889,-4.335375584073528,-59.5843041330038,9.279412907611384
EA_overnight_long,8,vix,0.6334223949848369,0.17230616146984698,232,0.46207117438553486,0.804773615584139,0.3500039803450731,0.9168408096246007
EA_overnight_long,8,activity,0.42127499017329706,2.916312259393806,232,-2.478874726082121,3.321424706428715,-4.375631807013647,5.2181817873602405
EA_overnight_long,8,price,-0.2931107845729403,0.437305252921291,232,-0.7279924407095533,0.14177087156367263,-1.0124139159254566,0.426192346779576
EA_overnight_long,8,policy,1.2576207366837375,0.6004936956977426,232,0.6604550471793585,1.8547864261881166,0.2698965033538121,2.245344970013663
EA_overnight_long,8,fx,-12.507049023157037,7.013723334540162,232,-19.4819014838427,-5.532196562471374,-24.043597288409593,-0.97050075790448
EA_overnight_long,9,brent,-33.350460665733415,21.102026224247833,231,-54.33553699613562,-12.365384335331207,-68.06020503671255,1.3592837052457085
EA_overnight_long,9,vix,0.5916108980897308,0.19873343026464566,231,0.3939788717057381,0.7892429244737235,0.26472349452242094,0.9184983016570406
EA_overnight_long,9,activity,0.11474872745887606,2.983238726373986,231,-2.851956541480359,3.081453996398111,-4.792242311679464,5.021739766597216
EA_overnight_long,9,price,-0.20159071654698907,0.42589242958131546,231,-0.625122800543483,0.22194136744950488,-0.9021214240349902,0.498939990941012
EA_overnight_long,9,policy,1.0911000473857624,0.6199853887356446,231,0.4745506900827371,1.7076494046887878,0.07131483206701916,2.110885262704506
EA_overnight_long,9,fx,-13.659883393012482,7.198932262978002,231,-20.818918332623987,-6.500848453400978,-25.501073235949818,-1.8186935500751478
EA_overnight_long,10,brent,-39.87118509632687,19.548310799029785,230,-59.31115687385639,-20.431213318797344,-72.02529501488564,-7.717075177768102
EA_overnight_long,10,vix,0.44620876643618895,0.20533768219643042,230,0.24200908965592968,0.6504084432164482,0.10845833512558167,0.7839591977467962
EA_overnight_long,10,activity,0.049963660261888816,2.886543766327658,230,-2.8205825433926233,2.9205098639164007,-4.697978323136321,4.797905643660099
EA_overnight_long,10,price,-0.34873561822717714,0.4822843558466855,230,-0.8283470978476515,0.1308758613932972,-1.1420227901635522,0.44455155370919786
EA_overnight_long,10,policy,0.9766967500247896,0.6475855455673678,230,0.3327001991826317,1.6206933008669475,-0.0884866833630431,2.0418801834126223
EA_overnight_long,10,fx,-13.770069371060629,7.266726615589768,230,-20.996522939064004,-6.543615803057253,-25.722771000778252,-1.8173677413430038
EA_overnight_long,11,brent,-36.243778519231434,20.619665966297404,229,-56.74916788856775,-15.73838914989512,-70.16011087042355,-2.327446168039323
EA_overnight_long,11,vix,0.33532325455180434,0.19281605974009186,229,0.1435758039338272,0.5270707051697815,0.01816905935382257,0.652477449749786
EA_overnight_long,11,activity,-0.1516724072515931,2.769381307619175,229,-2.905705480227217,2.602360665724031,-4.7068992955006035,4.403554480997418
EA_overnight_long,11,price,-0.11596605869252109,0.5234499676117227,229,-0.6365150054498888,0.40458288806484666,-0.9769646364462937,0.7450325190612516
EA_overnight_long,11,policy,0.7716078133303217,0.6756309709454664,229,0.09972126813294269,1.4434943585277007,-0.3397062397100734,1.8829218663707168
EA_overnight_long,11,fx,-13.503209353096505,7.737069713424519,229,-21.197399322554947,-5.809019383638064,-26.22955653319921,-0.7768621729937983
EA_overnight_long,12,brent,-37.41443618731149,22.690016517380737,228,-59.97870198318028,-14.850170391442695,-74.73619215151399,-0.09268022310897805
EA_overnight_long,12,vix,0.40250136015654686,0.21151732324281794,228,0.19215629062230094,0.6128464296907927,0.05458632385753087,0.7504163964555628
EA_overnight_long,12,activity,-0.10836213980097155,2.626881786065334,228,-2.7206854402137606,2.503961160611817,-4.429198173183297,4.212473893581354
EA_overnight_long,12,price,-0.08439766304505793,0.5961044604949561,228,-0.6771984430007641,0.5084031169106483,-1.064902246932137,0.8961069208420211
EA_overnight_long,12,policy,0.5627418955844752,0.6840987321496804,228,-0.11756548149557211,1.2430492726645226,-0.5625003851848303,1.6879841763537806
EA_overnight_long,12,fx,-15.027775891457754,8.258304993589949,228,-23.24031239428375,-6.815239388631756,-28.61147881263563,-1.4440729702798745
EA_overnight_long,13,brent,-40.76608646162761,22.764194982788016,227,-63.404119617185074,-18.128053306070147,-78.20985514369698,-3.32231777955824
EA_overnight_long,13,vix,0.43950089012467364,0.2592439767138221,227,0.1816936738069675,0.6973081064423798,0.013082494761620433,0.8659192854877269
EA_overnight_long,13,activity,-0.8097582491995332,2.5841445869717363,227,-3.379581205067389,1.7600647066683226,-5.060297845647008,3.440781347247941
EA_overnight_long,13,price,-0.13850592427879793,0.6751083604768515,227,-0.8098727553758149,0.5328609068182191,-1.2489603595944088,0.971948511036813
EA_overnight_long,13,policy,0.4743594277663473,0.686207419724873,227,-0.20804495029607672,1.1567638058287715,-0.6543513354091212,1.603070190941816
EA_overnight_long,13,fx,-14.663892855073927,8.681876864861257,227,-23.29765374439158,-6.03013196575627,-28.94430950498704,-0.3834762051608127
EA_overnight_long,14,brent,-35.932471529814336,22.521215476223475,226,-58.32887179961027,-13.5360712600184,-72.97657448923614,1.1116314296074705
EA_overnight_long,14,vix,0.4087433261476594,0.23573455731861526,226,0.17431523727720097,0.6431714150181178,0.020994484544335446,0.7964921677509833
EA_overnight_long,14,activity,-0.4522336139935855,2.462039374078337,226,-2.900628078318595,1.996160850331424,-4.50192800814367,3.5974607801564993
EA_overnight_long,14,price,-0.21742821018108766,0.7452208842055891,226,-0.9585189932118785,0.5236625728497033,-1.4432074844466336,1.0083510640844584
EA_overnight_long,14,policy,0.4034083365520784,0.6843866044610704,226,-0.2771853174173884,1.0840019905215452,-0.7223074520327155,1.5291241251368723
EA_overnight_long,14,fx,-15.024359430660914,8.26908122494059,226,-23.24761244170485,-6.801106419616978,-28.625787675060764,-1.4229311862610619
EA_overnight_long,15,brent,-34.40304027032218,21.34726224640467,225,-55.631993496205254,-13.174087044439101,-69.51616200180513,0.7100814611607689
EA_overnight_long,15,vix,0.4704992311415581,0.23293162267047923,225,0.2388585427280603,0.702139919555056,0.08736080676032865,0.8536376555227876
EA_overnight_long,15,activity,-1.1495954820901588,2.4941712546842627,225,-3.6299437483860855,1.330752784205768,-5.252142116595672,2.9529511524153547
EA_overnight_long,15,price,0.040063232155988095,0.7436923144062265,225,-0.6995074525877905,0.7796339168997666,-1.1832017685310279,1.2633282328430042
EA_overnight_long,15,policy,0.22508970034793607,0.6343710820862983,225,-0.40576562311308495,0.8559450238089571,-0.8183578748548418,1.268537275550714
EA_overnight_long,15,fx,-12.8789198807675,8.602087106919093,225,-21.433333216300174,-4.324506545234826,-27.028094057935867,1.270254296400866
EA_overnight_long,16,brent,-38.16316005233255,22.02099380161863,224,-60.062110934465316,-16.264209170199784,-74.38447157600083,-1.9418485286642664
EA_overnight_long,16,vix,0.33758882241268584,0.23357488001152432,224,0.1053084416654532,0.5698692031599185,-0.04660766613902484,0.7217853109643966
EA_overnight_long,16,activity,-1.953606122485852,2.3806882075902838,224,-4.321100277988508,0.41388803301680377,-5.869489755381329,1.9622775104096248
EA_overnight_long,16,price,-0.15359776712293194,0.7661642245620638,224,-0.9155158200719641,0.6083202858261002,-1.4138257707343045,1.1066302364884408
EA_overnight_long,16,policy,0.18048563882623148,0.5873073036899668,224,-0.4035667391949207,0.7645380168473837,-0.7855489097832999,1.146520187435763
EA_overnight_long,16,fx,-11.075266040960088,9.401949967327049,224,-20.425109303512155,-1.7254227784080207,-26.54009754513426,4.3895654632140815
EA_overnight_long,17,brent,-33.76995521132888,22.7296634016414,223,-56.37364816379539,-11.166262258862368,-71.15692449690486,3.617014074247109
EA_overnight_long,17,vix,0.36009167158093297,0.22805931117384093,223,0.13329629174472063,0.5868870514171454,-0.015032513563413619,0.7352158567252796
EA_overnight_long,17,activity,-3.0781072230376907,2.3232705482437197,223,-5.388501934567703,-0.7677125115076779,-6.899547210705908,0.7433327646305266
EA_overnight_long,17,price,0.02199251912554989,0.7715198689903452,223,-0.7452514966448551,0.7892365348959549,-1.2470447356483438,1.2910297738994436
EA_overnight_long,17,policy,0.03594873528732473,0.545614875254676,223,-0.5066422786061942,0.5785397491808435,-0.8615078711940041,0.9334053417686534
EA_overnight_long,17,fx,-10.513869681906371,9.74595731387903,223,-20.205813762119128,-0.8219256016936161,-26.54454291775452,5.516803553941777
EA_overnight_long,18,brent,-33.24860100649758,22.769696308566907,222,-55.89210499884396,-10.605097014151195,-70.7014185642274,4.204216551232243
EA_overnight_long,18,vix,0.3233080356849899,0.24689674208363777,222,0.077779624181111,0.5688364471888687,-0.08280096601378384,0.7294170373837636
EA_overnight_long,18,activity,-2.655827259602887,2.3129009439945087,222,-4.955909836441506,-0.3557446827642674,-6.460210766111738,1.1485562469059638
EA_overnight_long,18,price,0.14067813552606295,0.7382716293782229,222,-0.5935019062592202,0.8748581773113462,-1.0736706317320799,1.3550269027842057
EA_overnight_long,18,policy,-0.20747156225151978,0.5045321752652591,222,-0.7092075612770217,0.2942644367739822,-1.037353140650297,0.6224100161472573
EA_overnight_long,18,fx,-12.337181725396947,10.225440141906883,222,-22.505951283805707,-2.168412166988187,-29.15653402998766,4.482170579193765
EA_overnight_long,19,brent,-32.04981812550473,24.039524550048952,221,-55.956112822915316,-8.143523428094145,-71.5913172718417,7.491681020832246
EA_overnight_long,19,vix,0.3048944612199471,0.2766954312996154,221,0.029732508315921835,0.5800564141239724,-0.15022902251412706,0.7600179449540213
EA_overnight_long,19,activity,-3.699470943659068,2.406310916938099,221,-6.0924458044618515,-1.306496082856285,-7.657500182957623,0.2585582956394865
EA_overnight_long,19,price,0.2541019287368939,0.7242913180372388,221,-0.46617528222562093,0.9743791396994088,-0.9372512727061204,1.4454551301799083
EA_overnight_long,19,policy,-0.23410976728183538,0.503728525248731,221,-0.7350465702130593,0.2668270356493885,-1.0626694590361268,0.5944499244724559
EA_overnight_long,19,fx,-13.438163027603192,10.534205201062283,221,-23.913986433148764,-2.962339622057618,-30.76538865962155,3.889062604415166
EA_overnight_long,20,brent,-41.53327142564077,23.39991328173927,220,-64.803499655091,-18.26304319619054,-80.02270365745953,-3.0438391938220093
EA_overnight_long,20,vix,0.4846963464956477,0.25332719400976855,220,0.2327731213812267,0.7366195716100687,0.0680101926232407,0.9013825003680547
EA_overnight_long,20,activity,-4.1636054029902985,2.6171665129832444,220,-6.766267273499068,-1.5609435324815295,-8.468461234206725,0.14125042822612777
EA_overnight_long,20,price,0.11008033457615907,0.6929024087678963,220,-0.5789819281181025,0.7991425972704206,-1.0296427056091266,1.2498033747614445
EA_overnight_long,20,policy,-0.38294288865218357,0.5198648973419252,220,-0.8999266340178902,0.13404085671352312,-1.238044550569804,0.4721587732654367
EA_overnight_long,20,fx,-16.78597888853039,10.94258849552744,220,-27.667922280628012,-5.904035496432771,-34.78493526363615,1.2129774865753689
EA_overnight_long,21,brent,-47.37226276233371,23.012762223579053,219,-70.25748557000352,-24.487039954663906,-85.22488817195953,-9.519637352707889
EA_overnight_long,21,vix,0.5465696954074052,0.1996569517605073,219,0.34801926579153925,0.7451201250232711,0.21816323415805966,0.8749761566567507
EA_overnight_long,21,activity,-4.469990436950458,3.164546413324224,219,-7.616998564463883,-1.322982309437033,-9.67520608256308,0.7352252086621629
EA_overnight_long,21,price,0.2126869226021108,0.63959218593531,219,-0.4233605687406166,0.8487344139448383,-0.839348604203404,1.2647224494076257
EA_overnight_long,21,policy,-0.536202106335794,0.5523259480434408,219,-1.0854669994688946,0.013062786797306436,-1.4446974452344579,0.37229323256286984
EA_overnight_long,21,fx,-19.982011402383463,10.39429347500826,219,-30.31869848900113,-9.645324315765796,-37.079102724348814,-2.8849200804181088
EA_overnight_long,22,brent,-44.8405812818646,22.62303328224709,218,-67.33823507151185,-22.34292749221736,-82.05215962881259,-7.629002934916613
EA_overnight_long,22,vix,0.6375173736318296,0.1772340020879774,218,0.46126562308262653,0.8137691241810326,0.3459933824782952,0.9290413647853639
EA_overnight_long,22,activity,-4.813112522891825,3.275463797848366,218,-8.07042331783029,-1.5558017279533596,-10.200771030730952,0.574545984947302
EA_overnight_long,22,price,0.15297034227953563,0.6158097638045158,218,-0.45942653189340144,0.7653672164524727,-0.8599465812264515,1.1658872657855228
EA_overnight_long,22,policy,-0.6225762560747801,0.5824058772129818,218,-1.2017543718969215,-0.04339814025263866,-1.5805486755664067,0.33539616341684664
EA_overnight_long,22,fx,-22.860641953717217,10.207305994925942,218,-33.011377866705494,-12.709906040728937,-39.650166240874654,-6.0711176665597755
EA_overnight_long,23,brent,-46.7659903129694,22.547502564523505,217,-69.18853198495194,-24.343448640986868,-83.8533316849235,-9.678648941015297
EA_overnight_long,23,vix,0.707368802583856,0.1628375091903552,217,0.5454337578872667,0.8693038472804454,0.43952493498835665,0.9752126701793554
EA_overnight_long,23,activity,-5.492179356828844,3.7892611779917753,217,-9.260440006823442,-1.723918706834246,-11.724959348915021,0.7406006352573344
EA_overnight_long,23,price,0.21714882676846842,0.5870675367265462,217,-0.36666511310577693,0.8009627666427137,-0.7484913402816575,1.1827889938185945
EA_overnight_long,23,policy,-0.7479763844205763,0.5948834515195865,217,-1.3395629223752565,-0.15638984646589627,-1.7264725872659783,0.23051981842482572
EA_overnight_long,23,fx,-23.520543518316536,10.179998926407688,217,-33.64412370174949,-13.396963334883583,-40.26515167478031,-6.77593536185276
EA_overnight_long,24,brent,-56.30292677142276,23.926976568356455,216,-80.0972972411999,-32.508556301645626,-95.65930096186676,-16.94655258097876
EA_overnight_long,24,vix,0.7693531371914074,0.16098462650479967,216,0.6092607062881316,0.9294455680946833,0.5045569904015597,1.0341492839812552
EA_overnight_long,24,activity,-5.891380868989839,4.233566543766492,216,-10.101484492531497,-1.6812772454481815,-12.854978153444561,1.072216415464883
EA_overnight_long,24,price,0.08818821152415499,0.557933681179993,216,-0.4666533360335263,0.6430297590818363,-0.8295310275631427,1.0059074506114527
EA_overnight_long,24,policy,-0.9480859267953299,0.6544671271300817,216,-1.5989259206714794,-0.2972459329191802,-2.0245885545757547,0.12841670098509517
EA_overnight_long,24,fx,-23.24633754936787,10.623472054585262,216,-33.8109330811087,-12.68174201762704,-40.72039408917004,-5.772281009565695
EA_overnight_long,25,brent,-62.207387323294576,26.716339191628165,215,-88.7756614429149,-35.639113203674256,-106.15185474150992,-18.26291990507923
EA_overnight_long,25,vix,0.7056285239626908,0.2012409197092378,215,0.5055029049334583,0.9057541429919234,0.37461666728790105,1.0366403806374807
EA_overnight_long,25,activity,-7.658048632984148,4.3756880620015055,215,-12.009486120708353,-3.306611145259942,-14.85541501217558,-0.4606822537927142
EA_overnight_long,25,price,-0.18813287286013078,0.5748589441908509,215,-0.7598058816443582,0.38354013592409664,-1.1336916921979456,0.7574259464776841
EA_overnight_long,25,policy,-1.0701507599839601,0.7341773282906501,215,-1.8002591917764723,-0.340042328191448,-2.2777650012483774,0.13746348128045716
EA_overnight_long,25,fx,-23.223769823967856,10.64339612427213,215,-33.808179003874415,-12.6393606440613,-40.730598542058104,-5.716941105877606
EA_overnight_long,26,brent,-67.99454817052249,27.808539480662652,214,-95.64896947761713,-40.340126863427855,-113.73552519551366,-22.253571145531325
EA_overnight_long,26,vix,0.6739230502296416,0.22002182931321698,214,0.45512060759088213,0.8927254928684011,0.312019346275299,1.0358267541839843
EA_overnight_long,26,activity,-7.8056457291283525,4.863992117222315,214,-12.642681033970183,-2.9686104242865223,-15.806200804604847,0.19490934634814217
EA_overnight_long,26,price,-0.45106515823445253,0.6293933715153445,214,-1.076970358177852,0.1748400417089469,-1.4863251281506822,0.5841948116817772
EA_overnight_long,26,policy,-1.29707363748828,0.7925606737471672,214,-2.085241847418184,-0.5089054275583762,-2.6007199362804103,0.006572661303850147
EA_overnight_long,26,fx,-22.713821185151833,10.98263884722559,214,-33.635592965221,-11.792049405082665,-40.77865452650898,-4.648987843794686
EA_overnight_long,27,brent,-63.75092609803643,29.146255594126668,213,-92.73564973966208,-34.76620245641079,-111.69225032409031,-15.80960187198255
EA_overnight_long,27,vix,0.6644554024986936,0.20118523091173177,213,0.4643851636331474,0.8645256413642398,0.33353514574446225,0.995375659252925
EA_overnight_long,27,activity,-8.422711070857,5.384391878985301,213,-13.77726202120451,-3.06816012050949,-17.279247581934023,0.43382544022002456
EA_overnight_long,27,price,-0.4791016665445036,0.6481290117352259,213,-1.1236386716015456,0.16543533851253855,-1.545179022229663,0.5869756891406559
EA_overnight_long,27,policy,-1.5476436393852946,0.888653861131283,213,-2.4313724770320846,-0.6639148017385047,-3.009349165971515,-0.08593811279907415
EA_overnight_long,27,fx,-22.885451900805553,10.48177432672735,213,-33.309135010045175,-12.461768791565932,-40.12643641900986,-5.6444673826012455
EA_overnight_long,28,brent,-57.17473894342344,29.768655786659803,212,-86.77841336302492,-27.571064523821956,-106.13982038358074,-8.209657503266143
EA_overnight_long,28,vix,0.5902475159138855,0.19972839780892027,212,0.391626036211951,0.7888689956158199,0.26172353637267654,0.9187714954550944
EA_overnight_long,28,activity,-8.755112889910059,5.466826048321857,212,-14.191641149800155,-3.3185846300199637,-17.747241543405046,0.23701576358492993
EA_overnight_long,28,price,-0.510998261928363,0.710692956403133,212,-1.217752474965104,0.1957559511083783,-1.6799841489169207,0.6579876250601947
EA_overnight_long,28,policy,-1.7263264631991277,0.9651919755387528,212,-2.686169232084436,-0.7664836943138195,-3.3139259848685017,-0.13872694152975384
EA_overnight_long,28,fx,-22.72623751148456,9.862691616436823,212,-32.534268939116906,-12.918206083852214,-38.94892158828455,-6.503553434684573
EA_overnight_long,29,brent,-53.16354563145166,28.369741972785636,211,-81.37605918091496,-24.951032081988362,-99.82761861106553,-6.499472651837799
EA_overnight_long,29,vix,0.5399906614005885,0.2603135640300233,211,0.2811197855445049,0.7988615372566721,0.1118129514611404,0.9681683713400366
EA_overnight_long,29,activity,-9.186572419939155,5.4971594762976945,211,-14.653265996404599,-3.7198788434737127,-18.228595122458074,-0.14454971742023837
EA_overnight_long,29,price,-0.3050329058884708,0.8117555981415443,211,-1.1122896596999783,0.5022238479230365,-1.6402520456897516,1.0301862339128098
EA_overnight_long,29,policy,-1.846474558542276,0.976588622754444,211,-2.8176508130933886,-0.875298303991163,-3.452819896719466,-0.24012922036508577
EA_overnight_long,29,fx,-20.59406489760635,9.564984619588424,211,-30.106039255336107,-11.082090539876598,-36.32706454087142,-4.861065254341288
EA_overnight_long,30,brent,-51.51814471658685,26.18990929266122,210,-77.56290647322218,-25.473382959951525,-94.59671200615071,-8.43957742702299
EA_overnight_long,30,vix,0.4523298900038261,0.24180371138227438,210,0.21186628303034735,0.6927934969773049,0.054598178326365154,0.8500616016812871
EA_overnight_long,30,activity,-8.786700453391354,5.3506427187552585,210,-14.107689285296388,-3.46571162148632,-17.587724535857426,0.014323629074716848
EA_overnight_long,30,price,-0.2244350007021337,0.813081697612436,210,-1.0330105045863895,0.5841405031821222,-1.5618353800278089,1.1129653786235416
EA_overnight_long,30,policy,-1.8906043376227692,0.9747093125380996,210,-2.8599116973142418,-0.9212969779312967,-3.493858485574438,-0.2873501896711004
EA_overnight_long,30,fx,-18.40513755739473,9.148055813500692,210,-27.502493777173306,-9.307781337616154,-33.452350341785845,-3.357924773003619
EA_overnight_long,31,brent,-46.7958735563861,26.315572758798343,209,-72.96560233755295,-20.626144775219245,-90.0811388540009,-3.510608258771292
EA_overnight_long,31,vix,0.2620832765296281,0.3037982409169352,209,-0.04003127905547399,0.5641978321147302,-0.23762036190406982,0.7617869149633261
EA_overnight_long,31,activity,-8.28551266803289,4.829780290362728,209,-13.088525751955197,-3.482499584110583,-16.229794296014756,-0.34123104005102345
EA_overnight_long,31,price,-0.1696508319247094,0.7979421385128668,209,-0.9631706819140788,0.62386901806466,-1.4821488525550122,1.1428471887055933
EA_overnight_long,31,policy,-1.9651405327532423,0.9267789252868159,209,-2.8867831409973794,-1.0434979245091052,-3.4895562093934487,-0.4407248561130359
EA_overnight_long,31,fx,-18.017926707309528,8.558327128801098,209,-26.528822587633677,-9.50703082698538,-32.09512212575519,-3.940731288863864
EA_overnight_long,32,brent,-40.042928606756405,26.515663226191787,208,-66.4116389305778,-13.67421828293502,-83.65731343538172,3.571456221868921
EA_overnight_long,32,vix,0.058339752568115945,0.32049181208039784,208,-0.2603758564594146,0.3770553615956465,-0.468822366940576,0.5855018720768079
EA_overnight_long,32,activity,-7.355342940078508,4.346745548505345,208,-11.677998317096552,-3.032687563060464,-14.505103120972688,-0.20558275918432667
EA_overnight_long,32,price,-0.27740944358912306,0.8929021031726909,208,-1.1653629790237743,0.610544091845528,-1.7461027065053212,1.1912838193270752
EA_overnight_long,32,policy,-1.915329439940102,0.8695089565518457,208,-2.780019476304572,-1.050639403575632,-3.345544400791195,-0.48511447908900873
EA_overnight_long,32,fx,-14.92621911584917,8.140591321444065,208,-23.021694329448124,-6.830743902250216,-28.31630027645612,-1.5361379552422232
EA_overnight_long,33,brent,-35.391900619389176,26.416727133336707,207,-61.66222316573686,-9.121578073041494,-78.84355005684542,8.059748818067064
EA_overnight_long,33,vix,-0.14182155741637376,0.39261877050908967,207,-0.5322643888452591,0.24862127401251155,-0.7876219660974775,0.5039788512647301
EA_overnight_long,33,activity,-6.755511315986375,3.7908163964818766,207,-10.525318565268568,-2.9857040667041823,-12.9908494148467,-0.5201732171260511
EA_overnight_long,33,price,-0.18001131139861942,0.8891589345950197,207,-1.0642424233330223,0.7042198005357836,-1.6425476099035443,1.2825249871063054
EA_overnight_long,33,policy,-1.9088451207079113,0.8310018036084724,207,-2.73524141526788,-1.0824488261479426,-3.275721451376522,-0.5419687900393007
EA_overnight_long,33,fx,-13.246963241285943,7.638871492136165,207,-20.843499215467006,-5.650427267104882,-25.811788720942317,-0.682137761629571
EA_overnight_long,34,brent,-34.12042937296471,26.644662401987244,206,-60.61742394408345,-7.623434801845967,-77.94699896377094,9.70614021784153
EA_overnight_long,34,vix,-0.18948678747893632,0.35317985967145976,206,-0.540709283120134,0.16173570816226135,-0.7704159606257488,0.39144238566787615
EA_overnight_long,34,activity,-6.430392093378119,3.429973689006056,206,-9.841356467612231,-3.019427719144007,-12.072196756087852,-0.7885874306683869
EA_overnight_long,34,price,-0.16776288375425893,0.8785931377257014,206,-1.0414867556995753,0.7059609881910575,-1.6129199929570528,1.277394225448535
EA_overnight_long,34,policy,-1.9351608063193522,0.8029757046052112,206,-2.7336863257899107,-1.1366352868487937,-3.2559383063931477,-0.6143833062455568
EA_overnight_long,34,fx,-11.6375293189525,7.161487751615494,206,-18.75932726905662,-4.51573136884838,-23.417128421565785,0.14206978366078538
EA_overnight_long,35,brent,-28.317243937984184,27.252285216136002,205,-55.418493806651256,-1.2159940693171158,-73.14326411846146,16.508776242493095
EA_overnight_long,35,vix,-0.1663263706819285,0.32571093111857014,205,-0.49023217378037953,0.15757943241652259,-0.7020731770700496,0.36942043570619265
EA_overnight_long,35,activity,-5.836203553352385,3.0032961780548795,205,-8.822855113232784,-2.8495519934719864,-10.776186164635448,-0.8962209420693226
EA_overnight_long,35,price,-0.08859372691864809,0.9191156817384857,205,-1.002615562205192,0.8254281083678958,-1.6004044896141711,1.423217035776875
EA_overnight_long,35,policy,-1.907355580657598,0.7688019647513751,205,-2.67189675513175,-1.142814406183446,-3.171922280786315,-0.6427888805288808
EA_overnight_long,35,fx,-9.297761116719414,6.668141510117105,205,-15.928947007813559,-2.6665752256252686,-20.2658778646612,1.6703556312223728
EA_overnight_long,36,brent,-23.15151326173761,26.624031627624436,204,-49.62799139665454,3.324964873179315,-66.94414824850637,20.641121725031145
EA_overnight_long,36,vix,-0.17454640217538375,0.3093673941072795,204,-0.48219924605342646,0.13310644170265895,-0.6834104824332679,0.33431767808250035
EA_overnight_long,36,activity,-5.178740607991715,2.916019916133156,204,-8.078599601186976,-2.278881614796454,-9.975166543306063,-0.3823146726773663
EA_overnight_long,36,price,-0.03482681102706831,0.9034681955525025,204,-0.9332878803235455,0.8636342582694089,-1.5208997493169039,1.451246127262767
EA_overnight_long,36,policy,-1.8696279630797485,0.7223327023585586,204,-2.5879574132404217,-1.1512985129190754,-3.057759528419882,-0.6814963977396153
EA_overnight_long,36,fx,-7.952052539856706,5.964531200642402,204,-13.883527611986079,-2.0205774677273336,-17.76283331829858,1.8587282385851678
EA_bundesbank_long,0,brent,4.619172641246356e-15,9.884600020721104e-14,319,-9.367901148856759e-14,1.029173567710603e-13,-1.5796802930923068e-13,1.672063745917234e-13
EA_bundesbank_long,0,vix,-1.5459485387000966e-16,2.7493061658631653e-15,319,-2.8886640438698163e-15,2.5794743361297972e-15,-4.6768010723900825e-15,4.3676113646500634e-15
EA_bundesbank_long,0,activity,-6.090970346472494e-15,1.003323126932677e-13,319,-1.0586722964495857e-13,9.368528895201358e-14,-1.711229387804231e-13,1.589409980874781e-13
EA_bundesbank_long,0,price,1.4917238521462876e-14,1.4086260582389037e-13,319,-1.2516469028957304e-13,1.5499916733249876e-13,-2.1678112956979873e-13,2.4661560661272446e-13
EA_bundesbank_long,0,policy,1.0,3.983115216977648e-14,319,0.9999999999999604,1.0000000000000395,0.9999999999999345,1.0000000000000655
EA_bundesbank_long,0,fx,0.9021405174796329,1.062296037424825,319,-0.1542681512399675,1.9585491861992332,-0.845180972574767,2.6494620075340327
EA_bundesbank_long,1,brent,9.315193380137229,3.3579013981096737,318,5.975901863746011,12.654484896528448,3.7919370865111137,14.838449673763344
EA_bundesbank_long,1,vix,-0.028515320049130363,0.04963564407009489,318,-0.07787587758282968,0.02084523748456895,-0.11015868922389827,0.05312804912563754
EA_bundesbank_long,1,activity,0.059092990328473635,0.681240171441943,318,-0.6183716685211307,0.7365576491780779,-1.061447376492849,1.1796333571497961
EA_bundesbank_long,1,price,0.29657947294973486,0.10357196020642166,318,0.19358152064297196,0.39957742525649775,0.12621875855372866,0.46694018734574105
EA_bundesbank_long,1,policy,1.3357253998994518,0.06225456043700856,318,1.2738158615071107,1.397634938291793,1.2333257603703687,1.438125039428535
EA_bundesbank_long,1,fx,1.9779135326317818,1.4453580418805336,318,0.5405658338230721,3.4152612314404918,-0.39948888479889133,4.3553159500624545
EA_bundesbank_long,2,brent,15.743652673632488,5.615593427374367,317,10.15918152087917,21.328123826385806,6.506823457130913,24.98048189013406
EA_bundesbank_long,2,vix,-0.12987172529494662,0.06188172367073103,317,-0.1914104932259127,-0.06833295736398054,-0.2316581029167573,-0.02808534767313592
EA_bundesbank_long,2,activity,1.6720572599787127,0.9386358713250027,317,0.738623418276108,2.6054911016813174,0.12813864264302688,3.2159758773143983
EA_bundesbank_long,2,price,0.3758563036933807,0.14852131965583565,317,0.22815810653691923,0.5235545008498421,0.13156047237786048,0.6201521350089009
EA_bundesbank_long,2,policy,1.4801598599785082,0.11361588002409642,317,1.3671736524307319,1.5931460675262845,1.29327836764159,1.6670413523154264
EA_bundesbank_long,2,fx,2.857110743913679,1.7694195837360538,317,1.0974974901616399,4.616723997665718,-0.053325475993532656,5.767546963820891
EA_bundesbank_long,3,brent,15.297929568753036,7.094951407163539,316,8.24229921090912,22.35355992659695,3.627773013635638,26.968086123870435
EA_bundesbank_long,3,vix,-0.09451499884547496,0.0789779289976082,316,-0.1730552229367266,-0.015974774754223306,-0.22442213180630663,0.035392134115356716
EA_bundesbank_long,3,activity,3.0508392909197886,1.3653442851100144,316,1.6930619032967495,4.408616678542828,0.805047791519117,5.29663079032046
EA_bundesbank_long,3,price,0.285075647973746,0.24433258300089267,316,0.0420971846835069,0.5280541112639852,-0.11681568735769388,0.6869669833051859
EA_bundesbank_long,3,policy,1.563212558135927,0.1416387875556481,316,1.4223587492829413,1.704066366988913,1.3302374847080103,1.7961876315638439
EA_bundesbank_long,3,fx,3.4727219986457745,2.422422681438143,316,1.063724666623504,5.881719330668044,-0.5118087349272651,7.457252732218814
EA_bundesbank_long,4,brent,14.902771138896677,9.056587809458405,315,5.896375996799414,23.90916628099394,0.00600983270453348,29.799532445088822
EA_bundesbank_long,4,vix,-0.0268686088213335,0.09437851751631286,315,-0.12072406957108063,0.06698685192841362,-0.18210745566434372,0.12837023802167674
EA_bundesbank_long,4,activity,4.186227404830764,1.5662965934304478,315,2.628611410049273,5.743843399612255,1.6098987722449571,6.762556037416571
EA_bundesbank_long,4,price,0.38252609770404655,0.28430256980954105,315,0.0997991659401572,0.665253029467936,-0.08511001539880109,0.8501622108068942
EA_bundesbank_long,4,policy,1.611566869149744,0.18444280594112475,315,1.4281462667802658,1.7949874715192222,1.3081854508323785,1.9149482874671095
EA_bundesbank_long,4,fx,2.89415608902142,3.1138764704676904,315,-0.20246291437653774,5.990775092419378,-2.2277149173062085,8.016027095349049
EA_bundesbank_long,5,brent,10.658066801620151,10.676382657767315,314,0.04085390343954565,21.275279699800755,-6.903019935730214,28.219153538970517
EA_bundesbank_long,5,vix,0.11003431999164505,0.12079095807167108,314,-0.01008720048318705,0.23015584046647714,-0.0886491254954863,0.3087177654787764
EA_bundesbank_long,5,activity,4.093389915427863,1.671463787497943,314,2.431189575450901,5.755590255404824,1.3440766422438268,6.842703188611898
EA_bundesbank_long,5,price,0.5662381823125696,0.34869854919122845,314,0.21947216120554847,0.9130042034195908,-0.007319891037338766,1.1397962556624779
EA_bundesbank_long,5,policy,1.5116370282819576,0.2505789588892506,314,1.2624468072480495,1.7608272493158657,1.09947131891525,1.923802737648665
EA_bundesbank_long,5,fx,2.920997898362264,3.717300859597818,314,-0.7757012457271792,6.617697042451708,-3.1934179030170315,9.035413699741559
EA_bundesbank_long,6,brent,6.427700757485574,12.760212216802788,313,-6.261792872943363,19.11719438791451,-14.560980587992976,27.416382102964125
EA_bundesbank_long,6,vix,0.20699456884169667,0.15355468149394483,313,0.05429090532628039,0.35969823235711296,-0.045580405948996566,0.4595695436323899
EA_bundesbank_long,6,activity,3.0540017806729836,1.703002889906933,313,1.3604371316760422,4.747566429669925,0.2528113005007264,5.855192260845241
EA_bundesbank_long,6,price,0.5995631954623036,0.38835392804032864,313,0.2133615702471255,0.9857648206774818,-0.03922217161568187,1.2383485625402892
EA_bundesbank_long,6,policy,1.3780733409450754,0.2988276448510259,313,1.0809018338019682,1.6752448480881825,0.886545605478499,1.8696010764116517
EA_bundesbank_long,6,fx,3.6115968451089207,3.873860524600779,313,-0.24079429203539515,7.4639879822532365,-2.7603366890848027,9.983530379302644
EA_bundesbank_long,7,brent,1.8309836865158087,13.341340212576448,312,-11.436417260464127,15.098384633495746,-20.113568150534086,23.7755355235657
EA_bundesbank_long,7,vix,0.2250757119712551,0.16772155024943358,312,0.05828369414154508,0.39186772980096507,-0.05080168827444931,0.5009531122169595
EA_bundesbank_long,7,activity,2.5938198035547635,1.8176004426373829,312,0.7862927148484808,4.401346892261046,-0.3958668768659366,5.583506483975464
EA_bundesbank_long,7,price,0.6012477541694735,0.4117338740313192,312,0.19179575735453652,1.0106997509844104,-0.07599420186972239,1.2784897102086694
EA_bundesbank_long,7,policy,1.2535047162774167,0.3462509658484545,312,0.90917271372043,1.5978367188344034,0.683972559266136,1.8230368732886975
EA_bundesbank_long,7,fx,2.8917945377212337,4.075088088105321,312,-1.1607089362692653,6.944298011711733,-3.8111288841455435,9.59471795958801
EA_bundesbank_long,8,brent,4.656701442835667,14.679115601320651,311,-9.941060785444936,19.25446367111627,-19.488295094436545,28.801697980107875
EA_bundesbank_long,8,vix,0.14807386332993155,0.15510019869360941,311,-0.0061667519483274424,0.30231447860819055,-0.10704326103214584,0.40319098769200895
EA_bundesbank_long,8,activity,2.456699295956896,1.9853013659719214,311,0.48240070201902685,4.430997889894765,-0.8088308564537305,5.722229448367522
EA_bundesbank_long,8,price,0.724500091834865,0.44138846671943494,311,0.28555785154785696,1.163442332121873,-0.0015193285431466252,1.4505195122128764
EA_bundesbank_long,8,policy,1.3017784377503818,0.36533874423039536,311,0.9384644435085133,1.6650924319922504,0.7008496792371198,1.902707196263644
EA_bundesbank_long,8,fx,1.9913839970516058,3.9718102357652643,311,-1.958414002518351,5.941181996621562,-4.54166247480987,8.524430468913081
EA_bundesbank_long,9,brent,12.744129893739983,14.562965698475388,310,-1.7381261480221006,27.226385935502066,-11.209817054567134,36.6980768420471
EA_bundesbank_long,9,vix,0.10456433748290395,0.16568135796948757,310,-0.0601987950507501,0.269327470016558,-0.16795724509145288,0.37708592005726077
EA_bundesbank_long,9,activity,2.7396190238973084,2.2071522953087888,310,0.5446990243829815,4.934539023411635,-0.8908234342756192,6.370061482070236
EA_bundesbank_long,9,price,0.8741008687618331,0.4829223876257076,310,0.3938548934089719,1.3543468441146944,0.07976422793962334,1.668437509584043
EA_bundesbank_long,9,policy,1.3745364619136424,0.383675375108159,310,0.9929874605438744,1.7560854632834104,0.7434466295950205,2.0056262942322642
EA_bundesbank_long,9,fx,1.7112535333677164,4.0384949882943655,310,-2.3048596440446962,5.727366710780129,-4.931479595553613,8.353986662289046
EA_bundesbank_long,10,brent,16.449833653846028,14.726552804439754,309,1.804897124966212,31.094770182725846,-7.773190139029072,40.672857446721125
EA_bundesbank_long,10,vix,0.07418597986798914,0.17165072881200033,309,-0.09651344055780414,0.24488540029378242,-0.20815434398729316,0.35652630372327143
EA_bundesbank_long,10,activity,2.9161115964465436,2.356703490851556,309,0.5724692315812687,5.2597539613118185,-0.960320688129833,6.792543881022921
EA_bundesbank_long,10,price,0.9559278060535389,0.4897079352869237,309,0.4689338893370858,1.442921722769992,0.15042993254992576,1.761425679557152
EA_bundesbank_long,10,policy,1.3366296734037677,0.3959980460256223,309,0.9428262947979289,1.7304330520096065,0.6852708511328269,1.9879884956747085
EA_bundesbank_long,10,fx,1.0185017141410264,4.277122025652417,309,-3.2349160017190894,5.271919430001143,-6.01673796266738,8.053741390949432
EA_bundesbank_long,11,brent,17.097716321823757,13.860396425506224,308,3.314135832066805,30.88129681158071,-5.700607009655371,39.896039653302886
EA_bundesbank_long,11,vix,0.03278049859034606,0.1618718939749271,308,-0.1281942824431136,0.19375527962380573,-0.23347507331581688,0.299036070496509
EA_bundesbank_long,11,activity,2.6434155050180874,2.2043997747760065,308,0.4512327712462829,4.835598238789892,-0.9824994597732348,6.269330469809409
EA_bundesbank_long,11,price,0.9677911647274063,0.5148171094486897,308,0.45582723182489837,1.4797550976299143,0.12099237503405613,1.8145899544207564
EA_bundesbank_long,11,policy,1.2578119100253684,0.37568265735603706,308,0.8842113298324686,1.6314124902182683,0.6398689284905238,1.875754891560213
EA_bundesbank_long,11,fx,0.8838623909690544,4.183263135826954,308,-3.2762166119948146,5.043941393932923,-5.9969931504883,7.764717932426408
EA_bundesbank_long,12,brent,22.13221069479664,13.973976270610756,307,8.235679832701743,36.02874155689154,-0.8529348568512631,45.117356246444544
EA_bundesbank_long,12,vix,-0.02800374931727561,0.1640100751238898,307,-0.1911048614500517,0.13509736281550047,-0.2977763162413891,0.24176881760683788
EA_bundesbank_long,12,activity,3.6047841831190315,2.3508920349024294,307,1.2669210664352915,5.942647299802772,-0.2620891070615561,7.471657473299619
EA_bundesbank_long,12,price,0.9117007860049177,0.5492258029407056,307,0.3655188566083264,1.4578827154015088,0.008304732022563766,1.8150968399872716
EA_bundesbank_long,12,policy,1.2047050924514782,0.3747871562297823,307,0.8319950504130057,1.5774151344899505,0.5882350791920927,1.8211751057108636
EA_bundesbank_long,12,fx,1.0119418931241655,4.144034237490067,307,-3.109125622638951,5.133009408887283,-5.804387852622449,7.828271638870779
EA_bundesbank_long,13,brent,22.01772545527549,13.414055053061775,306,8.678012661948578,35.3574382486024,-0.04643165087989232,44.081882561430874
EA_bundesbank_long,13,vix,0.014751128302123908,0.1580424866761507,306,-0.14241546845504657,0.1719177250592944,-0.24520562911957225,0.27470788572382004
EA_bundesbank_long,13,activity,3.70651473430991,2.150543759718974,306,1.5678895392698347,5.845139929349985,0.16918503121830097,7.243844437401519
EA_bundesbank_long,13,price,0.8902396139325192,0.5858199520481256,306,0.3076663444767008,1.4728128833883374,-0.07334845893437769,1.853827686799416
EA_bundesbank_long,13,policy,1.136274684447804,0.37777753805483383,306,0.7605908336296019,1.511958535266006,0.5148859307975129,1.757663438098095
EA_bundesbank_long,13,fx,0.9559945211742221,4.217855945344138,306,-3.238485573916383,5.150474616264828,-5.981761128483913,7.893750170832358
EA_bundesbank_long,14,brent,21.30931891329691,12.267808657181288,305,9.109499884454118,33.5091379421397,1.1305693487856026,41.48806847780821
EA_bundesbank_long,14,vix,0.009028537966438356,0.17580682486372973,305,-0.16580394494137418,0.18386102087425088,-0.2801479555534897,0.29820503148636646
EA_bundesbank_long,14,activity,3.228422017398673,1.893010480068715,305,1.3459028224956593,5.110941212301686,0.1146968634004999,6.342147171396846
EA_bundesbank_long,14,price,1.0473646366668639,0.6388862896342021,305,0.4120191294655018,1.682710143868226,-0.0035097940475221634,2.09823906738125
EA_bundesbank_long,14,policy,1.1125633929885375,0.37300468235988143,305,0.7416259461416033,1.4835008398354717,0.4990252883390047,1.7261014976380702
EA_bundesbank_long,14,fx,1.5802401033174651,4.149429422961735,305,-2.5461926971693303,5.706672903804261,-5.244963932820298,8.405444139455227
EA_bundesbank_long,15,brent,17.030059563626224,12.21643773092454,304,4.881326757367242,29.17879236988521,-3.0641923465118133,37.124311473764266
EA_bundesbank_long,15,vix,-0.04654371509771085,0.164624837706687,304,-0.21025618272725202,0.11716875253183032,-0.31732747648585247,0.22424004629043073
EA_bundesbank_long,15,activity,2.372753642034542,1.7144854593849121,304,0.6677700613007203,4.077737222768364,-0.4473239841902914,5.192831268259376
EA_bundesbank_long,15,price,1.0413932570216389,0.6812839594747353,304,0.36388505281763417,1.7189014612256437,-0.07921913470423902,2.1620056487475168
EA_bundesbank_long,15,policy,1.0807808144828286,0.3761001274308324,304,0.7067650778830445,1.4547965510826126,0.46215115578131316,1.699410473184344
EA_bundesbank_long,15,fx,1.7440294968511219,3.7375039217530603,304,-1.9727607416635786,5.460819735365822,-4.403617384589751,7.891676378291994
EA_bundesbank_long,16,brent,16.71513329630545,12.355731905421715,303,4.427878300132557,29.002388292478344,-3.6082371419674786,37.03850373457838
EA_bundesbank_long,16,vix,-0.009223554316409298,0.1478592586334271,303,-0.1562633596699707,0.1378162510371521,-0.25243039215795765,0.23398328352513903
EA_bundesbank_long,16,activity,1.399381838780586,1.7319640799497507,303,-0.3229834939615712,3.1217471715227436,-1.4494455598744305,4.248209237435603
EA_bundesbank_long,16,price,1.2299450142261932,0.7218378723403338,303,0.5121076516779925,1.9477823767743938,0.04262737183626153,2.417262656616125
EA_bundesbank_long,16,policy,1.1844792301925025,0.3746610290337591,303,0.8118946163384024,1.5570638440466025,0.5682166777089531,1.800741782676052
EA_bundesbank_long,16,fx,1.4293005392071616,3.587557090864517,303,-2.1383738912681074,4.99697496968243,-4.471705753596812,7.330306832011134
EA_bundesbank_long,17,brent,15.536162355408612,12.47346022828746,302,3.1318315004848163,27.940493210332406,-4.98085394172495,36.05317865254217
EA_bundesbank_long,17,vix,0.043837240664339375,0.15736071352314002,302,-0.11265136140625888,0.20032584273493764,-0.21499809971386902,0.30267258104254774
EA_bundesbank_long,17,activity,0.9838666801955457,1.752135090282969,302,-0.758557872784786,2.7262912331758775,-1.8981390779653409,3.865872438356432
EA_bundesbank_long,17,price,1.3595690055984828,0.7568420938600553,302,0.6069214190143747,2.112216592182591,0.1146745424832245,2.604463468713741
EA_bundesbank_long,17,policy,1.197142987706705,0.39316848231375445,302,0.8061534910401773,1.5881324843732327,0.5504383835699204,1.8438475918434896
EA_bundesbank_long,17,fx,0.506432380546086,3.764832334143924,302,-3.2375348131063157,4.250399574198488,-5.686165739134724,6.699030500226895
EA_bundesbank_long,18,brent,14.110213717987133,12.112445809768957,301,2.064896497511448,26.155530938462817,-5.812986703464496,34.03341413943876
EA_bundesbank_long,18,vix,-0.007216045153710644,0.1434423275450822,301,-0.1498633985668732,0.13543130825945193,-0.24315767787460013,0.22872558756717887
EA_bundesbank_long,18,activity,1.0850483766369037,1.7099544677290817,301,-0.6154293237260196,2.785526076999827,-1.72757643152915,3.897673184802957
EA_bundesbank_long,18,price,1.4276969291759456,0.825134997714083,301,0.6071349259869138,2.2482589323649775,0.07047063546134158,2.7849232228905496
EA_bundesbank_long,18,policy,1.2302814910279836,0.38556726526804214,301,0.8468510845745529,1.6137118974814142,0.5960797763180842,1.864483205737883
EA_bundesbank_long,18,fx,0.04903740953989969,3.9831402562166245,301,-3.91202781818484,4.010102637264639,-6.50264528755443,6.60072010663423
EA_bundesbank_long,19,brent,14.568135585118041,12.039376456410363,300,2.5954827591108494,26.540788411125234,-5.234876445442703,34.37114761567879
EA_bundesbank_long,19,vix,-0.05392387448770179,0.12401912211666777,300,-0.17725566814537513,0.06940791916997156,-0.2579171773126403,0.1500694283372367
EA_bundesbank_long,19,activity,0.8273721910814582,1.5764110897092323,300,-0.7403022442591658,2.395046626422082,-1.7655933073932948,3.420337689556211
EA_bundesbank_long,19,price,1.5206856916368228,0.8863254734543974,300,0.6392723374704802,2.4020990458031655,0.0628100219658767,2.9785613613077686
EA_bundesbank_long,19,policy,1.2414740926871735,0.36826347021936634,300,0.8752515816293442,1.6076966037450027,0.6357345880231133,1.8472135973512336
EA_bundesbank_long,19,fx,0.03550624178626339,4.117251579642348,300,-4.058927048746879,4.129939532319407,-6.736769952060129,6.807782435632657
EA_bundesbank_long,20,brent,12.393518730075446,12.305522772167757,299,0.15619460227608073,24.63084285787481,-7.847265033258623,32.634302493409514
EA_bundesbank_long,20,vix,0.009492852836455751,0.13239539553910767,299,-0.12216879195808332,0.14115449763099483,-0.20827819370772022,0.22726389938063174
EA_bundesbank_long,20,activity,0.3296376785350577,1.4805738130171295,299,-1.1427306214937503,1.8020059785638656,-2.1056895277755383,2.764964884845654
EA_bundesbank_long,20,price,1.8002238787231672,0.9458301894093198,299,0.8596355906872949,2.7408121667590395,0.24447166119304975,3.3559760962532845
EA_bundesbank_long,20,policy,1.2256443937640606,0.37922124247351724,299,0.848524839705674,1.6027639478224471,0.6018809576644523,1.8494078298636691
EA_bundesbank_long,20,fx,-0.7157099030871862,4.082021528497556,299,-4.775108391533508,3.343688585359136,-7.430037819530383,5.998618013356011
EA_bundesbank_long,21,brent,10.368710109953344,12.906013558450093,298,-2.4657768140593124,23.203197033966,-10.859793101148163,31.597213321054852
EA_bundesbank_long,21,vix,0.007153941402299345,0.1502310748821308,298,-0.1422445353173104,0.15655241812190912,-0.2399541869983917,0.2542620698029904
EA_bundesbank_long,21,activity,0.5919174239150342,1.391896892301522,298,-0.7922654132493716,1.97610026107944,-1.6975492277296067,2.881384075559675
EA_bundesbank_long,21,price,1.879653812716993,0.9989047357189643,298,0.8862851237057136,2.8730225017282724,0.23660173519065308,3.522705890243333
EA_bundesbank_long,21,policy,1.1377883632455792,0.4022694736830472,298,0.7377483139668344,1.537828412524324,0.4761139604461593,1.799462766044999
EA_bundesbank_long,21,fx,-1.8342351467600793,4.188004710252608,298,-5.999029445790365,2.3305591522702063,-8.72288988410893,5.054419590588772
EA_bundesbank_long,22,brent,16.66997608866805,12.59608034056989,297,4.143704696444928,29.196247480891174,-4.048732344890464,37.38868452222657
EA_bundesbank_long,22,vix,0.04824812155976121,0.14372210593908397,297,-0.09467745968286817,0.1911737028023906,-0.18815370566724474,0.28464994878676714
EA_bundesbank_long,22,activity,0.992514100205283,1.5219518653185946,297,-0.5210029301265825,2.5060311305371483,-1.5108739455095654,3.4959021459201316
EA_bundesbank_long,22,price,2.015444822381056,1.0331953998123191,297,0.9879755121416423,3.04291413262047,0.31598962165018696,3.7149000231119254
EA_bundesbank_long,22,policy,1.0801535998512026,0.4129995544449412,297,0.6694429371713151,1.4908642625310902,0.40082978479309916,1.759477414909306
EA_bundesbank_long,22,fx,-2.285521935089527,4.195554880166095,297,-6.457824560109852,1.8867806899307986,-9.186595596804676,4.615551726625623
EA_bundesbank_long,23,brent,19.072901666848296,12.839141273522111,296,6.304916413750519,31.840886919946072,-2.045606423846891,40.19140975754348
EA_bundesbank_long,23,vix,0.10538006610013258,0.13448261320125965,296,-0.028357228752508137,0.2391173609527733,-0.11582414798587125,0.3265842801861364
EA_bundesbank_long,23,activity,1.5971474202726479,1.556886282900604,296,0.04888958298101187,3.145405257564284,-0.9637026289074062,4.157997469452702
EA_bundesbank_long,23,price,2.2304572524435327,1.0940749904384697,296,1.1424457533793608,3.3184687515077043,0.4308640362639189,4.030050468623147
EA_bundesbank_long,23,policy,1.0512524748084897,0.4347338387802607,296,0.6189279817354214,1.483576967881558,0.3361789433322415,1.766326006284738
EA_bundesbank_long,23,fx,-2.925016952158065,4.3355384933749646,296,-7.236527384854137,1.386493480538006,-10.056343167773596,4.206309263457465
EA_bundesbank_long,24,brent,17.786732981464997,13.049266425686318,295,4.809787114336876,30.763678848593116,-3.677400227881215,39.25086619081121
EA_bundesbank_long,24,vix,0.17913511489297976,0.1406859167039724,295,0.03922889597012366,0.3190413338158359,-0.052272625458541916,0.4105428552445014
EA_bundesbank_long,24,activity,1.0955617631630037,1.4773539527599382,295,-0.3736045214502066,2.5647280477762138,-1.3344692443252744,3.525592770651282
EA_bundesbank_long,24,price,2.2713638810203296,1.1720856253516523,295,1.1057740910925453,3.436953670948114,0.3434545890629801,4.199273172977679
EA_bundesbank_long,24,policy,1.0515236949756275,0.4650883983687894,295,0.5890128708283866,1.5140345191228683,0.2865213560656732,1.8165260338855818
EA_bundesbank_long,24,fx,-3.4959633031705337,4.516874154035124,295,-7.987804413117149,0.9958778067760816,-10.92556013791857,3.9336335315775015
EA_bundesbank_long,25,brent,13.14199014565264,13.31804273401661,294,-0.10224244011455497,26.386222731419835,-8.764240749289277,35.048221040594555
EA_bundesbank_long,25,vix,0.308123607876222,0.14766966881666907,294,0.16127234161051193,0.45497487414193205,0.0652286175324012,0.5510185982200428
EA_bundesbank_long,25,activity,0.5108935615517355,1.3079488896974387,294,-0.7898065226433267,1.8115936457467976,-1.6404909135342471,2.6622780366377183
EA_bundesbank_long,25,price,2.3124048244750024,1.1938552456411202,294,1.1251660640358736,3.499643584914131,0.34868769362716523,4.276121955322839
EA_bundesbank_long,25,policy,1.0510209552664054,0.47534325836064545,294,0.5783121047590509,1.5237298057737598,0.26915087270496707,1.8328910378278436
EA_bundesbank_long,25,fx,-3.9462248824704056,4.340566537589285,294,-8.262735493372535,0.37028572843172336,-11.085821494848334,3.1933717299075224
EA_bundesbank_long,26,brent,7.733038232645364,13.30951691637031,293,-5.502715786552661,20.96879225184339,-14.159168940218311,29.625245405509038
EA_bundesbank_long,26,vix,0.3762354325311904,0.12902244080190792,293,0.24792804916476932,0.5045428158976115,0.1640124028200406,0.5884584622423402
EA_bundesbank_long,26,activity,-0.4346350854488138,1.4214657838954035,293,-1.8482229399565298,0.978952769058902,-2.7727382356765857,1.903468064778958
EA_bundesbank_long,26,price,2.4144654572726667,1.2217838784094806,293,1.199452847809772,3.6294780667355617,0.40480981351999645,4.424121101025337
EA_bundesbank_long,26,policy,1.0439347997333186,0.48398052612980386,293,0.5626365502035311,1.525233049263106,0.2478576759548291,1.840011923511808
EA_bundesbank_long,26,fx,-4.7201910782290275,4.112328248381367,293,-8.809728323178035,-0.6306538332800198,-11.484369112794113,2.0439869563360578
EA_bundesbank_long,27,brent,3.5718652774874657,12.30363112315494,292,-8.663577685038838,15.807308240013768,-16.665807000106952,23.80953755508188
EA_bundesbank_long,27,vix,0.30577162124569524,0.1084181694747333,292,0.19795431792837564,0.4135889245630148,0.1274396019577408,0.4841036405336497
EA_bundesbank_long,27,activity,-0.8582632698544251,1.26811869122923,292,-2.119353899192968,0.40282735948411774,-2.9441328985277777,1.2276063588189277
EA_bundesbank_long,27,price,2.323926128007243,1.2574719849059024,292,1.0734231997021524,3.5744290563123338,0.255568772844903,4.392283483169583
EA_bundesbank_long,27,policy,0.9951877748369929,0.4794246277037555,292,0.5184201744120922,1.4719553752618937,0.20660443710861154,1.7837711125653744
EA_bundesbank_long,27,fx,-4.824810750989911,4.083662206417249,292,-8.88584082452728,-0.7637806774525426,-11.541837342459974,1.8922158404801515
EA_bundesbank_long,28,brent,5.281583777768826,11.346450354559716,291,-6.0019832237711865,16.565150779308837,-13.381666240953535,23.94483379649119
EA_bundesbank_long,28,vix,0.29311530248741163,0.10806790670037536,291,0.1856463207472472,0.4005842842275761,0.11535941419424595,0.4708711907805773
EA_bundesbank_long,28,activity,-0.3773858148268519,1.1476096457667133,291,-1.5186352739071125,0.7638636442534088,-2.2650357029907244,1.5102640733370205
EA_bundesbank_long,28,price,2.344757793562057,1.2531361085787018,291,1.0985667116511733,3.5909488754729404,0.2835323203025255,4.405983266821588
EA_bundesbank_long,28,policy,0.9744955331285374,0.4939409315842214,291,0.4832920798746389,1.465698986382436,0.162035000312442,1.7869560659446329
EA_bundesbank_long,28,fx,-4.094994081244989,4.225037711562204,291,-8.29661614036652,0.1066279778765411,-11.044562685114828,2.8545745226248496
EA_bundesbank_long,29,brent,5.770988870855798,10.407636456075702,290,-4.5789672484699055,16.120944990181503,-11.348049701912682,22.89002744362428
EA_bundesbank_long,29,vix,0.28233077192614586,0.10636546215230207,290,0.1765547995875404,0.38810674426475134,0.10737515572256229,0.45728638812972944
EA_bundesbank_long,29,activity,0.01870775842814701,1.0801788798607554,290,-1.0554846439260626,1.0929001607823565,-1.758028389867195,1.7954439067234889
EA_bundesbank_long,29,price,2.467810854048285,1.2798058470673792,290,1.1950978404541936,3.740523867642376,0.36271756470580563,4.5729041433907645
EA_bundesbank_long,29,policy,0.9931073130099125,0.5145730276514003,290,0.481386109174867,1.504828516844958,0.14671000214610663,1.8395046238737183
EA_bundesbank_long,29,fx,-3.440609865601986,4.076912113714648,290,-7.4949272562388565,0.6137075250348847,-10.146533542607916,3.265313811403944
EA_bundesbank_long,30,brent,5.082220235124478,9.498176829997156,289,-4.363316589586422,14.527757059835377,-10.54089037312278,20.705330843371733
EA_bundesbank_long,30,vix,0.25725972711862966,0.1058136373691893,289,0.15203252128574118,0.3624869329515181,0.08321178191099082,0.4313076723262685
EA_bundesbank_long,30,activity,0.19131099329562956,1.1976567605396757,289,-0.9997082136025068,1.382330200193766,-1.7786590731210066,2.1612810597122656
EA_bundesbank_long,30,price,2.5172885864377244,1.3094944097312775,289,1.2150515476613526,3.819525625214096,0.3633619571185558,4.671215215756893
EA_bundesbank_long,30,policy,0.9932908744598076,0.5107274811070226,289,0.48539390470106847,1.5011878442185467,0.15321892477713206,1.833362824142483
EA_bundesbank_long,30,fx,-2.559648868522712,3.820661019982616,289,-6.3591353389166425,1.2398376018712178,-8.844077004593228,3.7247792675478038
EA_bundesbank_long,31,brent,4.340928345817998,8.711522631590014,288,-4.322314009926869,13.004170701562865,-9.98825125102267,18.670107942658667
EA_bundesbank_long,31,vix,0.26153380974505325,0.1285175785143241,288,0.1337284906604552,0.38933912882965127,0.050141204598746686,0.4729264148913598
EA_bundesbank_long,31,activity,-0.21518672345234446,1.1424611380402787,288,-1.3513162084372858,0.920942761532597,-2.0943680700090033,1.6639946231043141
EA_bundesbank_long,31,price,2.5101020659942663,1.301628092051641,288,1.2156877488462412,3.8045163831422917,0.36911437784120027,4.651089754147332
EA_bundesbank_long,31,policy,1.0242567537709009,0.480555712473467,288,0.546364337180182,1.5021491703616197,0.2338129471566699,1.8147005603851318
EA_bundesbank_long,31,fx,-1.940985461416616,3.6991533019154654,288,-5.61963762370784,1.737666700874608,-8.025551186721783,4.14358026388855
EA_bundesbank_long,32,brent,7.061650732433386,8.476853090897746,287,-1.3682226486208426,15.491524113487614,-6.881531819264567,21.00483328413134
EA_bundesbank_long,32,vix,0.187257481493879,0.134283924728927,287,0.05371777395885238,0.32079718902890564,-0.03361991913777504,0.40813488212553306
EA_bundesbank_long,32,activity,-0.5078702487966257,1.0162218739337348,287,-1.5184601024202165,0.5027196048269652,-2.179406483923951,1.1636659863306993
EA_bundesbank_long,32,price,2.785419696247282,1.220464242748124,287,1.571719408870788,3.9991199836237765,0.7779346599984485,4.792904732496115
EA_bundesbank_long,32,policy,1.1016945182746638,0.4760691756816976,287,0.6282637735648305,1.5751252629844972,0.318630407974826,1.8847586285745015
EA_bundesbank_long,32,fx,-1.3161735004974477,3.5283785155041425,287,-4.824997330188469,2.192650329193574,-7.119839698982087,4.487492697987191
EA_bundesbank_long,33,brent,10.08855145124105,8.818985246096142,286,1.3184420513502335,18.858660851131866,-4.417388416831708,24.59449131931381
EA_bundesbank_long,33,vix,0.04488152174033786,0.12950448092722677,286,-0.08390523022872998,0.17366827370940568,-0.16813439341927883,0.25789743689995454
EA_bundesbank_long,33,activity,-0.4134163949464591,1.174574066320022,286,-1.5814808346121407,0.7546480447192225,-2.345418808056086,1.5185860181631679
EA_bundesbank_long,33,price,2.906939775094308,1.1653279823035452,286,1.7480701765676312,4.065809373620985,0.9901458168142807,4.823733733374334
EA_bundesbank_long,33,policy,1.232295207951648,0.4659163733587939,286,0.7689609975484968,1.6956294183547993,0.46593097137635975,1.9986594445269363
EA_bundesbank_long,33,fx,0.14080810150060158,3.2889551281828138,286,-3.129919253243943,3.411535456245146,-5.269041669971543,5.550657872972746
EA_bundesbank_long,34,brent,11.445095877897032,9.850748378800937,285,1.6489414970827418,21.24125025871132,-4.75794332116002,27.648135076954084
EA_bundesbank_long,34,vix,0.023830605049807146,0.18289550392414144,285,-0.15805127063117572,0.20571248073079,-0.27700572793293404,0.32466693803254837
EA_bundesbank_long,34,activity,-1.0812775236616492,1.2750558394475067,285,-2.3492668547328517,0.1867118074095535,-3.1785577457425345,1.016002698419236
EA_bundesbank_long,34,price,2.9532939996452745,1.1196147088086361,285,1.8398843263129336,4.066703672977615,1.1116916850731733,4.794896314217375
EA_bundesbank_long,34,policy,1.2736226340956096,0.4458659533415345,285,0.8302277219402885,1.7170175462509307,0.5402384036076108,2.0070068645836083
EA_bundesbank_long,34,fx,2.238881132132674,2.925318314311148,285,-0.6702247264319148,5.147986990697262,-2.572839307149584,7.050601571414932
EA_bundesbank_long,35,brent,1.1840024252137575,12.213379625248514,284,-10.961689223748012,13.329694074175526,-18.90521934871147,21.273224199138987
EA_bundesbank_long,35,vix,0.09788547572912484,0.165847785757197,284,-0.06704316223000198,0.2628141136882517,-0.1749098561954713,0.370680807653721
EA_bundesbank_long,35,activity,-0.9715205141738795,1.2938540196025459,284,-2.258203843690258,0.3151628153424991,-3.099720991062868,1.156679962715109
EA_bundesbank_long,35,price,2.8448283352682227,1.1644219543032812,284,1.6868597434288173,4.002796927107628,0.9295246604305494,4.760132010105896
EA_bundesbank_long,35,policy,1.2355122989609877,0.45077674255354505,284,0.7872338137610013,1.683790784160974,0.49405053902641916,1.9769740588955562
EA_bundesbank_long,35,fx,2.1046631608314708,3.0326648639101754,284,-0.9111943202172372,5.120520641880178,-2.883626639899474,7.092952961562416
EA_bundesbank_long,36,brent,0.23740823507544545,13.538861577384791,283,-13.226419390240498,13.701235860391389,-22.032037335279856,22.506853805430747
EA_bundesbank_long,36,vix,0.09192676212030103,0.1720234655406115,283,-0.07914332928362143,0.2629968535242235,-0.19102665909493532,0.3748801833355374
EA_bundesbank_long,36,activity,-1.2488954336009936,1.4280742137133071,283,-2.669055093236762,0.17126422603477476,-3.5978684835831984,1.100077616381211
EA_bundesbank_long,36,price,2.565157359747342,1.1868488039613525,283,1.3848862104699076,3.745428509024776,0.6129647999084946,4.517349919586189
EA_bundesbank_long,36,policy,1.094342140626831,0.45265751950718053,283,0.6441933019587426,1.5444909792949195,0.3497867778985885,1.8388975033550734
EA_bundesbank_long,36,fx,2.7061463018989804,3.2215240787274757,283,-0.49752371414159624,5.909816317939557,-2.592789263307407,8.005081867105368
EA_overnight_common,0,brent,-1.7368218681125772e-14,4.5174915074355755e-13,261,-4.666137228713678e-13,4.318772855091163e-13,-7.604294477539136e-13,7.256930103916622e-13
EA_overnight_common,0,vix,-5.898540415675545e-17,2.7683895681151692e-15,261,-2.8120322339645306e-15,2.6940614256510193e-15,-4.612581026085611e-15,4.4946102177721e-15
EA_overnight_common,0,activity,-6.889214815293791e-15,3.8965057384997105e-13,261,-3.9438029967760177e-13,3.8060187004701413e-13,-6.478073744561411e-13,6.340289448255535e-13
EA_overnight_common,0,price,2.8919586003659694e-16,3.7848591417665643e-13,261,-3.7609910517678957e-13,3.7667749689686277e-13,-6.222647328234803e-13,6.228431245435535e-13
EA_overnight_common,0,policy,0.9999999999999998,1.458231638496891e-14,261,0.9999999999999852,1.0000000000000142,0.9999999999999758,1.0000000000000238
EA_overnight_common,0,fx,4.40124946741031,1.3866891552070528,261,3.022245505453183,5.780253429367438,2.120348781013717,6.682150153806903
EA_overnight_common,1,brent,-1.000530845026832,7.198337345869122,260,-8.158974164629555,6.15791247457589,-12.84074213639989,10.839680446346225
EA_overnight_common,1,vix,-0.18656604019836595,0.10055798665125226,260,-0.2865667227434049,-0.08656535765332699,-0.3519692092606159,-0.02116287113611595
EA_overnight_common,1,activity,0.9719616715979221,1.2386788060676202,260,-0.25985223186086814,2.2037755750567123,-1.065483655190322,3.009406998386166
EA_overnight_common,1,price,-0.17807913357068364,0.2677384096510641,260,-0.44433370568622665,0.0881754385448594,-0.6184696277594555,0.26231136061808813
EA_overnight_common,1,policy,1.4775666864500265,0.11057557997848769,260,1.367603929249929,1.5875294436501242,1.2956860426701484,1.6594473302299046
EA_overnight_common,1,fx,4.667056127104539,2.0125272136559924,260,2.6656825743101775,6.6684296798989005,1.3567434403839398,7.977368813825138
EA_overnight_common,2,brent,9.502042173004572,11.158487919816675,259,-1.5946041035579253,20.59868844956707,-8.852037153200072,27.856121499209216
EA_overnight_common,2,vix,-0.12376490100201788,0.12736916755838112,259,-0.250428173758314,0.00289837175427822,-0.3332685382222108,0.08573873621817506
EA_overnight_common,2,activity,3.920295218311303,1.9804740554147051,259,1.9507971814117595,5.889793255210847,0.6627052851791349,7.177885151443471
EA_overnight_common,2,price,-0.030205062808023653,0.3965378951228069,259,-0.42454529860430146,0.36413517298825415,-0.6824518578244749,0.6220417322084277
EA_overnight_common,2,policy,1.841185061198613,0.17783868123341984,259,1.664331982706412,2.018038139690814,1.5486664613595555,2.13370366103767
EA_overnight_common,2,fx,5.048781661031797,2.4464153500931984,259,2.6159246305262673,7.481638691537327,1.0247864994012446,9.07277682266235
EA_overnight_common,3,brent,12.676292667468289,14.191009209362887,258,-1.4360683114848456,26.788653646421423,-10.665840300653997,36.018425635590575
EA_overnight_common,3,vix,-0.17826388575666977,0.1390534497767463,258,-0.31654668507466666,-0.039981086438672875,-0.40698645696206526,0.050458685448725726
EA_overnight_common,3,activity,6.257627383261986,2.6320983352638514,258,3.6401164443755802,8.875138322148391,1.928210890010309,10.587043876513663
EA_overnight_common,3,price,-0.1560457898624039,0.4440854042812069,258,-0.5976700209682405,0.2855784412434327,-0.8865012777705579,0.57440969804575
EA_overnight_common,3,policy,2.2547211960564666,0.2254261435347175,258,2.0305443905367935,2.4788980015761397,1.8839281862537034,2.62551420585923
EA_overnight_common,3,fx,5.245431829409453,3.2266902319984503,258,2.0366242915226858,8.454239367296221,-0.06200130174208418,10.55286496056099
EA_overnight_common,4,brent,4.4425205602910385,15.827993938620914,257,-11.297752787366724,20.1827939079488,-21.592212677015482,30.477253797597562
EA_overnight_common,4,vix,-0.12658914404824897,0.16524498913014438,257,-0.2909183261496311,0.03774003805313311,-0.3983929637545235,0.14521467565802557
EA_overnight_common,4,activity,4.579387740465532,3.203152182265106,257,1.3939878016914724,7.764787679239592,-0.6893287442107496,9.848104225141814
EA_overnight_common,4,price,-0.46297918517052955,0.5449531509484903,257,-1.0049121421112504,0.0789537717701913,-1.3593473520267867,0.43338898168572765
EA_overnight_common,4,policy,2.4269938144781436,0.2583571263553773,257,2.1700685334906202,2.683919095465667,2.0020341581437417,2.8519534708125454
EA_overnight_common,4,fx,6.733713459011722,3.6252930813041084,257,3.1285121753630736,10.33891474266037,0.7706369854665818,12.696789932556861
EA_overnight_common,5,brent,8.406006225721047,15.568014594880887,256,-7.075728614082749,23.887741065524843,-17.201099045102232,34.013111496544326
EA_overnight_common,5,vix,-0.14720627623530821,0.1538701339897732,256,-0.3002236439719792,0.005811091501362775,-0.4003001242078956,0.10588757173727922
EA_overnight_common,5,activity,5.039043171903193,2.958817619254645,256,2.0966236654554966,7.981462678350891,0.1722212793842708,9.905865064422116
EA_overnight_common,5,price,-0.36089847316877655,0.6404135533733512,256,-0.9977627798352758,0.27596583349772275,-1.4142850291838132,0.6924880828462601
EA_overnight_common,5,policy,2.4635639977628916,0.27764168511975057,256,2.1874610352879156,2.7396669602378676,2.0068840650007513,2.920243930525032
EA_overnight_common,5,fx,6.917894386558825,3.5172353484613588,256,3.4201519671774228,10.415636805940228,1.132557066800235,12.703231706317416
EA_overnight_common,6,brent,12.592444528366967,17.809984950287685,255,-5.118835405293693,30.303724462027624,-16.702373813064867,41.887262869798796
EA_overnight_common,6,vix,-0.19200603820729048,0.14720951121399922,255,-0.3383996971175066,-0.045612379297074346,-0.4341441366493905,0.05013206023480954
EA_overnight_common,6,activity,5.933931987701115,3.5299717294957906,255,2.4235237737964583,9.444340201605772,0.12764518540380365,11.740218789998426
EA_overnight_common,6,price,-0.3533360002817559,0.7220358733806267,255,-1.0713702665253595,0.3646982659618477,-1.5409793254009534,0.8343073248374417
EA_overnight_common,6,policy,2.5562933312244014,0.3116411440671084,255,2.246379338774359,2.866207323674444,2.043689265098312,3.068897397350491
EA_overnight_common,6,fx,5.997001190114245,3.658979904245572,255,2.358299779831167,9.635702600397323,-0.021485176326633493,12.015487556555124
EA_overnight_common,7,brent,7.622247204187439,18.869011981409905,254,-11.142190509104932,26.38668491747981,-23.414515590425424,38.6590099988003
EA_overnight_common,7,vix,-0.17285878331543575,0.16030500613334583,254,-0.3322753603827294,-0.013442206248142102,-0.4365370540723476,0.09081948744147611
EA_overnight_common,7,activity,5.601106429413254,3.27491327820096,254,2.344343103078013,8.857869755748496,0.2143534458128702,10.987859413013638
EA_overnight_common,7,price,-0.4058512059349845,0.8146422525291035,254,-1.2159786159583021,0.40427620408833315,-1.7458184696753973,0.9341160578054282
EA_overnight_common,7,policy,2.5381085036754496,0.35084464339239124,254,2.1892082822719714,2.887008725078928,1.9610204194949792,3.11519658785592
EA_overnight_common,7,fx,5.266129447333764,3.5427309756384635,254,1.7430327005187127,8.789226194148815,-0.5611444472584894,11.093403341926017
EA_overnight_common,8,brent,7.118914897035477,16.282017548828083,253,-9.072865808956156,23.31069560302711,-19.66262072224191,33.900450516312866
EA_overnight_common,8,vix,0.06365755991527579,0.1725253183435389,253,-0.10791160296472875,0.23522672279528034,-0.22012133570305153,0.3474364555336031
EA_overnight_common,8,activity,2.639945783465155,2.594729597230312,253,0.05959648070180279,5.220295086228507,-1.6280046054974555,6.907896172427765
EA_overnight_common,8,price,-0.6240418473285964,0.9148055621999701,253,-1.533777450262487,0.2856937556052944,-2.1287630942685976,0.880679399611405
EA_overnight_common,8,policy,2.552997291751785,0.3740716407531184,253,2.1809987997196396,2.92499578378393,1.9377041967193303,3.1682903867842396
EA_overnight_common,8,fx,4.283104126783849,3.4635163296006524,253,0.8387830091867694,7.727425244380928,-1.4138732699654337,9.980081523533132
EA_overnight_common,9,brent,-1.4595544058815346,17.610257085607742,252,-18.97221339001457,16.053104578251503,-30.425849644691286,27.50674083292822
EA_overnight_common,9,vix,0.03764946422795236,0.21086211262416743,252,-0.17204402594141383,0.24734295439731852,-0.30918784650855924,0.38448677496446393
EA_overnight_common,9,activity,1.6134725512679833,2.283409854694844,252,-0.6572823793321423,3.884227481868109,-2.142402430043565,5.369347532579531
EA_overnight_common,9,price,-0.8192415713769515,0.9507638357165943,252,-1.7647361628760616,0.12625302012215867,-2.383108914929685,0.744625772175782
EA_overnight_common,9,policy,2.504626994098075,0.40915165539464166,252,2.097742904962553,2.911511083233597,1.831632409749,3.17762157844715
EA_overnight_common,9,fx,1.6017282231527419,3.383241959200138,252,-1.7627634139798463,4.96621986028533,-3.9632095842920085,7.166666030597493
EA_overnight_common,10,brent,-3.1899703358985834,16.375289880364015,251,-19.474506447271477,13.094565775474312,-30.12492528799707,23.744984616199904
EA_overnight_common,10,vix,-0.08846115314898789,0.20488186719744297,251,-0.29220754111021885,0.11528523481224306,-0.42546183550529176,0.24853952920731598
EA_overnight_common,10,activity,2.0022963539031884,1.9844183485047908,251,0.028875883646519274,3.9757168241598575,-1.261781364023967,5.266374071830343
EA_overnight_common,10,price,-1.08168389402825,1.0166841212256583,251,-2.0927334331152867,-0.0706343549412134,-2.7539804582902443,0.590612670233744
EA_overnight_common,10,policy,2.264036341945161,0.43411145068120616,251,1.8323307876236135,2.695741896266709,1.549986547791014,2.978086136099308
EA_overnight_common,10,fx,0.7398588470690695,3.3048917573396235,251,-2.546716814172255,4.026434508310394,-4.696204346673035,6.175922040811173
EA_overnight_common,11,brent,3.487125778748413,16.517796205510184,250,-12.939126871073341,19.91337842857017,-23.682231219130273,30.6564827766271
EA_overnight_common,11,vix,-0.07333491762487324,0.15833487044544864,250,-0.23079227772634464,0.08412244247659817,-0.33377260354996086,0.1871027683002144
EA_overnight_common,11,activity,0.2862759418020569,1.8442428851515977,250,-1.5477459338904496,2.1202978174945635,-2.7472336568189952,3.3197855404231094
EA_overnight_common,11,price,-1.0158059709995924,1.0563088953431528,250,-2.066260679078177,0.0346487370789923,-2.7532794886858802,0.7216675466866953
EA_overnight_common,11,policy,2.138333319914297,0.46885857667242925,250,1.6720732122318953,2.604593427596699,1.367129589547347,2.909537050281247
EA_overnight_common,11,fx,-0.3417345994443436,3.19552469233138,250,-3.519549320724707,2.8360801218360194,-5.597904979638601,4.914435780749914
EA_overnight_common,12,brent,5.377896019176275,17.14138817122692,249,-11.668492576858759,22.424284615211306,-22.817178485249386,33.57297052360194
EA_overnight_common,12,vix,-0.06782360172707527,0.15408488439584314,249,-0.22105452969798503,0.08540732624383449,-0.3212706826839762,0.1856234792298256
EA_overnight_common,12,activity,1.2173204126293897,2.1270922697903236,249,-0.8979832633781255,3.332624088636905,-2.281435022195663,4.716075847454443
EA_overnight_common,12,price,-1.1337321234457876,1.0602940471031346,249,-2.1881498971078734,-0.07931434978370167,-2.8777606324584335,0.6102963855668582
EA_overnight_common,12,policy,1.8800980123931317,0.5062145943076742,249,1.3766889184880378,2.3835071062982256,1.0474491009303857,2.7127469238558777
EA_overnight_common,12,fx,-1.5009474143505854,3.411437830218445,249,-4.893478657691295,1.891583828990124,-7.112263302504854,4.110368473803684
EA_overnight_common,13,brent,-1.7886857106001586,17.65350648834564,248,-19.344354404230014,15.766982983029695,-30.82611988636683,27.24874846516651
EA_overnight_common,13,vix,0.01268756782013507,0.178266789958662,248,-0.16459124676875367,0.18996638240902383,-0.28053520820836636,0.3059103438486365
EA_overnight_common,13,activity,0.1378820048349865,1.7034062509580263,248,-1.5560837697389944,1.8318477794089674,-2.6639719452251325,2.9397359548951054
EA_overnight_common,13,price,-1.331643415411159,1.118420659434191,248,-2.443865656930141,-0.21942117389217675,-3.171281693538945,0.5079948627166271
EA_overnight_common,13,policy,1.6892142395567191,0.5449372065691525,248,1.1472971386297237,2.2311313404837145,0.7928722988706453,2.585556180242793
EA_overnight_common,13,fx,-0.11924116104604761,3.68066222250821,248,-3.779504723651669,3.5410224015595735,-6.1733917673219425,5.934909445229848
EA_overnight_common,14,brent,-5.152127534160589,18.621014378691985,247,-23.669942076413,13.365687008091825,-35.78097057246761,25.476715504146433
EA_overnight_common,14,vix,0.12129269162309714,0.19537992108212812,247,-0.07300441111792469,0.31558979436411894,-0.20007868020233366,0.44266406344852793
EA_overnight_common,14,activity,-0.42133623594129316,1.3830815384303348,247,-1.7967525749552131,0.9540801030726269,-2.6963029207980513,1.853630448915465
EA_overnight_common,14,price,-1.5323695683909995,1.1975767851408778,247,-2.7233092431233388,-0.3414298936586604,-3.502208086982856,0.4374689502008571
EA_overnight_common,14,policy,1.5757497938105225,0.5530443060738292,247,1.0257705238711354,2.1257290637499096,0.6660728611001246,2.4854267265209202
EA_overnight_common,14,fx,-0.3458437140868619,3.079519307391665,247,-3.408295965819143,2.716608537645419,-5.411202216117127,4.719514787943403
EA_overnight_common,15,brent,-0.4596549532829407,17.76574197243954,246,-18.126937108845834,17.207627202279955,-29.681700072134113,28.762390165568235
EA_overnight_common,15,vix,0.2529249572292706,0.18129548253589695,246,0.0726342354311317,0.43321567902740954,-0.045279574769816755,0.551129489228358
EA_overnight_common,15,activity,-0.5465669064433115,1.801978598517983,246,-2.338558729114783,1.2454249162281603,-3.510557939904546,2.4174241270179233
EA_overnight_common,15,price,-1.4243855272264883,1.171831928804168,246,-2.589723026622684,-0.2590480278302927,-3.3518775254975632,0.5031064710445867
EA_overnight_common,15,policy,1.3625340781708364,0.5837207391101362,246,0.7820483875697376,1.943019768771935,0.40239890331873485,2.322669253022938
EA_overnight_common,15,fx,-1.2474666040711933,3.2957570994977554,246,-4.524958232811247,2.0300250246688614,-6.668504622731139,4.173571414588753
EA_overnight_common,16,brent,-1.745780621694901,16.237747467869553,245,-17.893536596686992,14.401975353297189,-28.454498437742217,24.962937194352413
EA_overnight_common,16,vix,0.18408645083003153,0.19042022788961158,245,-0.005278445917390462,0.3734513475774535,-0.12912695165912189,0.4972998533191849
EA_overnight_common,16,activity,-1.8887257366819457,2.2269899706241194,245,-4.103373468798159,0.32592199543426714,-5.55179826704758,1.774346793683689
EA_overnight_common,16,price,-1.5606446904105726,1.2088992027142453,245,-2.7628440325557397,-0.35844534826540553,-3.549106928613842,0.42781754779269665
EA_overnight_common,16,policy,1.205713768202144,0.6019063206519926,245,0.6071432826759923,1.8042842537282957,0.21566597359269823,2.1957615628115894
EA_overnight_common,16,fx,1.73931265763514,3.258696369967929,245,-1.5013236364664744,4.979948951736755,-3.6207658856402043,7.0993912009104845
EA_overnight_common,17,brent,0.1842965720356616,14.948053395070929,244,-14.680912965332944,15.049506109404266,-24.40306327071102,24.771656414782345
EA_overnight_common,17,vix,0.15960953246373916,0.13997499641330627,244,0.020410293828269782,0.29880877109920856,-0.07062884806920694,0.38984791299668525
EA_overnight_common,17,activity,-3.1364207786804386,2.591008005212701,244,-5.713069114923787,-0.5597724424370902,-7.398249693514848,1.125408136153971
EA_overnight_common,17,price,-1.3504711374865914,1.2131291462942395,244,-2.556876980370416,-0.14406529460276674,-3.345891013729214,0.6449487387560313
EA_overnight_common,17,policy,1.0781084789980246,0.6325588839897416,244,0.4490553102200622,1.7071616477759872,0.03764170440712289,2.1185752535889266
EA_overnight_common,17,fx,4.200650206418101,4.182289272485518,244,0.041539669531292844,8.359760743304909,-2.678603472389936,11.079903885226138
EA_overnight_common,18,brent,-0.8097877664613284,13.745372073323695,243,-14.478981382429271,12.859405849506615,-23.418912875065285,21.799337342142625
EA_overnight_common,18,vix,0.10886640403501109,0.09888586749572016,243,0.010528573565857055,0.20720423450416514,-0.053786373769566895,0.27151918183958906
EA_overnight_common,18,activity,-2.7475523203816676,2.1617916865704614,243,-4.897363104948972,-0.5977415358143636,-6.303383216750631,0.8082785759872957
EA_overnight_common,18,price,-1.2464347321967573,1.1968183212391088,243,-2.436620146522852,-0.05624931787066245,-3.2150256886888773,0.7221562242953627
EA_overnight_common,18,policy,0.7894557519359386,0.6487110403308814,243,0.1443399439536932,1.434571559918184,-0.2775789555957744,1.8564904594676517
EA_overnight_common,18,fx,5.404762178378506,4.2760155100333455,243,1.1524448456986702,9.657079511058342,-1.6286574422005913,12.438181798957602
EA_overnight_common,19,brent,14.291840820467481,13.578311299363712,242,0.7887821081391664,27.794899532795796,-8.042493768167073,36.62617540910203
EA_overnight_common,19,vix,-0.05463463473870782,0.14271366556696705,242,-0.19655736450353856,0.0872880950261229,-0.28937772516207294,0.18010845568465733
EA_overnight_common,19,activity,-1.56643199598265,1.9091960222381785,242,-3.4650470308901102,0.3321830389248104,-4.706779997722441,1.5739160057571409
EA_overnight_common,19,price,-1.075390387458899,1.2734079374561562,242,-2.341740949404046,0.19096017448624814,-3.169960051972451,1.0191792770546526
EA_overnight_common,19,policy,0.6111387432769887,0.6620859044274103,242,-0.04727780374290891,1.2695552902968863,-0.4778956579738828,1.7001731445278603
EA_overnight_common,19,fx,6.0330866846631634,5.4468131986109505,242,0.616460360933571,11.449713008392756,-2.9261237603992063,14.992297129725532
EA_overnight_common,20,brent,8.778328367768747,11.785523028133614,241,-2.94187791530881,20.498534650846302,-10.607131930576923,28.163788666114417
EA_overnight_common,20,vix,0.08354503184558795,0.17742783894928105,241,-0.09289948129839512,0.25998954498957105,-0.2082977925722986,0.3753878562634745
EA_overnight_common,20,activity,-1.0327039442452643,1.5240150074752274,241,-2.5482726825589754,0.48286479406844696,-3.539485556819367,1.4740776683288384
EA_overnight_common,20,price,-1.0608447227029036,1.2381097631560674,241,-2.2920927369524158,0.17040329154660827,-3.097354057194189,0.9756646117883818
EA_overnight_common,20,policy,0.3845661174192123,0.6521464184441124,241,-0.26396602940954184,1.0330982642479665,-0.6881192842619983,1.457251519100423
EA_overnight_common,20,fx,5.980421856008623,5.28258498352103,241,0.7271135754206686,11.233730136596577,-2.708657213815324,14.669500925832569
EA_overnight_common,21,brent,4.217431977744274,12.656722850627187,240,-8.369145836662955,16.804009792151504,-16.601024508429425,25.035888463917978
EA_overnight_common,21,vix,0.20137973630820252,0.14656998941166602,240,0.05562205489580116,0.3471374177206039,-0.039706442377815176,0.4424659149942202
EA_overnight_common,21,activity,-2.001108964996653,1.3407293093287187,240,-3.3344077959089655,-0.6678101340843408,-4.206412432206138,0.20419450221283197
EA_overnight_common,21,price,-1.0421950468121297,1.1337712620809115,240,-2.169682816145164,0.08529272252090414,-2.907082819379265,0.8226927257550054
EA_overnight_common,21,policy,0.17494756467662634,0.6448540435651866,240,-0.46633262246645935,0.816227751819712,-0.8857429477358933,1.235638077089146
EA_overnight_common,21,fx,4.493880882425265,4.145392897796617,240,0.37146223620969554,8.616299528640834,-2.3246836606543724,11.312445425504903
EA_overnight_common,22,brent,4.046477601576119,14.915712918378313,239,-10.786570693798751,18.87952589695099,-20.487686890785376,28.580642093937612
EA_overnight_common,22,vix,0.2854717851374145,0.12576014531480986,239,0.16040861723549768,0.4105349530393313,0.07861475399040532,0.4923288162844237
EA_overnight_common,22,activity,-1.7439088069870015,1.0718666531895635,239,-2.809835050001018,-0.6779825639729851,-3.5069725590941907,0.01915494512018756
EA_overnight_common,22,price,-1.0336355024641586,1.2139832302512779,239,-2.2408906958719834,0.17361969094366603,-3.0304602218012366,0.9631892168729197
EA_overnight_common,22,policy,0.08314080332607629,0.6320001594972491,239,-0.5453567374757846,0.7116383441279373,-0.9564069512568827,1.1226885579090353
EA_overnight_common,22,fx,1.8854792559767488,3.6487094904368536,239,-1.743008660330423,5.5139671722839205,-4.116113783060566,7.887072295014065
EA_overnight_common,23,brent,5.4950422186564145,12.622734450552514,238,-7.057735563358869,18.0478200006717,-15.267508324380184,26.257592761693015
EA_overnight_common,23,vix,0.3941942395113936,0.11022544751259467,238,0.2845796743021709,0.5038088047206163,0.21288951238795314,0.575498966634834
EA_overnight_common,23,activity,-1.6172700635134916,1.2619616071461954,238,-2.8722377320480756,-0.3623023949789075,-3.6930121901014195,0.45847206307443655
EA_overnight_common,23,price,-0.6787537402777947,1.1866359425802238,238,-1.8588132078767345,0.5013057273211453,-2.6305961743018544,1.2730886937462649
EA_overnight_common,23,policy,0.045219855456700736,0.6313372228900549,238,-0.5826184228100676,0.673058133723469,-0.9932374654434759,1.0836771763568773
EA_overnight_common,23,fx,0.3114921913336218,3.5473380712742135,238,-3.216186118055102,3.8391705007223456,-5.523359701224807,6.146344083892052
EA_overnight_common,24,brent,-0.16048953671660493,11.270642631573796,237,-11.36866895052509,11.047689877091878,-18.699046947334644,18.378067873901436
EA_overnight_common,24,vix,0.5313278769806041,0.1407079508338769,237,0.39139974604356487,0.6712560079176434,0.2998838937105923,0.7627718602506159
EA_overnight_common,24,activity,-1.7752262388279565,1.4075972389758176,237,-3.1750224095117416,-0.37543006814417135,-4.090517662644208,0.5400651849882947
EA_overnight_common,24,price,-0.8081506444861541,1.1155893954726455,237,-1.9175573132391297,0.3012560242668214,-2.643131907817935,1.0268306188456269
EA_overnight_common,24,policy,-0.16540883120163308,0.5973447546334613,237,-0.7594430314408745,0.4286253690376084,-1.1479535174009188,0.8171358549976527
EA_overnight_common,24,fx,0.9907101984805979,3.139564672656325,237,-2.1314546400893333,4.11287503705053,-4.1734141403868685,6.154834537348065
EA_overnight_common,25,brent,-10.35432190041544,13.22933220924029,236,-23.51033560549515,2.8016918046642694,-32.11463696693026,11.40599316609938
EA_overnight_common,25,vix,0.461267934765907,0.12373386090197773,236,0.33821982137195616,0.5843160481598578,0.25774384488458,0.664792024647234
EA_overnight_common,25,activity,-3.276174999900286,1.7415553952420975,236,-5.008078491745268,-1.544271508055304,-6.140778708301154,-0.4115712914994174
EA_overnight_common,25,price,-1.1719130428492108,1.2021570683294958,236,-2.367407616305804,0.02358153060738255,-3.1492854568563304,0.8054593711579088
EA_overnight_common,25,policy,-0.2969458720551119,0.5571562573145687,236,-0.8510143043212267,0.2571225602110029,-1.213386362677688,0.6194946185674641
EA_overnight_common,25,fx,0.16472500989966465,3.0430792929443604,236,-2.8614891822012174,3.1909392020005463,-4.840695002200787,5.170145022000117
EA_overnight_common,26,brent,-11.012354620373316,12.618941072638206,235,-23.561360047817722,1.5366508070710907,-31.768665611989167,9.743956371242536
EA_overnight_common,26,vix,0.47227499561487607,0.10841172597665187,235,0.364464100085019,0.5800858911447331,0.29395357493811114,0.650596416291641
EA_overnight_common,26,activity,-3.1790298548144036,1.9672854414985028,235,-5.13541237063637,-1.2226473389924373,-6.414926448512044,0.05686673888323668
EA_overnight_common,26,price,-0.9463781361703293,1.166532908155632,235,-2.106445982709297,0.21368971036863826,-2.865154021108369,0.9723977487677101
EA_overnight_common,26,policy,-0.4296060152836846,0.5330691016373726,235,-0.9597207857025111,0.1005087551351419,-1.3064266605276798,0.4472146299603107
EA_overnight_common,26,fx,1.5173377362045015,3.374910460324588,235,-1.8388685761923431,4.873544048601346,-4.0338959750968595,7.068571447505862
EA_overnight_common,27,brent,-8.25563544060983,14.444747364769293,234,-22.620328328477967,6.109057447258307,-32.01513053394832,15.50385965272866
EA_overnight_common,27,vix,0.4289599495102314,0.10699155084576044,234,0.3225613583348278,0.535358540685635,0.25297450904841956,0.6049453899720433
EA_overnight_common,27,activity,-4.054900804599942,1.6619218099701818,234,-5.707612049803012,-2.4021895593968727,-6.788518921439151,-1.3212826877607338
EA_overnight_common,27,price,-1.126311642795642,1.0527201328051587,234,-2.173197477677351,-0.07942580791393339,-2.8578821714050426,0.6052588858137584
EA_overnight_common,27,policy,-0.6580236054213446,0.5009139982616765,234,-1.1561614798027855,-0.15988573103990372,-1.4819538122528266,0.16590660141013724
EA_overnight_common,27,fx,0.8164591438478659,3.16388545555644,234,-2.3298916890029178,3.96280997669865,-4.387669322983155,6.020587610678887
EA_overnight_common,28,brent,-14.364327129206343,17.44200679455723,233,-31.709668285051862,2.981014026639178,-43.05387526654602,14.325221008133335
EA_overnight_common,28,vix,0.4022450292854238,0.1838345926353698,233,0.21942926943252664,0.585060789138321,0.09986403282998946,0.7046260257408582
EA_overnight_common,28,activity,-3.4971613837520206,2.1508267377419155,233,-5.636067988517786,-1.3582547789862556,-7.0349565442710125,0.04063377676697133
EA_overnight_common,28,price,-1.2696535991576796,1.0843530808712314,233,-2.347997068612859,-0.19131012970250016,-3.0532556971247273,0.5139484988093681
EA_overnight_common,28,policy,-0.8391483933721491,0.4758590329720935,233,-1.3123701600078175,-0.36592662673648074,-1.6218668496739173,-0.05642993707038102
EA_overnight_common,28,fx,-0.3845545916840128,2.534585404202878,233,-2.9050930275619447,2.1359838441939187,-4.553576586605379,3.7844674032373535
EA_overnight_common,29,brent,-9.839556290850922,16.898685427709985,232,-26.6445872303189,6.965474648617057,-37.63542030733168,17.956307725629834
EA_overnight_common,29,vix,0.37052938154162895,0.1177786518501813,232,0.25340347273539915,0.48765529034785876,0.17680073886840356,0.5642580242148544
EA_overnight_common,29,activity,-4.250135780454802,2.1584817796019835,232,-6.3966550019446125,-2.1036165589649922,-7.800522364341793,-0.699749196567812
EA_overnight_common,29,price,-0.9426446313331295,1.0465948344596754,232,-1.9834391149881605,0.09814985232190165,-2.664139940742802,0.7788506780765431
EA_overnight_common,29,policy,-0.9279233086304902,0.4656271188350482,232,-1.3909698675922486,-0.4648767496687318,-1.6938117638532835,-0.16203485340769708
EA_overnight_common,29,fx,-0.20383521361832405,2.270861631105201,232,-2.4621114643494506,2.0544410371128023,-3.9390702038466494,3.531399776610001
EA_overnight_common,30,brent,-11.532384360958474,18.332846620152008,231,-29.763628204043922,6.698859482126974,-41.68723361646054,18.62246489454359
EA_overnight_common,30,vix,0.2756939059250312,0.13361426690678485,231,0.1428201448902869,0.4085676669597754,0.05591799439094408,0.4954698174591183
EA_overnight_common,30,activity,-4.116656785867137,2.5998695446899145,231,-6.702117549900974,-1.5311960218332987,-8.393061636051016,0.1597480643167417
EA_overnight_common,30,price,-0.7955613874243089,1.0271250426066973,231,-1.816993983086693,0.22587120823807527,-2.4850317390886203,0.8939089642400023
EA_overnight_common,30,policy,-0.9672726191083973,0.45197187078012196,231,-1.4167396089947497,-0.517805629222045,-1.710700190041123,-0.22384504817567175
EA_overnight_common,30,fx,1.9715176111169703,2.8224328218647505,231,-0.8352729584163807,4.778308180650321,-2.6709712527541423,6.6140064749880825
EA_overnight_common,31,brent,-1.5978827164987248,15.616460367680709,230,-17.127794836971493,13.932029403974042,-27.284674192422255,24.088908759424807
EA_overnight_common,31,vix,0.1840806090416862,0.13834759602802651,230,0.04649975154849684,0.32166146653487554,-0.043480936065030285,0.41164215414840266
EA_overnight_common,31,activity,-2.748811552062892,2.594106099452966,230,-5.328540812546398,-0.16908229157938548,-7.015736378445039,1.518113274319255
EA_overnight_common,31,price,-0.6572455356789078,1.0736161075301331,230,-1.7249115373532191,0.4104204659954036,-2.4231868841033686,1.1086958127455533
EA_overnight_common,31,policy,-0.9800027900822419,0.44528143852624524,230,-1.4228164268716457,-0.5371891532928381,-1.7124255792563052,-0.24758000090817855
EA_overnight_common,31,fx,3.0379955021578744,3.048312541598888,230,0.006577064677700584,6.069413939638048,-1.9760324379727163,8.052023442288466
EA_overnight_common,32,brent,0.5583443782364811,15.843134127463383,229,-15.19698524956896,16.31367400604192,-25.501292253600308,26.61798101007327
EA_overnight_common,32,vix,0.13185318406347568,0.11860681436368183,229,0.013903702517116465,0.24980266560983488,-0.06323766472378631,0.3269440328507377
EA_overnight_common,32,activity,-3.111148528757993,2.7131916659271966,229,-5.809303369598298,-0.4129936879176883,-7.573951681072849,1.351654623556863
EA_overnight_common,32,price,-0.5561496948616349,1.0537229130122854,229,-1.6040327524254474,0.4917333627021776,-2.289369650131763,1.177070260408493
EA_overnight_common,32,policy,-0.9245553172832437,0.4338079156192857,229,-1.355959018769634,-0.49315161579685346,-1.6381058406898839,-0.21100479387660342
EA_overnight_common,32,fx,5.847315163622992,3.4713521114454418,229,2.3952016909992495,9.299428636246734,0.13744905268630614,11.557181274559678
EA_overnight_common,33,brent,5.348829636511704,16.05782782993538,228,-10.620003836192504,21.317663109215914,-21.063946710519794,31.7616059835432
EA_overnight_common,33,vix,-0.26676977266833546,0.11066035897697264,228,-0.3768168390118071,-0.1567227063248638,-0.4487898654913608,-0.08474967984531012
EA_overnight_common,33,activity,-2.614479750750162,2.3019489586179422,228,-4.903671039394257,-0.32528846210606677,-6.4008488443900475,1.1718893428897244
EA_overnight_common,33,price,-0.5042443707322318,0.8519341315337847,228,-1.3514569838114592,0.3429682423469954,-1.9055513169093299,0.8970625754448663
EA_overnight_common,33,policy,-0.7577321977438304,0.42583766922433164,228,-1.1812098248716345,-0.33425457061602637,-1.4581728324600336,-0.05729156302762728
EA_overnight_common,33,fx,8.161308451177709,3.2164666038621252,228,4.962667880886115,11.359949021469301,2.870691691846808,13.451925210508609
EA_overnight_common,34,brent,12.128611376165715,13.515424772912274,227,-1.3119093341852892,25.569132086516717,-10.102284081348813,34.35950683368024
EA_overnight_common,34,vix,-0.4001574908647224,0.1229244045275021,227,-0.5224006339859616,-0.2779143477434832,-0.6023501434926342,-0.19796483823681063
EA_overnight_common,34,activity,-2.890510328324027,2.1220405813654923,227,-5.000790312953949,-0.7802303436941047,-6.380956475121267,0.5999358184732131
EA_overnight_common,34,price,-0.6860890236102642,0.9305414247422549,227,-1.6114732790984352,0.2392952318779067,-2.216693461126152,0.8445154139056238
EA_overnight_common,34,policy,-0.7978680745831873,0.39570857402237347,227,-1.191383585473427,-0.40435256369294775,-1.4487507577796834,-0.1469853913866913
EA_overnight_common,34,fx,8.53776321830542,3.802337537986991,227,4.756498679029891,12.31902775758095,2.2834745280537874,14.792051908557053
EA_overnight_common,35,brent,19.402298360017443,16.587931678018602,226,2.9062989366670493,35.89829778336784,-7.8824212241946725,46.68701794422956
EA_overnight_common,35,vix,-0.33521113774419664,0.11352397045448054,226,-0.44810594509592594,-0.22231633039246734,-0.5219414522921807,-0.14848082319621259
EA_overnight_common,35,activity,-2.281960155899452,2.036193054875157,226,-4.306868391057002,-0.257051920741902,-5.631199687384251,1.0672793755853474
EA_overnight_common,35,price,-0.42334465233988716,0.8892220628771429,226,-1.307638542692101,0.4609492380123267,-1.8859847876286255,1.0392954829488512
EA_overnight_common,35,policy,-0.6877850447985335,0.3883158976342921,226,-1.073948850376627,-0.3016212392204401,-1.3265078574252154,-0.04906223217185168
EA_overnight_common,35,fx,9.020273935060544,3.6848553597343545,226,5.355840474085003,12.684707396036085,2.95922623180992,15.081321638311168
EA_overnight_common,36,brent,30.8034901442804,18.241883519992562,225,12.662705273229708,48.94427501533109,0.798261873994349,60.80871841456645
EA_overnight_common,36,vix,-0.33165178519433197,0.08940869353338837,225,-0.42056496530609494,-0.242738605082569,-0.4787159990337184,-0.1845875713549455
EA_overnight_common,36,activity,-1.7265410034062911,2.361714813612286,225,-4.075166917696283,0.6220849108837003,-5.611216180401479,2.1581341735888975
EA_overnight_common,36,price,-0.6235978633878992,0.9494961398538585,225,-1.5678317847427994,0.3206360579670009,-2.1853800328029407,0.9381843060271421
EA_overnight_common,36,policy,-0.5640562676747425,0.3926024775229624,225,-0.9544828964151325,-0.17362963893435246,-1.209829876778521,0.08171734142903597
EA_overnight_common,36,fx,11.385738498150653,3.355121199601723,225,8.049211772082554,14.722265224218752,5.867055224123985,16.904421772177322
EA_core,0,brent,-4.368812127297807e-15,6.869732957542029e-13,262,-6.875348216446504e-13,6.787971973900547e-13,-1.1343393292674048e-12,1.1256017050128092e-12
EA_core,0,vix,1.0060428923820014e-16,1.1817903600062781e-15,262,-1.0746364505713358e-15,1.275845029047736e-15,-1.8432678707144122e-15,2.0444764491908128e-15
EA_core,0,activity,6.487126232069078e-15,8.820765123810412e-14,262,-8.123166790108014e-14,9.420592036521829e-14,-1.3860154883179699e-13,1.5157580129593514e-13
EA_core,0,price,-1.6389442536295283e-15,2.243727336657703e-13,262,-2.2476817802487724e-13,2.2149028951761818e-13,-3.7069924901278846e-13,3.674213605055294e-13
EA_core,0,policy,0.9999999999999997,8.800073274890466e-15,262,0.9999999999999909,1.0000000000000084,0.9999999999999852,1.0000000000000142
EA_core,0,fx,2.784265514861358,1.1478055041086925,262,1.6428212829089237,3.9257097468137925,0.8962934683933124,4.672237561329403
EA_core,1,brent,11.370780650766694,3.997614778386832,261,7.3953211203640965,15.346240181169291,4.795289483382309,17.94627181815108
EA_core,1,vix,0.03138951987338784,0.06339926149376146,261,-0.031658375508759815,0.09443741525553549,-0.0728929853406705,0.1356720250874462
EA_core,1,activity,0.7299672557662348,0.8329630669993208,261,-0.09837943263381377,1.5583139441662834,-0.6401350661042199,2.1000695776366896
EA_core,1,price,0.1311089017890231,0.09009384071327388,261,0.04151437166306404,0.22070343191498215,-0.01708227887419364,0.2793000824522398
EA_core,1,policy,1.2856517904710414,0.0805935923358859,261,1.2055048572364264,1.3657987237056564,1.1530871278083112,1.4182164531337715
EA_core,1,fx,3.335682990171194,1.5985792846570797,261,1.7459632186081528,4.925402761734236,0.7062540558335071,5.965111924508881
EA_core,2,brent,19.58679498178165,7.540507580056936,260,12.088077775391131,27.08551218817217,7.183763739669933,31.989826223893367
EA_core,2,vix,-0.09525886953735352,0.07903162803899647,260,-0.17385249506363454,-0.0166652440110725,-0.2252543295611765,0.03473659048646946
EA_core,2,activity,2.7809273097129386,1.348879139568063,260,1.439523815872289,4.122330803553588,0.5622185646752293,4.999636054750647
EA_core,2,price,0.16613388396077117,0.12818153791911177,260,0.03866274309516052,0.29360502482638184,-0.04470598359369746,0.3769737515152398
EA_core,2,policy,1.4336621333848274,0.13589942995682952,260,1.2985158739405465,1.5688083928291083,1.2101274631196988,1.657196803649956
EA_core,2,fx,3.0036252423380145,1.7027708066303497,260,1.3102913903850324,4.696959094290997,0.20281650518500038,5.804433979491028
EA_core,3,brent,16.196526606210846,9.55261178061689,259,6.696856515734018,25.69619669668767,0.4838784720037932,31.909174740417896
EA_core,3,vix,-0.013990859263710386,0.09128135020545235,259,-0.10476631756555271,0.07678459903813195,-0.16413531922217617,0.1361536006947554
EA_core,3,activity,4.411915006232394,2.0010109876243054,259,2.4219938552000686,6.401836157264719,1.1205448256688082,7.703285186795979
EA_core,3,price,0.20853723637877442,0.15865183062768712,259,0.05076467272541235,0.3663098000321365,-0.05242180265166735,0.4694962754092162
EA_core,3,policy,1.5033858616264557,0.16641895423745937,259,1.337889220669491,1.6688825025834204,1.2296510411554995,1.777120682097412
EA_core,3,fx,3.5520091867808876,2.1928489342392785,259,1.3713132774385306,5.732705096123245,-0.05490633605925943,7.158924709621035
EA_core,4,brent,13.608776519841726,11.812078981094915,258,1.8621614599956544,25.355391579687797,-5.820364434049491,33.037917473732946
EA_core,4,vix,0.026301592198592835,0.0919784310757312,258,-0.06516708366993303,0.1177702680671187,-0.1249894637576296,0.1775926481548153
EA_core,4,activity,5.8720970819001375,2.303681180142873,258,3.581183171905109,8.163010991895167,2.0828787374022855,9.661315426397989
EA_core,4,price,0.3302537656902911,0.16596346077282925,258,0.16521009379997834,0.49529743758060385,0.05726816529668455,0.6032393660838976
EA_core,4,policy,1.563965858316951,0.21097538516018832,258,1.3541597233811875,1.7737719932527143,1.2169422308387314,1.9109894857951704
EA_core,4,fx,2.6329544283480355,2.8351634765822875,258,-0.18649624112759167,5.452405097823663,-2.0304744991086845,7.296383355804755
EA_core,5,brent,10.55248519695901,13.77987842809793,257,-3.1510235355350034,24.255993929453023,-12.113397814448218,33.218368208366236
EA_core,5,vix,0.16172903390618384,0.11080920001264301,257,0.05153395142144469,0.271924116390923,-0.020535880634203113,0.34399394844657083
EA_core,5,activity,5.858144564650813,2.442841454025469,257,3.4288416232636085,8.287447506038017,1.8400279389296124,9.876261190372013
EA_core,5,price,0.5393738292785858,0.18802361723912492,257,0.3523922608855247,0.7263553976716468,0.23010250051027586,0.8486451580468957
EA_core,5,policy,1.5067979865216843,0.27287218390825374,257,1.2354380921254597,1.7781578809179088,1.057963185126024,1.9556327879173445
EA_core,5,fx,1.6273064083052775,3.4842358587125535,257,-1.8376194083535262,5.092232224964081,-4.1037515810524425,7.3583643976629975
EA_core,6,brent,4.13152209285277,15.995961528410259,256,-11.77578794859475,20.03883213430029,-22.179493243729056,30.442537429434594
EA_core,6,vix,0.32837807163692495,0.14025896819835784,256,0.18889643502120188,0.467859708252648,0.09767259908338488,0.559083544190465
EA_core,6,activity,4.432274234027223,2.5171527493455614,256,1.9290718391974249,6.935476628857021,0.2919264046753067,8.57262206337914
EA_core,6,price,0.6123320918736028,0.2001254779366074,256,0.41331573270842403,0.8113484510387816,0.28315497364417735,0.9415092101030282
EA_core,6,policy,1.4283884630594599,0.317317278912771,256,1.1128297935659868,1.743947132552933,0.9064479859454166,1.9503289401735031
EA_core,6,fx,1.6251902401397509,3.394844064583097,256,-1.7508392021527512,5.001219682432253,-3.9588313324244337,7.209211812703935
EA_core,7,brent,-0.6257944146798003,16.59224047637828,255,-17.126078756526134,15.874489927166534,-27.91760134150163,26.666012512142032
EA_core,7,vix,0.3367136810249631,0.1556917281310459,255,0.18188481463449474,0.4915425474154314,0.08062357732226971,0.5928037847276564
EA_core,7,activity,3.7394386516656883,2.544257830730105,255,1.2092813949779888,6.269595908353388,-0.44549306911040976,7.924370372441786
EA_core,7,price,0.8592685668737932,0.23587274251074836,255,0.6247030586496751,1.0938340750979112,0.4712924308559981,1.2472447028915883
EA_core,7,policy,1.344620398334244,0.36561316771744523,255,0.9810335014923408,1.7082072951761471,0.7432402533529874,1.9460005433155005
EA_core,7,fx,0.5826020418290194,3.0804230771674077,255,-2.480748970881356,3.6459530545393948,-4.484243029194806,5.649447112852844
EA_core,8,brent,1.145213265789991,17.9548464739782,254,-16.710125352078478,19.00055188365846,-28.3878810782899,30.678307609869883
EA_core,8,vix,0.2647636146726558,0.14394240264719815,254,0.12161895763199712,0.40790827171331445,0.02799943160630275,0.5015277977390089
EA_core,8,activity,3.450546326405527,2.628852191699606,254,0.8362635405766157,6.064829112234438,-0.8735307358308959,7.774623388641951
EA_core,8,price,1.0083198888955247,0.24856663704545442,254,0.761130837182735,1.2555089406083144,0.5994641544121788,1.4171756233788706
EA_core,8,policy,1.3923777441575966,0.3734159108045823,254,1.0210313479420297,1.7637241403731636,0.7781632289092921,2.006592259405901
EA_core,8,fx,-0.0010406037824689197,2.8115166028120457,254,-2.796975453224013,2.794894245659075,-4.625573885152144,4.623492677587206
EA_core,9,brent,7.60639818729602,17.177927898494193,253,-9.476327628570285,24.689124003162323,-20.648778820053032,35.86157519464507
EA_core,9,vix,0.20352442814543512,0.15236045224069913,253,0.052008375325268724,0.3550404809656015,-0.047086214326645365,0.45413507061751557
EA_core,9,activity,3.760208963187554,2.8258330613463816,253,0.950036998696894,6.570380927678214,-0.8878727969274234,8.408290723302532
EA_core,9,price,1.06402760369664,0.2652370341216395,253,0.8002605441952013,1.3277946631980788,0.62775150611981,1.5003037012734701
EA_core,9,policy,1.4284138200389287,0.36346074870910294,253,1.0669674132478422,1.7898602268300152,0.8305740892702632,2.0262535508075943
EA_core,9,fx,0.17488506620755973,2.8922844895219852,253,-2.7013700448828764,3.0511401772979956,-4.582499566558164,4.932269698973284
EA_core,10,brent,11.690332229666117,17.257592842065325,252,-5.471617017349958,28.852281476682194,-16.69588194905679,40.07654640838903
EA_core,10,vix,0.18275870194337743,0.1557858578849136,252,0.02783622747713077,0.3376811764096241,-0.07348623142636926,0.43900363531312414
EA_core,10,activity,3.9232259150389743,2.964925838313855,252,0.9747320419954746,6.8717197880824745,-0.9536431037537034,8.800094933831652
EA_core,10,price,1.1172432264691698,0.26661512467546516,252,0.8521057139527022,1.3823807389856375,0.678700371646612,1.5557860812917277
EA_core,10,policy,1.3346072139625433,0.38225819667379,252,0.9544675368587485,1.7147468910663382,0.7058484327317307,1.963365995193356
EA_core,10,fx,-0.9311189308739033,3.1318901963738646,252,-4.045651826005236,2.1834139642574293,-6.082619879593212,4.220382017845406
EA_core,11,brent,12.488198323451279,15.573033757830908,251,-2.998527862515278,27.974924509417836,-13.127162735754602,38.10355938265716
EA_core,11,vix,0.10617193138117662,0.13716974873831067,251,-0.030237606589537558,0.2425814693518908,-0.11945222733905578,0.331796090101409
EA_core,11,activity,3.38410093519604,2.7322249460829275,251,0.667018298861529,6.101183571530551,-1.1100091770157539,7.8782110474078335
EA_core,11,price,1.2285493471451245,0.26615705163894154,251,0.9638673689709136,1.4932313253193354,0.7907599554181013,1.6663387388721478
EA_core,11,policy,1.3302836911297895,0.35436618468538617,251,0.9778814452264438,1.6826859370331353,0.7474031869810769,1.9131641952785021
EA_core,11,fx,-1.4017003970384494,3.049595263564555,251,-4.434394447489347,1.6309936534124485,-6.417838227046638,3.6144374329697397
EA_core,12,brent,16.843212307249015,15.799189110812202,250,1.1315841476801243,32.55484046681791,-9.144141204562636,42.830565819060666
EA_core,12,vix,0.041180539837612475,0.13403257089568438,250,-0.09210920689647104,0.17447028657169597,-0.17928342052978427,0.26164450020500923
EA_core,12,activity,4.715259080267312,2.7961269636783936,250,1.934628578781982,7.4958895817526425,0.11603950264410035,9.314478657890525
EA_core,12,price,1.1584131595459426,0.30296250106184563,250,0.8571297120480469,1.4596966070438384,0.6600841908440767,1.6567421282478085
EA_core,12,policy,1.3154722832818686,0.33765479706301516,250,0.9796888085389637,1.6512557580247735,0.7600795656752048,1.8708650008885324
EA_core,12,fx,-1.4708089403649458,3.193655265786566,250,-4.646764595680738,1.7051467149508457,-6.723904387526646,3.782286506796755
EA_core,13,brent,16.129475760770852,15.603224080611186,249,0.6127265703188005,31.646224951222905,-9.535543960359004,41.79449548190071
EA_core,13,vix,0.10679657349157945,0.14748403202139954,249,-0.03987008479966103,0.25346323178281993,-0.13579307149624661,0.34938621847940554
EA_core,13,activity,4.6246540535257745,2.3918820490749955,249,2.2460280941152466,7.003280012936303,0.6903581898646496,8.558949917186899
EA_core,13,price,1.1725499895870002,0.33961003757747277,249,0.8348221105009217,1.5102778686730787,0.6139411875285684,1.731158791645432
EA_core,13,policy,1.2791189624311396,0.3497236197719388,249,0.9313335518042847,1.6269043730579946,0.7038747980186686,1.8543631268436107
EA_core,13,fx,-0.78963929919535,3.2039782211416554,249,-3.975860698842032,2.396582100451332,-6.0597144969137275,4.480435898523027
EA_core,14,brent,20.34949231054404,14.983781585817484,248,5.448752592234701,35.250232028853375,-4.296635176336526,44.99561979742461
EA_core,14,vix,0.0325655568210597,0.16069192150132522,248,-0.12723579128405604,0.19236690492617547,-0.2317491330821963,0.29688024672431573
EA_core,14,activity,4.357353976847875,2.000520040217438,248,2.367921052334551,6.3467869013612,1.0667913329071177,7.647916620788633
EA_core,14,price,1.2911535935976097,0.3999453231656936,248,0.8934248141226133,1.6888823730726061,0.6333020782062401,1.9490051089889793
EA_core,14,policy,1.3190294575251391,0.356335583048922,248,0.9646687278939948,1.6733901871562833,0.7329095813352523,1.905149333715026
EA_core,14,fx,0.31881854964642803,2.977895537781976,248,-2.6425731432760062,3.2802102425688626,-4.579383726356859,5.2170208256497155
EA_core,15,brent,19.045624434339306,14.540193540613455,247,4.586014344480718,33.505234524197895,-4.8708656475150995,42.96211451619371
EA_core,15,vix,-0.03186425691282226,0.14685253502947118,247,-0.17790291804221636,0.11417440421657182,-0.273415181783066,0.2096866679574215
EA_core,15,activity,3.976419043004885,1.8045708156088724,247,2.1818493696123875,5.770988716397382,1.008164191859855,6.944673894149915
EA_core,15,price,1.2674526365733079,0.4447597027703326,247,0.8251578440193238,1.709747429127292,0.5358880263496676,1.999017246796948
EA_core,15,policy,1.2939001607901315,0.38490086457112355,247,0.911132461763128,1.676667859817135,0.6607945776835616,1.9270057438967014
EA_core,15,fx,0.17408989470728214,2.5647308591947757,247,-2.376426926530287,2.724606715944851,-4.04451696119361,4.392696750608174
EA_core,16,brent,23.050166086657267,13.509792814245984,246,9.615246121999869,36.48508605131467,0.8285343767818283,45.27179779653271
EA_core,16,vix,0.0023181489436495855,0.1281438719039065,246,-0.12511553465621106,0.12975183254351025,-0.20845976352909584,0.21309606141639503
EA_core,16,activity,2.9843805989733414,1.57386788384634,246,1.4192352747516959,4.549525923194987,0.3955983018862512,5.573162896060431
EA_core,16,price,1.4914723641130687,0.4588584618170067,246,1.0351569494816448,1.9477877787444926,0.7367173589359918,2.2462273692901458
EA_core,16,policy,1.456501437805146,0.38836504468704186,246,1.070288757553009,1.842714118057283,0.8176977854704947,2.095305090139797
EA_core,16,fx,0.02648000751999427,2.8278851213339515,246,-2.785732644202124,2.8386926592421124,-4.624977090908259,4.677937105948248
EA_core,17,brent,21.156922614197683,12.988333879196603,245,8.240571598270304,34.07327363012506,-0.20698547505553222,42.5208307034509
EA_core,17,vix,0.09678582738611559,0.14661908471982085,245,-0.049020677242508956,0.24259233201474012,-0.1443811058955869,0.33795276066781804
EA_core,17,activity,2.5192891860490914,1.5065511953788768,245,1.0210874733454898,4.017490898752693,0.041232988142070326,4.997345383956112
EA_core,17,price,1.65823817347401,0.4786319619914822,245,1.1822588457154293,2.1342175012325906,0.8709586548174213,2.4455176921305988
EA_core,17,policy,1.4856869361739742,0.39937809850765504,245,1.0885222377317152,1.8828516346162332,0.8287684223186755,2.142605450029273
EA_core,17,fx,-0.25741434231411897,3.526942639894314,245,-3.7648102541856385,3.2499815695574004,-6.058718735594081,5.543890050965842
EA_core,18,brent,18.040490126343315,12.423228444680115,244,5.68611266461553,30.3948675880711,-2.3939022393354676,38.4748824920221
EA_core,18,vix,0.0931759374791861,0.1376404550018062,244,-0.043701698045937404,0.2300535730043096,-0.13322246414578567,0.3195743391041579
EA_core,18,activity,2.5035312199176616,1.2729340216219702,244,1.2376519473097984,3.769410492525525,0.4097410775828405,4.597321362252483
EA_core,18,price,1.7492752015505462,0.540104610115655,244,1.2121639142631027,2.28638648883799,0.8608821746686003,2.637668228432492
EA_core,18,policy,1.4903797916207042,0.39636083045197923,244,1.096215639182169,1.8845439440592395,0.8384242420702688,2.1423353411711394
EA_core,18,fx,-0.0868133753786304,3.864472933981846,244,-3.929868949027602,3.756242198270342,-6.443305697094467,6.269678946337206
EA_core,19,brent,14.438997677751205,13.307975481908343,243,1.2047765502053345,27.673218805297076,-7.450674061046998,36.32866941654941
EA_core,19,vix,0.07825322255918332,0.14558003613444062,243,-0.06651999201267192,0.22302643713103856,-0.1612046278882777,0.31771107300664436
EA_core,19,activity,1.3781136874992521,0.9049835600362904,243,0.47814565204593584,2.2780817229525683,-0.11045180355789541,2.8666791785563994
EA_core,19,price,1.929507925827176,0.5797971669329632,243,1.3529240625080092,2.5060917891463426,0.9758264529013032,2.8831893987530486
EA_core,19,policy,1.443944415761025,0.3978403588471714,243,1.0483089346464582,1.8395798968755919,0.7895552585635801,2.0983335729584702
EA_core,19,fx,-0.02120110098843761,4.450108207984732,243,-4.446646289555283,4.404244087578408,-7.340977727218639,7.2985755252417635
EA_core,20,brent,11.00633400271325,13.849063195712993,242,-2.7659760673335967,24.7786440727601,-11.77334782463541,33.78601583006191
EA_core,20,vix,0.13860628977464107,0.14545691733673288,242,-0.006044488338262405,0.28325706788754457,-0.10064904827186447,0.37786162782114663
EA_core,20,activity,0.42699885728131143,0.9135477604672216,242,-0.4814859148039327,1.3354836293665555,-1.0756534899165926,1.9296512044792156
EA_core,20,price,2.1740557402232645,0.6083370542897907,242,1.5690901609361823,2.779021319510347,1.1734303300657278,3.1746811503808012
EA_core,20,policy,1.4027806812603194,0.4094338208301787,242,0.9956159904830584,1.8099453720375804,0.7293219760712009,2.076239386449438
EA_core,20,fx,-1.507114821845899,4.314923881432609,242,-5.798124891186584,2.7838952474947862,-8.604533018239849,5.590303374548052
EA_core,21,brent,10.548847312565723,13.138069385571711,241,-2.516409358072787,23.61410398320423,-11.061353767432003,32.15904839256345
EA_core,21,vix,0.1298911635348611,0.17497166995890748,241,-0.044110792994149634,0.3038931200638718,-0.15791162241080378,0.41769394948052596
EA_core,21,activity,0.6413538893695533,0.9145277235929954,241,-0.2681054147713714,1.550813193510478,-0.8629103537300585,2.145618132469165
EA_core,21,price,2.1958902365949617,0.6414962912667633,241,1.5579491926949087,2.8338312804950148,1.1407227352289082,3.2510577379610153
EA_core,21,policy,1.2668375287932772,0.4278018223046842,241,0.8414066341508858,1.6922684234356686,0.5631661497589682,1.9705089078275861
EA_core,21,fx,-3.327967802303988,3.680952731932069,241,-6.988520264296312,0.33258465968833706,-9.382596254059381,2.7266606494514054
EA_core,22,brent,14.743915943357491,11.918163520544805,240,2.8918042769688004,26.59602760974618,-4.859718550011356,34.34755043672634
EA_core,22,vix,0.22962268698795565,0.16577643646745618,240,0.064765002892473,0.3944803710834383,-0.04305528579862991,0.5023006597745412
EA_core,22,activity,0.977429446249356,1.2093631322735452,240,-0.2252312543033108,2.180090146802023,-1.0117958881721776,2.96665478067089
EA_core,22,price,2.3139032771177037,0.6667987312042716,240,1.6508000223573545,2.977006531878053,1.217116965649718,3.410689588585689
EA_core,22,policy,1.2054513275906515,0.43633226437666567,240,0.7715372675825141,1.639365387598789,0.4877486199747445,1.9231540352065586
EA_core,22,fx,-3.962782063707511,3.7551440983633517,240,-7.697114714913528,-0.2284494125014942,-10.139444453625885,2.2138803262108633
EA_core,23,brent,13.798112578640998,12.491100501520771,239,1.3762392149383622,26.219985942343634,-6.747919385900792,34.344144543182786
EA_core,23,vix,0.27261353797182547,0.12956559085212463,239,0.1437660147562006,0.40146106118745034,0.059497105930597816,0.4857299700130531
EA_core,23,activity,0.668156214392666,1.4698626023063144,239,-0.7935602377060511,2.129872666491383,-1.749552618131204,3.085865046916536
EA_core,23,price,2.4444677605472473,0.7066972697062779,239,1.74168708964503,3.147248431449465,1.2820541933141736,3.606881327780321
EA_core,23,policy,1.1676815552293116,0.4546458231549931,239,0.7155554323244413,1.619807678134182,0.4198557240344837,1.9155073864241396
EA_core,23,fx,-4.311120657242119,3.3105115540153736,239,-7.603284969589679,-1.0189563448945593,-9.756427593929061,1.1341862794448216
EA_core,24,brent,13.072949076001553,13.11543006125771,238,0.030206259897642695,26.115691892105463,-8.500013629286556,34.64591178128966
EA_core,24,vix,0.301334902829137,0.13575074761410025,238,0.16633650171267736,0.43633330394559666,0.07804479325471034,0.5246250124035636
EA_core,24,activity,0.203644228000447,1.3499646676879582,238,-1.1388387778364784,1.5461272338373722,-2.0168500519024293,2.4241385079033235
EA_core,24,price,2.4236427479122904,0.7664288487888814,238,1.6614615373148112,3.1858239585097694,1.1629794761816576,3.684306019642923
EA_core,24,policy,1.086925022437851,0.4940765930008596,238,0.5955866596187294,1.5782633852569727,0.2742413464485609,1.8996086984271412
EA_core,24,fx,-5.527913031899903,3.3262382160982336,238,-8.835716847332339,-2.220109216467467,-10.999088025753675,-0.05673803804612998
EA_core,25,brent,9.680873687129822,11.59498834882401,237,-1.8498538820834582,21.2116012563431,-9.391184952893411,28.752932327153054
EA_core,25,vix,0.42100598033761943,0.1506786263843037,237,0.27116243249853145,0.5708495281767074,0.17316169522533173,0.6688502654499071
EA_core,25,activity,-0.2709245796053456,1.0972683987544538,237,-1.3621117887436556,0.8202626295329642,-2.075770485035843,1.5339213258251516
EA_core,25,price,2.4349949972722875,0.8007538645248775,237,1.6386790041848482,3.231310990359727,1.1178720989131352,3.75211789563144
EA_core,25,policy,1.1064915949477079,0.5189782623323232,237,0.5903895707568295,1.6225936191385864,0.2528483178414135,1.9601348720540024
EA_core,25,fx,-6.222716161066184,3.400965258879701,237,-9.604832873281602,-2.840599448850765,-11.816806202270412,-0.6286261198619556
EA_core,26,brent,3.3672282363385833,10.873744791949953,236,-7.446252992027048,14.180709464704215,-14.518490323244976,21.252946795922142
EA_core,26,vix,0.4546049515944357,0.134129470288216,236,0.32121884249557087,0.5879910606933005,0.2339816059097839,0.6752282972790875
EA_core,26,activity,-1.664223230960044,1.3191229434736127,236,-2.9760354410202323,-0.3524110208998559,-3.8339873889275173,0.5055409270074296
EA_core,26,price,2.4899465599355355,0.8317807157925414,236,1.6627756700137912,3.31711744985728,1.1217890327358822,3.858104087135189
EA_core,26,policy,1.1279795197029157,0.5419552964349977,236,0.5890278028158533,1.666931236589978,0.23654238471624944,2.0194166546895818
EA_core,26,fx,-6.666266235073439,3.513385168949499,236,-10.160179813087499,-3.1723526570593785,-12.445270573097533,-0.8872618970493455
EA_core,27,brent,-1.4640104988748195,12.92643070794236,235,-14.318801418152734,11.390780420403097,-22.726096932370695,19.798075934621053
EA_core,27,vix,0.350189265349345,0.11791236836502876,235,0.23293038110080982,0.4674481495978802,0.15624067858168947,0.5441378521170006
EA_core,27,activity,-2.0702211594775966,1.2582740329248825,235,-3.3215216907578746,-0.8189206281973183,-4.139897766232945,-0.0005445527222476265
EA_core,27,price,2.515744972847362,0.8684953832271585,235,1.6520628924658385,3.3794270532288855,1.0871971917555618,3.944292753939162
EA_core,27,policy,1.0209038434504643,0.534774087532655,235,0.4890935363673128,1.5527141505336157,0.14127874597271273,1.9005289409282158
EA_core,27,fx,-5.809581021556563,3.303308466800664,235,-9.094582167040008,-2.524579876073119,-11.243039934113142,-0.37612210899998555
EA_core,28,brent,-1.053839135773513,13.959458905662842,234,-14.935933089852526,12.8282548183055,-24.015105747033065,21.907427475486042
EA_core,28,vix,0.3020177408262062,0.08840892289918187,234,0.2140987905030315,0.3899366911493809,0.15659800334061386,0.44743747831179853
EA_core,28,activity,-1.4200904242119876,1.0884855198608423,234,-2.502543430197269,-0.33763741822670634,-3.2104897794392526,0.3703089310152774
EA_core,28,price,2.7060779481906057,0.8577945208629447,234,1.8530374247443169,3.5591184716368947,1.295131519370091,4.11702437701112
EA_core,28,policy,0.9809919853999713,0.555966972204464,234,0.4281062470869842,1.5338777237129584,0.06650769470423057,1.895476276095712
EA_core,28,fx,-3.793073396958195,3.447802506632702,234,-7.221767779429434,-0.3643790144869561,-9.46420385500537,1.878057061088981
EA_core,29,brent,-3.202392064151398,14.057622234273756,233,-17.182105314209643,10.777321185906846,-26.32512298251024,19.920338854207447
EA_core,29,vix,0.22525849749908153,0.07462955694630369,233,0.1510425462733786,0.29947444872478446,0.10250380007817249,0.34801319491999055
EA_core,29,activity,-0.6621938287159237,1.0158396862907666,233,-1.6724036128250994,0.34801595539325203,-2.333101421112537,1.0087137636806893
EA_core,29,price,2.8559286596152256,0.9070663191432577,233,1.9538894079491587,3.7579679112812925,1.3639373346869166,4.347919984543535
EA_core,29,policy,1.0417938900936945,0.5907089811009226,233,0.45435868715508065,1.6292290930323083,0.07016408005703345,2.0134237001303554
EA_core,29,fx,-3.3400116318144297,3.0656981334739113,233,-6.388719308188987,-0.29130395543987175,-8.38263632579735,1.7026130621684912
EA_core,30,brent,-1.800023963077868,13.558081208050403,232,-15.282964701621609,11.682916775465873,-24.10108301264217,20.501035086486432
EA_core,30,vix,0.19701510695493749,0.09367354034684826,232,0.10386071630884733,0.2901694976010276,0.04293584436603909,0.3510943695438359
EA_core,30,activity,-0.6201441872398663,1.1155953888728394,232,-1.729556816176912,0.4892684416971793,-2.455135308837694,1.2148469343579613
EA_core,30,price,2.859751104414325,0.9636673502807588,232,1.9014245111357695,3.81807769769288,1.2746593681303042,4.444842840698346
EA_core,30,policy,1.061560715537853,0.6035850067480305,232,0.46132084739006185,1.6618005836856442,0.06875172801482632,2.0543697030608796
EA_core,30,fx,-2.7867747616004475,2.5288150778932863,232,-5.301574850991113,-0.2719746722097822,-6.946305414362788,1.3727558911618938
EA_core,31,brent,0.12420458695338912,14.574044470506914,231,-14.369068826991729,14.617478000898508,-23.847965319711953,24.096374493618733
EA_core,31,vix,0.19130305657851873,0.12892056127918303,231,0.06309698810660908,0.3195091250504284,-0.020752396230164977,0.4033585093872024
EA_core,31,activity,-1.2768468045635113,1.3250792085260807,231,-2.594582269359613,0.04088866023259041,-3.456408146705621,0.9027145375785985
EA_core,31,price,2.9538249035145383,0.9366692901738561,231,2.022346743940663,3.8853030630884136,1.4131410243180103,4.494508782711066
EA_core,31,policy,1.1604899131911133,0.6024978674799785,231,0.5613311592585833,1.7596486671236433,0.16946911063614334,2.1515107157460833
EA_core,31,fx,-1.6231680635652124,2.0420867141367385,231,-3.6539372946363944,0.40760116750596964,-4.982101801862441,1.7357656747320158
EA_core,32,brent,2.1327466005149143,14.914120367998793,230,-12.698717970580635,16.964211171610465,-22.39879837957872,26.66429158060855
EA_core,32,vix,0.09490065679121377,0.1312813050063447,230,-0.03565307189040977,0.2254543854728373,-0.12103787389939473,0.31083918748182227
EA_core,32,activity,-1.7130795018559288,1.5171752503011682,230,-3.2218463897286567,-0.20431261398320122,-4.208610715034812,0.7824517113229548
EA_core,32,price,3.2184506515083253,0.9098230210401542,230,2.3136699759092307,4.12323132710742,1.7219249554664822,4.714976347550168
EA_core,32,policy,1.2860196012058283,0.6114439594240388,230,0.6779643356156082,1.8940748667960483,0.2802837868696293,2.291755415542027
EA_core,32,fx,-0.4309022171585531,1.808881095310893,230,-2.229758282179564,1.3679538478624578,-3.4062468475046264,2.5444424131875203
EA_core,33,brent,8.343699726635784,15.4777381860516,229,-7.04825902673986,23.735658480011427,-17.114914065696485,33.80231351896805
EA_core,33,vix,-0.08655037154817545,0.10587938453512921,229,-0.19184296016853156,0.018742217072180656,-0.2607064612201723,0.08760571812382144
EA_core,33,activity,-1.7487069233458827,1.420396119336703,229,-3.161231041500809,-0.3361828051909568,-4.085050631944654,0.5876367852528888
EA_core,33,price,3.2761160270963017,0.9248005729788745,229,2.356440806900563,4.19579124729204,1.7549544504252004,4.797277603767403
EA_core,33,policy,1.473113841348328,0.5943871689001148,229,0.8820208355568816,2.0642068471397743,0.4954339507695571,2.450793731927099
EA_core,33,fx,0.7553166437509022,1.5765157201179256,229,-0.8124618421244703,2.3230951296262745,-1.8378209564310792,3.348454243932884
EA_core,34,brent,12.862623274827426,15.921028683788494,228,-2.9701692085746476,28.6954157582295,-13.325138500500499,39.05038505015535
EA_core,34,vix,-0.2078207814388305,0.14838913900978765,228,-0.35538753050982175,-0.060254032367839244,-0.4518991949392859,0.036257632061624856
EA_core,34,activity,-1.8165638680824916,1.4673146348914128,228,-3.2757464738992983,-0.3573812622656849,-4.230081667162606,0.5969539309976235
EA_core,34,price,3.387459775573719,0.8740553291486857,228,2.5182485631403124,4.256670988007125,1.9497666972672405,4.825152853880197
EA_core,34,policy,1.5794811572397747,0.5505894785643399,228,1.0319431098691192,2.12701920461043,0.6738420564619004,2.485120258017649
EA_core,34,fx,2.868676553573092,1.3217030827146554,228,1.55429850370487,4.183054603441314,0.6946684442169495,5.042684662929235
EA_core,35,brent,6.483263792877886,18.11862897631754,227,-11.53494962557376,24.50147721132953,-23.319228794206058,36.28575637996183
EA_core,35,vix,-0.0875165929532164,0.1407399040626483,227,-0.2274765000305014,0.05244331412406861,-0.31901313460746566,0.14397994870103287
EA_core,35,activity,-1.415826012172899,1.4082780867396345,227,-2.8162992572826777,-0.015352767063120387,-3.7322373309028665,0.9005853065570684
EA_core,35,price,3.3837109381766948,0.8904590645354834,227,2.4981869017738005,4.269234974579589,1.91903611622369,4.8483857601297
EA_core,35,policy,1.5718100287103585,0.5292088079664198,227,1.0455341577641157,2.098085899656601,0.7013390015121278,2.4422810559085892
EA_core,35,fx,3.618640484806036,1.9573265104770685,227,1.672161706446677,5.5651192631653945,0.3991248749195613,6.83815609469251
EA_core,36,brent,6.697421834130234,19.494414760309148,226,-12.688952602819777,26.083796271080246,-25.36803698966058,38.762880657921045
EA_core,36,vix,-0.012807493155231307,0.15896646577074772,226,-0.1708929482069448,0.1452779618964822,-0.2742840609419027,0.24866907463144008
EA_core,36,activity,-1.6501532546027065,1.2515230406283093,226,-2.894740208374169,-0.40556630083124356,-3.7087254671935153,0.40841895798810235
EA_core,36,price,3.277546051105849,0.8884876328721764,226,2.3939825204617398,4.161109581749958,1.816113945674522,4.738978156537176
EA_core,36,policy,1.3333902845953156,0.5116191562177903,226,0.8246065814934117,1.8421739876972194,0.49185165987263146,2.174928909318
EA_core,36,fx,4.429747695747172,2.7245040777709426,226,1.7203431377707386,7.139152253723605,-0.05166271821843882,8.911158109712783
TR_core_b,0,brent,0.0,0.0,185,0.0,0.0,0.0,0.0
TR_core_b,0,vix,0.0,0.0,185,0.0,0.0,0.0,0.0
TR_core_b,0,fedfunds,0.0,0.0,185,0.0,0.0,0.0,0.0
TR_core_b,0,activity,-9.431375525887398e-16,1.368069167308001e-14,185,-1.4548009234645187e-14,1.2661734129467707e-14,-2.3445872870259195e-14,2.1559597765081714e-14
TR_core_b,0,price,9.153127277244048e-18,1.987556182954339e-15,185,-1.9673877871839853e-15,1.9856940417384737e-15,-3.260085869025024e-15,3.2783921235795124e-15
TR_core_b,0,policy,1.0000000000000002,4.02912424560129e-14,185,0.9999999999999601,1.0000000000000402,0.9999999999999339,1.0000000000000664
TR_core_b,0,fx,0.39372797596359105,0.17964079348013023,185,0.21508277274122026,0.5723731791859619,0.0982451652593585,0.6892107866678236
TR_core_b,1,brent,0.0,0.0,184,0.0,0.0,0.0,0.0
TR_core_b,1,vix,0.0,0.0,184,0.0,0.0,0.0,0.0
TR_core_b,1,fedfunds,0.0,0.0,184,0.0,0.0,0.0,0.0
TR_core_b,1,activity,0.05729888949543893,0.24139381018613026,184,-0.1827570880021972,0.29735486699307506,-0.33975859471285264,0.4543563737037305
TR_core_b,1,price,-0.06435969721464249,0.11212593055867785,184,-0.17586421277094907,0.04714481834166409,-0.24879044076939263,0.12007104634010765
TR_core_b,1,policy,1.3471170143122773,0.1044098281887735,184,1.2432858375853755,1.450948191039179,1.175378129726593,1.5188558988979615
TR_core_b,1,fx,-0.028619796619470655,0.4133968021506241,184,-0.43972550541186156,0.3824859121729202,-0.7085970260070648,0.6513574327681234
TR_core_b,2,brent,0.0,0.0,183,0.0,0.0,0.0,0.0
TR_core_b,2,vix,0.0,0.0,183,0.0,0.0,0.0,0.0
TR_core_b,2,fedfunds,0.0,0.0,183,0.0,0.0,0.0,0.0
TR_core_b,2,activity,-0.21115540079138587,0.2586262703503273,183,-0.46834833414640575,0.04603753256363405,-0.6365577596020537,0.21424695801928198
TR_core_b,2,price,-0.11036867516265837,0.1072697521096561,183,-0.21704392577806197,-0.003693424547254784,-0.2868117159824115,0.06607436565709478
TR_core_b,2,policy,1.6727931406322651,0.10548560139988995,183,1.5678921527550227,1.7776941285095076,1.499284766578499,1.8463015146860313
TR_core_b,2,fx,-0.1552487909557926,0.49437737316748415,183,-0.6468862669827272,0.33638868507114206,-0.9684272062930702,0.6579296243814851
TR_core_b,3,brent,0.0,0.0,182,0.0,0.0,0.0,0.0
TR_core_b,3,vix,0.0,0.0,182,0.0,0.0,0.0,0.0
TR_core_b,3,fedfunds,0.0,0.0,182,0.0,0.0,0.0,0.0
TR_core_b,3,activity,0.09219120496592936,0.28771997102301605,182,-0.19393418837479082,0.37831659830664954,-0.381066032917651,0.5654484428495097
TR_core_b,3,price,-0.11186910848160851,0.08989421224104646,182,-0.2012651164996479,-0.022473100463569137,-0.2597319295282392,0.035993712565022165
TR_core_b,3,policy,1.7714980144470678,0.15734755936934214,182,1.6150224936284108,1.9279735352657248,1.5126843107264434,2.030311718167692
TR_core_b,3,fx,-0.1833257857237657,0.5791430927806942,182,-0.7592591998460047,0.3926076283984733,-1.1359314024079834,0.769279830960452
TR_core_b,4,brent,0.0,0.0,181,0.0,0.0,0.0,0.0
TR_core_b,4,vix,0.0,0.0,181,0.0,0.0,0.0,0.0
TR_core_b,4,fedfunds,0.0,0.0,181,0.0,0.0,0.0,0.0
TR_core_b,4,activity,-0.12190541662839705,0.29143984688505675,181,-0.41173006984468524,0.16791923658789115,-0.6012813058154642,0.3574704725586702
TR_core_b,4,price,0.0021919711877203822,0.12853755618782164,181,-0.12563321485177548,0.13001715722721624,-0.20923349430729668,0.21361743668273744
TR_core_b,4,policy,1.745438272451996,0.21159519504674054,181,1.5350157626884593,1.9558607822155325,1.3973951484338607,2.093481396470131
TR_core_b,4,fx,-0.5343622516993977,0.6642127369873043,181,-1.1948938441247492,0.12616934072595376,-1.6268949812003295,0.5581704778015341
TR_core_b,5,brent,0.0,0.0,180,0.0,0.0,0.0,0.0
TR_core_b,5,vix,0.0,0.0,180,0.0,0.0,0.0,0.0
TR_core_b,5,fedfunds,0.0,0.0,180,0.0,0.0,0.0,0.0
TR_core_b,5,activity,0.33889838887826423,0.3909604876921642,180,-0.04989535013073826,0.7276921278872668,-0.3041743872969083,0.9819711650534368
TR_core_b,5,price,-0.029877274162996292,0.11839849345510338,180,-0.14761958933958225,0.08786504101358966,-0.2246254655482132,0.1648709172222206
TR_core_b,5,policy,1.8389036383867383,0.29599101060337835,180,1.544553044532987,2.1332542322404895,1.3520417510507399,2.325765525722737
TR_core_b,5,fx,-0.7467368689111074,0.6418114322234024,180,-1.3849913072198123,-0.10848243060240237,-1.8024227310226897,0.308948993200475
TR_core_b,6,brent,0.0,0.0,179,0.0,0.0,0.0,0.0
TR_core_b,6,vix,0.0,0.0,179,0.0,0.0,0.0,0.0
TR_core_b,6,fedfunds,0.0,0.0,179,0.0,0.0,0.0,0.0
TR_core_b,6,activity,0.15896946405051485,0.3133919650722385,179,-0.1526856461501684,0.4706245742511981,-0.3565144463560057,0.6744533744570353
TR_core_b,6,price,0.03732034163187091,0.0871011029095143,179,-0.049298036792759584,0.1239387200565014,-0.10594822340031708,0.1805889066640589
TR_core_b,6,policy,1.6852959192699921,0.3697286643229684,179,1.3176163343854035,2.0529755041545807,1.0771463847704341,2.29344545376955
TR_core_b,6,fx,-0.9750521625312182,0.6233599236690353,179,-1.5949573527009204,-0.3551469723615158,-2.0003879938744236,0.05028366881198709
TR_core_b,7,brent,0.0,0.0,178,0.0,0.0,0.0,0.0
TR_core_b,7,vix,0.0,0.0,178,0.0,0.0,0.0,0.0
TR_core_b,7,fedfunds,0.0,0.0,178,0.0,0.0,0.0,0.0
TR_core_b,7,activity,0.24502364592427806,0.2890010500074586,178,-0.04237572651153537,0.5324230183600915,-0.23034077937327402,0.7203880712218301
TR_core_b,7,price,-0.11479019248693868,0.07721746489213724,178,-0.19157970917039693,-0.03800067580348043,-0.24180161967876856,0.012221234704891212
TR_core_b,7,policy,1.624706583270932,0.43300607485454345,178,1.1941002786541186,2.0553128878877454,0.9124749705544156,2.3369381959874485
TR_core_b,7,fx,-1.1179337769660362,0.6446372952673322,178,-1.7589984170556483,-0.4768691368764243,-2.1782677701546946,-0.057599783777378066
TR_core_b,8,brent,0.0,0.0,177,0.0,0.0,0.0,0.0
TR_core_b,8,vix,0.0,0.0,177,0.0,0.0,0.0,0.0
TR_core_b,8,fedfunds,0.0,0.0,177,0.0,0.0,0.0,0.0
TR_core_b,8,activity,0.7634608141631125,0.609429641854654,177,0.15740870255905515,1.3695129257671699,-0.23896174261325176,1.7658833709394768
TR_core_b,8,price,-0.0974655770878287,0.09868291675709008,177,-0.1956015815950488,0.0006704274193914117,-0.2597845306338785,0.0648533764582211
TR_core_b,8,policy,1.4695628104496563,0.5122162753071142,177,0.9601852975621592,1.9789403233371534,0.6270420122271758,2.312083608672137
TR_core_b,8,fx,-1.1717893108267414,0.5609881487567717,177,-1.7296683977451588,-0.613910223908324,-2.0945327019861093,-0.24904591966737355
TR_core_b,9,brent,0.0,0.0,176,0.0,0.0,0.0,0.0
TR_core_b,9,vix,0.0,0.0,176,0.0,0.0,0.0,0.0
TR_core_b,9,fedfunds,0.0,0.0,176,0.0,0.0,0.0,0.0
TR_core_b,9,activity,0.12726785639546612,0.3430634769040516,176,-0.2138943226531152,0.46843003544404743,-0.43702134786474567,0.6915570606556779
TR_core_b,9,price,0.0025766777953418964,0.11196999913636063,176,-0.10877277052880122,0.11392612611948502,-0.18159758139385407,0.18675093698453787
TR_core_b,9,policy,1.2995796677927456,0.524803408925151,176,0.7776847806517773,1.821474554933714,0.43635487718571453,2.1628044583997768
TR_core_b,9,fx,-1.2916662762132523,0.6096738996248355,176,-1.8979612918824018,-0.6853712605441026,-2.2944906012688104,-0.28884195115769384
TR_core_b,10,brent,0.0,0.0,175,0.0,0.0,0.0,0.0
TR_core_b,10,vix,0.0,0.0,175,0.0,0.0,0.0,0.0
TR_core_b,10,fedfunds,0.0,0.0,175,0.0,0.0,0.0,0.0
TR_core_b,10,activity,0.20359051917865817,0.2618502878657949,175,-0.05680856381022481,0.46398960216754115,-0.22711487653568158,0.6342959148929979
TR_core_b,10,price,-0.0899932038618587,0.07967691317293325,175,-0.16922853827650122,-0.010757869447216184,-0.22105006347865547,0.041063655754938075
TR_core_b,10,policy,1.0672577332612438,0.5284037097888649,175,0.5417824985444284,1.5927329679780593,0.1981109747204165,1.936404491802071
TR_core_b,10,fx,-1.3131682091407684,0.6656210858977556,175,-1.9751003452424278,-0.6512360730391088,-2.408017466455069,-0.21831895182646788
TR_core_b,11,brent,0.0,0.0,174,0.0,0.0,0.0,0.0
TR_core_b,11,vix,0.0,0.0,174,0.0,0.0,0.0,0.0
TR_core_b,11,fedfunds,0.0,0.0,174,0.0,0.0,0.0,0.0
TR_core_b,11,activity,0.03032371309173241,0.343559825242507,174,-0.31133206347484393,0.3719794896583088,-0.5347819115332191,0.5954293377166839
TR_core_b,11,price,0.048569085045218875,0.11426536651337821,174,-0.06506300946186186,0.16220117955229962,-0.13938071749925054,0.23651888758968828
TR_core_b,11,policy,0.8655404182671439,0.48829752268199417,174,0.3799490974842414,1.3511317390500464,0.06236246705224713,1.6687183694820407
TR_core_b,11,fx,-1.0203449858182432,0.6058538976718176,174,-1.6228411704313377,-0.4178488012051488,-2.0168859668064183,-0.02380400483006795
TR_core_b,12,brent,0.0,0.0,173,0.0,0.0,0.0,0.0
TR_core_b,12,vix,0.0,0.0,173,0.0,0.0,0.0,0.0
TR_core_b,12,fedfunds,0.0,0.0,173,0.0,0.0,0.0,0.0
TR_core_b,12,activity,0.050708589999075036,0.284991459504668,173,-0.23270341355279525,0.3341205935509453,-0.4180606458173717,0.5194778258155217
TR_core_b,12,price,-0.010345287892202628,0.05979535313588556,173,-0.06980924819749508,0.04911867241308983,-0.10869989137260806,0.08800931558820281
TR_core_b,12,policy,0.6167998442118154,0.4472869395459324,173,0.1719918211235985,1.0616078673000324,-0.11892170058833529,1.352521389011966
TR_core_b,12,fx,-0.9545422521888446,0.5478110956258736,173,-1.4993173147437666,-0.40976718963392245,-1.8556113197133224,-0.05347318466436679
TR_core_b,13,brent,0.0,0.0,172,0.0,0.0,0.0,0.0
TR_core_b,13,vix,0.0,0.0,172,0.0,0.0,0.0,0.0
TR_core_b,13,fedfunds,0.0,0.0,172,0.0,0.0,0.0,0.0
TR_core_b,13,activity,-0.11239612031631255,0.3178256977465263,172,-0.42846039092698596,0.2036681502943609,-0.6351728719930686,0.41038063136044356
TR_core_b,13,price,0.0879157666581028,0.09786851550919466,172,-0.009410350108051857,0.18524188342425746,-0.07306361604155243,0.24889514935775803
TR_core_b,13,policy,0.4517349830777706,0.4059017819616388,172,0.04808275619713237,0.8553872099584088,-0.21591403516789653,1.1193840013234377
TR_core_b,13,fx,-0.5613535684797701,0.4179623333554367,172,-0.9769995057698271,-0.1457076311897132,-1.2488404284285604,0.12613329146902008
TR_core_b,14,brent,0.0,0.0,171,0.0,0.0,0.0,0.0
TR_core_b,14,vix,0.0,0.0,171,0.0,0.0,0.0,0.0
TR_core_b,14,fedfunds,0.0,0.0,171,0.0,0.0,0.0,0.0
TR_core_b,14,activity,-0.32491279816526847,0.2934249623511338,171,-0.6167115651058785,-0.033114031224658336,-0.8075539117266299,0.15772831539609306
TR_core_b,14,price,0.14943855897735925,0.11799811008945854,171,0.032094408195044846,0.26678270975967366,-0.044651060376705715,0.34352817833142424
TR_core_b,14,policy,0.27090257466072626,0.3584673576269617,171,-0.08557811500477575,0.6273832643262283,-0.3187237586756921,0.8605289079971445
TR_core_b,14,fx,-0.22459308306410578,0.4118695964428594,171,-0.6341800501011272,0.18499388397291563,-0.9020582826041822,0.4528721164759707
TR_core_b,15,brent,0.0,0.0,170,0.0,0.0,0.0,0.0
TR_core_b,15,vix,0.0,0.0,170,0.0,0.0,0.0,0.0
TR_core_b,15,fedfunds,0.0,0.0,170,0.0,0.0,0.0,0.0
TR_core_b,15,activity,-0.4105891663942593,0.49095539547280387,170,-0.8988236297265513,0.07764529693803263,-1.218138929309095,0.3969605965205764
TR_core_b,15,price,-0.03066984890975946,0.06399952568482531,170,-0.09431468174871908,0.03297498392920016,-0.13593970085561824,0.07460000303609933
TR_core_b,15,policy,0.07667090872524734,0.25185472573451123,170,-0.17378800870506772,0.3271298261555624,-0.3375932503640317,0.4909350678145264
TR_core_b,15,fx,0.05216240044564042,0.3808547128739419,170,-0.3265815711294383,0.43090637202071913,-0.5742878553666243,0.6786126562579052
TR_core_b,16,brent,0.0,0.0,169,0.0,0.0,0.0,0.0
TR_core_b,16,vix,0.0,0.0,169,0.0,0.0,0.0,0.0
TR_core_b,16,fedfunds,0.0,0.0,169,0.0,0.0,0.0,0.0
TR_core_b,16,activity,-0.37394870509236094,0.5260148221808989,169,-0.8970482916953326,0.14915088151061068,-1.239166093186846,0.4912686830021242
TR_core_b,16,price,0.17825373809352069,0.09328423348552978,169,0.08548649672465634,0.271020979462385,0.02481482830745907,0.3316926478795823
TR_core_b,16,policy,-0.1372113048885981,0.19830383255802864,169,-0.33441611444663666,0.05999350466944045,-0.46339208311004887,0.18896947333285272
TR_core_b,16,fx,0.6970852320830283,0.6432603293772008,169,0.057389926577768424,1.3367805375882882,-0.3609838537670589,1.7551543179331155
TR_core_b,17,brent,0.0,0.0,168,0.0,0.0,0.0,0.0
TR_core_b,17,vix,0.0,0.0,168,0.0,0.0,0.0,0.0
TR_core_b,17,fedfunds,0.0,0.0,168,0.0,0.0,0.0,0.0
TR_core_b,17,activity,-0.3275545014353603,0.36486960048606365,168,-0.6904019519823196,0.03529294911159897,-0.9277115871591965,0.272602584288476
TR_core_b,17,price,0.09289206252984211,0.10402555968732084,168,-0.010556975356520837,0.19634110041620506,-0.0782147566175044,0.26399888167718866
TR_core_b,17,policy,-0.29358724441911105,0.18439878290485134,168,-0.4769640677331244,-0.11021042110509771,-0.5968962512855929,0.009721762447370774
TR_core_b,17,fx,0.46770318268799166,0.6175779875808152,168,-0.14645211555856524,1.0818584809345486,-0.5481222101097034,1.4835285754856866
TR_core_b,18,brent,0.0,0.0,167,0.0,0.0,0.0,0.0
TR_core_b,18,vix,0.0,0.0,167,0.0,0.0,0.0,0.0
TR_core_b,18,fedfunds,0.0,0.0,167,0.0,0.0,0.0,0.0
TR_core_b,18,activity,-0.07214302927190286,0.36340366758038367,167,-0.43353267128455214,0.2892466127407464,-0.669888869938964,0.5256028113951583
TR_core_b,18,price,0.011229787367313388,0.05017376324099211,167,-0.03866590701799097,0.06112548175261774,-0.07129870907743692,0.0937582838120637
TR_core_b,18,policy,-0.5959222265640723,0.18908421899735833,167,-0.7839585187365548,-0.40788593439158993,-0.9069380899811637,-0.2849063631469811
TR_core_b,18,fx,0.24144514569614775,0.5991360939615756,167,-0.3543704660594408,0.8372607574517362,-0.7440460314940879,1.2269363228863834
TR_core_b,19,brent,0.0,0.0,166,0.0,0.0,0.0,0.0
TR_core_b,19,vix,0.0,0.0,166,0.0,0.0,0.0,0.0
TR_core_b,19,fedfunds,0.0,0.0,166,0.0,0.0,0.0,0.0
TR_core_b,19,activity,-0.9192942584803785,0.5979689978884937,166,-1.5139492423456273,-0.32463927461512954,-1.9028657334618044,0.06427721650104745
TR_core_b,19,price,-0.05273604054422146,0.059965251799058934,166,-0.11236895791445348,0.006896876826010555,-0.1513701024569618,0.04589802136851891
TR_core_b,19,policy,-0.5994764807222356,0.17492734300069698,166,-0.7734343559582152,-0.425518605486256,-0.8872063553099162,-0.31174660613455496
TR_core_b,19,fx,-0.07597171874371882,0.5552828480046718,166,-0.6281771243531279,0.4762336868656903,-0.989330725268146,0.8373872877807085
TR_core_b,20,brent,0.0,0.0,165,0.0,0.0,0.0,0.0
TR_core_b,20,vix,0.0,0.0,165,0.0,0.0,0.0,0.0
TR_core_b,20,fedfunds,0.0,0.0,165,0.0,0.0,0.0,0.0
TR_core_b,20,activity,-0.4870124185218747,0.5334496384811579,165,-1.0175056168048553,0.04348077976110587,-1.3644589911735587,0.3904341541298093
TR_core_b,20,price,-0.2609524700726309,0.11540377685803845,165,-0.37571666572128654,-0.14618827442397525,-0.4507747910014738,-0.07113014914378801
TR_core_b,20,policy,-0.8276383118449522,0.18075397523380998,165,-1.007390527437715,-0.6478860962521893,-1.124952143594181,-0.5303244800957233
TR_core_b,20,fx,-0.2577891957853975,0.5575052484906148,165,-0.8122046850777018,0.29662629350690684,-1.1748037258096669,0.6592253342388719
TR_core_b,21,brent,0.0,0.0,164,0.0,0.0,0.0,0.0
TR_core_b,21,vix,0.0,0.0,164,0.0,0.0,0.0,0.0
TR_core_b,21,fedfunds,0.0,0.0,164,0.0,0.0,0.0,0.0
TR_core_b,21,activity,-0.04093197475929357,0.4715958591259192,164,-0.5099141945561403,0.4280502450375532,-0.8166381340978572,0.7347741845792701
TR_core_b,21,price,0.01472108808431079,0.11378984899225826,164,-0.09843812427528786,0.12788030044390944,-0.1724465577408655,0.2018887339094871
TR_core_b,21,policy,-1.0176149241517656,0.24049669763446388,164,-1.2567787610002707,-0.7784510873032605,-1.413196789525665,-0.6220330587778662
TR_core_b,21,fx,-0.21089367526859892,0.5908848273953924,164,-0.7985037499409814,0.37671639940378354,-1.1828127267205044,0.7610253761833067
TR_core_b,22,brent,0.0,0.0,163,0.0,0.0,0.0,0.0
TR_core_b,22,vix,0.0,0.0,163,0.0,0.0,0.0,0.0
TR_core_b,22,fedfunds,0.0,0.0,163,0.0,0.0,0.0,0.0
TR_core_b,22,activity,-0.6190945869878779,0.33524890966771925,163,-0.9524855080444159,-0.28570366593133995,-1.1705299719863524,-0.06765920198940345
TR_core_b,22,price,0.00624063591710714,0.0808512353378715,163,-0.07416251243188618,0.08664378426610045,-0.1267478117718978,0.13922908360611208
TR_core_b,22,policy,-1.170512801575298,0.3329204014924951,163,-1.5015881193208658,-0.83943748382973,-1.7181181314563687,-0.6229074716942271
TR_core_b,22,fx,0.13158101061318733,0.6487759173728183,163,-0.5135993148548514,0.776761336081226,-0.9355604101562611,1.198722431382636
TR_core_b,23,brent,0.0,0.0,162,0.0,0.0,0.0,0.0
TR_core_b,23,vix,0.0,0.0,162,0.0,0.0,0.0,0.0
TR_core_b,23,fedfunds,0.0,0.0,162,0.0,0.0,0.0,0.0
TR_core_b,23,activity,-1.0830851589498331,0.5130266105033404,162,-1.5932685160612596,-0.5729018018384066,-1.9269388399588727,-0.23923147794079358
TR_core_b,23,price,-0.050852862785131944,0.06967383014254866,162,-0.1201405524238068,0.01843482685354292,-0.16545611499870388,0.06375038942844001
TR_core_b,23,policy,-1.2449508507951714,0.4181072566501883,162,-1.6607409081981548,-0.8291607933921881,-1.9326760883509637,-0.5572256132393792
TR_core_b,23,fx,-0.14180191999857109,0.5685878635327566,162,-0.7072386031861123,0.4236347631889702,-1.0770457295710143,0.7934418895738722
TR_core_b,24,brent,0.0,0.0,161,0.0,0.0,0.0,0.0
TR_core_b,24,vix,0.0,0.0,161,0.0,0.0,0.0,0.0
TR_core_b,24,fedfunds,0.0,0.0,161,0.0,0.0,0.0,0.0
TR_core_b,24,activity,-0.5528846673183565,0.3097523839685479,161,-0.8609203673988934,-0.24484896723781963,-1.0623819995458874,-0.043387335090825596
TR_core_b,24,price,0.029114150689670108,0.10034142060861767,161,-0.07067116604703536,0.12889946742637556,-0.13593279893187785,0.19416110031121805
TR_core_b,24,policy,-1.4425704981543366,0.4708307308658555,161,-1.9107918301212963,-0.9743491661873769,-2.217018133499251,-0.6681228628094218
TR_core_b,24,fx,-0.47449232041538814,0.5596028528803714,161,-1.0309937889289413,0.08200914809816506,-1.3949571026280578,0.44597246179728167
TR_core_b,25,brent,0.0,0.0,160,0.0,0.0,0.0,0.0
TR_core_b,25,vix,0.0,0.0,160,0.0,0.0,0.0,0.0
TR_core_b,25,fedfunds,0.0,0.0,160,0.0,0.0,0.0,0.0
TR_core_b,25,activity,-0.8013682950186732,0.232229075850291,160,-1.032310330208511,-0.5704262598288355,-1.183351132714613,-0.4193854573227336
TR_core_b,25,price,-0.18017949084874643,0.08482168460480052,160,-0.26453108377112167,-0.09582789792637117,-0.31969874641508644,-0.04066023528240645
TR_core_b,25,policy,-1.5477166099235837,0.5141001133191222,160,-2.0589675203728124,-1.036465699474355,-2.3933360459327044,-0.7020971739144628
TR_core_b,25,fx,-0.9798120350472692,0.41342766906914563,160,-1.3909484396901142,-0.5686756304044243,-1.6598400359977463,-0.2997840340967921
TR_core_b,26,brent,0.0,0.0,159,0.0,0.0,0.0,0.0
TR_core_b,26,vix,0.0,0.0,159,0.0,0.0,0.0,0.0
TR_core_b,26,fedfunds,0.0,0.0,159,0.0,0.0,0.0,0.0
TR_core_b,26,activity,-0.6043902780758494,0.2698153756699081,159,-0.8727103054219907,-0.3360702507297082,-1.0481970773537717,-0.16058347879792717
TR_core_b,26,price,-0.09408655913740131,0.10838744287765471,159,-0.2018733061480319,0.01370018787322927,-0.27236803767070716,0.08419491939590452
TR_core_b,26,policy,-1.5942814357486983,0.5405078089906252,159,-2.131793687335857,-1.0567691841615394,-2.4833376657625217,-0.7052252057348749
TR_core_b,26,fx,-1.2820267954878333,0.32389013800949024,159,-1.6041218965252657,-0.9599316944504007,-1.814778663726556,-0.7492749272491105
TR_core_b,27,brent,0.0,0.0,158,0.0,0.0,0.0,0.0
TR_core_b,27,vix,0.0,0.0,158,0.0,0.0,0.0,0.0
TR_core_b,27,fedfunds,0.0,0.0,158,0.0,0.0,0.0,0.0
TR_core_b,27,activity,-0.9187460469525394,0.31792372953445336,158,-1.234907806047522,-0.6025842878575567,-1.4416840465712237,-0.395808047333855
TR_core_b,27,price,-0.19559815378898632,0.0659817360512619,158,-0.2612142113530289,-0.12998209622494372,-0.30412845164545915,-0.0870678559325135
TR_core_b,27,policy,-1.503490319750704,0.5435490996243562,158,-2.0440270067837085,-0.9629536327176993,-2.397549027694033,-0.6094316118073747
TR_core_b,27,fx,-1.401497798054646,0.3928289666153235,158,-1.7921496606583955,-1.0108459354508963,-2.0476439485634597,-0.7553516475458323
TR_core_b,28,brent,0.0,0.0,157,0.0,0.0,0.0,0.0
TR_core_b,28,vix,0.0,0.0,157,0.0,0.0,0.0,0.0
TR_core_b,28,fedfunds,0.0,0.0,157,0.0,0.0,0.0,0.0
TR_core_b,28,activity,-0.4754690663767917,0.32112923663846554,157,-0.7948185672810442,-0.15611956547253925,-1.0036796559817294,0.0527415232281459
TR_core_b,28,price,-0.19366985085050328,0.25233623681435385,157,-0.44460761077002064,0.057267909069014106,-0.6087260251858788,0.22138632348487222
TR_core_b,28,policy,-1.4015885870432117,0.5339642767287668,157,-1.932593571388528,-0.8705836026978953,-2.2798816642830433,-0.5232955098033801
TR_core_b,28,fx,-2.129754384600162,0.45613930734279085,157,-2.583365714629037,-1.6761430545712872,-2.880036778678084,-1.3794719905222403
TR_core_b,29,brent,0.0,0.0,156,0.0,0.0,0.0,0.0
TR_core_b,29,vix,0.0,0.0,156,0.0,0.0,0.0,0.0
TR_core_b,29,fedfunds,0.0,0.0,156,0.0,0.0,0.0,0.0
TR_core_b,29,activity,-0.1422371583956719,0.31433048717583656,156,-0.4548255893008448,0.17035127250950108,-0.6592648002882697,0.374790483496926
TR_core_b,29,price,-0.09006796481550873,0.09844655350737129,156,-0.18796891602574492,0.00783298639472746,-0.25199813541298055,0.07186220578196308
TR_core_b,29,policy,-1.3428277124202392,0.5471156134908066,156,-1.8869111472833124,-0.798744277557166,-2.2427528136323724,-0.44290261120810626
TR_core_b,29,fx,-2.023322653280097,0.42925469591339604,156,-2.450198369535979,-1.5964469370242147,-2.7293837967391976,-1.3172615098209963
TR_core_b,30,brent,0.0,0.0,155,0.0,0.0,0.0,0.0
TR_core_b,30,vix,0.0,0.0,155,0.0,0.0,0.0,0.0
TR_core_b,30,fedfunds,0.0,0.0,155,0.0,0.0,0.0,0.0
TR_core_b,30,activity,-0.16899867920875922,0.419368829824789,155,-0.5860433180004703,0.24804595958295178,-0.858799019976458,0.5208016615589396
TR_core_b,30,price,0.006408425919472316,0.10543681866339175,155,-0.09844404958089487,0.11126090141983949,-0.16701970767323224,0.1798365595121769
TR_core_b,30,policy,-1.014057942224386,0.5006901438169006,155,-1.511973202788528,-0.5161426816602441,-1.8376199412604692,-0.19049594318830299
TR_core_b,30,fx,-1.812948524363079,0.48144220198285687,155,-2.2917225174347933,-1.3341745312913647,-2.6048504764620843,-1.0210465722640736
TR_core_b,31,brent,0.0,0.0,154,0.0,0.0,0.0,0.0
TR_core_b,31,vix,0.0,0.0,154,0.0,0.0,0.0,0.0
TR_core_b,31,fedfunds,0.0,0.0,154,0.0,0.0,0.0,0.0
TR_core_b,31,activity,0.22147362503923934,0.40532184997473125,154,-0.1816018839052932,0.6245491339837719,-0.44522148997437777,0.8881687400528564
TR_core_b,31,price,-0.05361717089052408,0.1378129242511629,154,-0.19066631982028165,0.08343197803923348,-0.28029925918583787,0.1730649174047897
TR_core_b,31,policy,-0.947269319631918,0.5354279332442682,154,-1.479729848737386,-0.4148087905264498,-1.827969897599883,-0.06656874166395288
TR_core_b,31,fx,-2.0497234361619516,0.6114533917654227,154,-2.657788081818418,-1.4416587905054854,-3.0554747653190866,-1.043972107004817
TR_core_b,32,brent,0.0,0.0,153,0.0,0.0,0.0,0.0
TR_core_b,32,vix,0.0,0.0,153,0.0,0.0,0.0,0.0
TR_core_b,32,fedfunds,0.0,0.0,153,0.0,0.0,0.0,0.0
TR_core_b,32,activity,-0.14299802762622427,0.37828483555516024,153,-0.5191863644427586,0.23319030919031009,-0.7652212114098708,0.4792251561574222
TR_core_b,32,price,-0.04917447378025738,0.08141329896936171,153,-0.13013657073845164,0.031787623177936875,-0.18308743387209653,0.08473848631158176
TR_core_b,32,policy,-0.6526213291303662,0.443678327922731,153,-1.0938407399424481,-0.21140191831828425,-1.3824072360138349,0.07716457775310237
TR_core_b,32,fx,-1.8805591492820095,0.8589031688816937,153,-2.734702176490248,-1.0264161220737709,-3.293329141817176,-0.46778915674684285
TR_core_b,33,brent,0.0,0.0,152,0.0,0.0,0.0,0.0
TR_core_b,33,vix,0.0,0.0,152,0.0,0.0,0.0,0.0
TR_core_b,33,fedfunds,0.0,0.0,152,0.0,0.0,0.0,0.0
TR_core_b,33,activity,0.37505794614144716,0.26718175191150323,152,0.10935694670326018,0.6407589455796341,-0.06441692754543732,0.8145328198283317
TR_core_b,33,price,0.2074125061820608,0.13976708843962513,152,0.0684200232700008,0.3464049890941208,-0.022483896166303724,0.43730890853042537
TR_core_b,33,policy,-0.7277926683489938,0.4299116003912852,152,-1.1553216484414288,-0.3002636882565589,-1.434934323521111,-0.020651013176876565
TR_core_b,33,fx,-0.9492275225491066,0.9690576410968634,152,-1.9129145330225303,0.014459487924317282,-2.54318549823232,0.644730453134107
TR_core_b,34,brent,0.0,0.0,151,0.0,0.0,0.0,0.0
TR_core_b,34,vix,0.0,0.0,151,0.0,0.0,0.0,0.0
TR_core_b,34,fedfunds,0.0,0.0,151,0.0,0.0,0.0,0.0
TR_core_b,34,activity,0.00723421938087382,0.30647171225993525,151,-0.29753899085681,0.31200742961855765,-0.4968668880879085,0.5113353268496562
TR_core_b,34,price,0.1207773241920269,0.11898216066870433,151,0.0024545765537044018,0.2391000718303494,-0.0749309143264142,0.316485562710468
TR_core_b,34,policy,-0.3481659516744104,0.3422806760991915,151,-0.6885496682916157,-0.007782235057205156,-0.9111675631915674,0.21483565984274672
TR_core_b,34,fx,-0.7153891905044748,0.810931701174627,151,-1.5218266134822787,0.09104823247332916,-2.049253140391487,0.6184747593825376
TR_core_b,35,brent,0.0,0.0,150,0.0,0.0,0.0,0.0
TR_core_b,35,vix,0.0,0.0,150,0.0,0.0,0.0,0.0
TR_core_b,35,fedfunds,0.0,0.0,150,0.0,0.0,0.0,0.0
TR_core_b,35,activity,0.6201812715174133,0.5207948993826427,150,0.10227267829091391,1.1380898647439128,-0.23645010762995344,1.47681265066478
TR_core_b,35,price,0.24384984258673886,0.13306458863995194,150,0.11152271343767564,0.3761769717358021,0.024978071343508296,0.46272161382996946
TR_core_b,35,policy,-0.5315990055869061,0.42260891887736995,150,-0.9518657764792579,-0.11133223469455433,-1.2267288185843883,0.16353080741057624
TR_core_b,35,fx,-0.42342271032659357,1.3458591505730073,150,-1.7618229523039033,0.9149775316507163,-2.6371640155124316,1.7903185948592446
TR_core_b,36,brent,0.0,0.0,149,0.0,0.0,0.0,0.0
TR_core_b,36,vix,0.0,0.0,149,0.0,0.0,0.0,0.0
TR_core_b,36,fedfunds,0.0,0.0,149,0.0,0.0,0.0,0.0
TR_core_b,36,activity,-0.05128018730462722,0.5818818194747395,149,-0.6299371497777166,0.5273767751684622,-1.008390608524774,0.9058302339155196
TR_core_b,36,price,0.4264202355645929,0.17309808732669446,149,0.2542814780540313,0.5985589930751545,0.14169921880691688,0.7111412523222689
TR_core_b,36,policy,-0.1932625152962989,0.3252650083289745,149,-0.5167248669613337,0.1301998363687359,-0.7282758439666133,0.34175081337401547
TR_core_b,36,fx,0.464780066719608,0.8589987464592657,149,-0.3894580083641051,1.319018141803321,-0.9481471369406831,1.8777072703798992
TR_core_c,0,brent,0.0,0.0,185,0.0,0.0,0.0,0.0
TR_core_c,0,vix,0.0,0.0,185,0.0,0.0,0.0,0.0
TR_core_c,0,fedfunds,0.0,0.0,185,0.0,0.0,0.0,0.0
TR_core_c,0,activity,1.5337564005093836e-15,3.646472195217755e-15,185,-2.0925066199300876e-15,5.160019420948855e-15,-4.464156615372236e-15,7.531669416391004e-15
TR_core_c,0,price,-8.392502829983556e-19,2.0065383906740532e-15,185,-1.9962571708518226e-15,1.994578670285826e-15,-3.3013011998005842e-15,3.2996226992345877e-15
TR_core_c,0,policy,1.0000000000000004,3.074779958810368e-14,185,0.9999999999999699,1.000000000000031,0.9999999999999498,1.000000000000051
TR_core_c,0,fx,0.37887033456722624,0.1808449315576921,185,0.19902766674115102,0.5587130023933015,0.08140689297876569,0.6763337761556868
TR_core_c,1,brent,0.0,0.0,184,0.0,0.0,0.0,0.0
TR_core_c,1,vix,0.0,0.0,184,0.0,0.0,0.0,0.0
TR_core_c,1,fedfunds,0.0,0.0,184,0.0,0.0,0.0,0.0
TR_core_c,1,activity,0.05734358012893153,0.24479594845256242,184,-0.18609568058752762,0.3007828408453907,-0.3453099235462913,0.4599970838041544
TR_core_c,1,price,-0.06698395936115928,0.11384183929626153,184,-0.18019487388842445,0.04622695516610589,-0.25423712162644163,0.1202692029041231
TR_core_c,1,policy,1.3412453528362738,0.10561263072700305,184,1.236218039643285,1.4462726660292626,1.1675280341330763,1.5149626715394713
TR_core_c,1,fx,-0.04227373772841919,0.4096650058472367,184,-0.4496683322683735,0.3651208568115351,-0.7161127084313423,0.6315652329745041
TR_core_c,2,brent,0.0,0.0,183,0.0,0.0,0.0,0.0
TR_core_c,2,vix,0.0,0.0,183,0.0,0.0,0.0,0.0
TR_core_c,2,fedfunds,0.0,0.0,183,0.0,0.0,0.0,0.0
TR_core_c,2,activity,-0.22377484654696492,0.26801094357272576,183,-0.49030044216934643,0.04275074907541662,-0.6646136191452492,0.21706392605131933
TR_core_c,2,price,-0.11672263976227011,0.10730850174143393,183,-0.22343642525446664,-0.010008854270073586,-0.29322941805439606,0.059784138529855826
TR_core_c,2,policy,1.6593258908536597,0.1061527647247489,183,1.5537614371486228,1.7648903445586965,1.4847201307852302,1.833931650922089
TR_core_c,2,fx,-0.14180789864974952,0.4903721712901993,183,-0.6294623700959717,0.3458465727964727,-0.9483983431525023,0.6647825458530032
TR_core_c,3,brent,0.0,0.0,182,0.0,0.0,0.0,0.0
TR_core_c,3,vix,0.0,0.0,182,0.0,0.0,0.0,0.0
TR_core_c,3,fedfunds,0.0,0.0,182,0.0,0.0,0.0,0.0
TR_core_c,3,activity,0.08985815737035609,0.28471826302437975,182,-0.19328216378802643,0.3729984785287386,-0.3784617102246181,0.5581780249653303
TR_core_c,3,price,-0.11368040191377943,0.09418698571640544,182,-0.20734539235522326,-0.020015411472335598,-0.2686042069810354,0.04124340315347655
TR_core_c,3,policy,1.7508466690493742,0.1591192207857962,182,1.592609305568746,1.9090840325300025,1.4891188416221652,2.0125744964765833
TR_core_c,3,fx,-0.16884114107361653,0.5813775838279175,182,-0.7469966624327284,0.4093143802854953,-1.12512216846125,0.7874398863140171
TR_core_c,4,brent,0.0,0.0,181,0.0,0.0,0.0,0.0
TR_core_c,4,vix,0.0,0.0,181,0.0,0.0,0.0,0.0
TR_core_c,4,fedfunds,0.0,0.0,181,0.0,0.0,0.0,0.0
TR_core_c,4,activity,-0.11213660896269217,0.2839537171031323,181,-0.3945166214026143,0.17024340347722994,-0.5791989104261315,0.3549256925007472
TR_core_c,4,price,0.009759319166061676,0.13351511811208974,181,-0.12301584256818729,0.14253448090031065,-0.2098535071134633,0.22937214544558665
TR_core_c,4,policy,1.72333565154851,0.21145802572946748,181,1.5130495508938702,1.93362175220315,1.375518150979398,2.0711531521176223
TR_core_c,4,fx,-0.5186308200590466,0.6696778737528322,181,-1.1845972608236965,0.14733562070560347,-1.6201528995905425,0.5828912594724494
TR_core_c,5,brent,0.0,0.0,180,0.0,0.0,0.0,0.0
TR_core_c,5,vix,0.0,0.0,180,0.0,0.0,0.0,0.0
TR_core_c,5,fedfunds,0.0,0.0,180,0.0,0.0,0.0,0.0
TR_core_c,5,activity,0.3357553620537979,0.3875769447119308,180,-0.0496735859653325,0.7211843100729283,-0.3017519811783916,0.9732627052859875
TR_core_c,5,price,-0.057862670082843445,0.12465372135487825,180,-0.1818255459556341,0.06610020578994721,-0.2628997957664131,0.14717445560072617
TR_core_c,5,policy,1.8163896360007232,0.29337544508217756,180,1.5246401118985817,2.1081391601028647,1.333829971098801,2.2989493009026454
TR_core_c,5,fx,-0.7417622905560728,0.6408863889415191,180,-1.3790968122807987,-0.10442776883134697,-1.7959265918703622,0.3124020107582166
TR_core_c,6,brent,0.0,0.0,179,0.0,0.0,0.0,0.0
TR_core_c,6,vix,0.0,0.0,179,0.0,0.0,0.0,0.0
TR_core_c,6,fedfunds,0.0,0.0,179,0.0,0.0,0.0,0.0
TR_core_c,6,activity,0.14873112880430786,0.3179212517624207,179,-0.1674281662507441,0.46489042385935986,-0.3742027952420619,0.6716650528506776
TR_core_c,6,price,0.05171112281093892,0.0961110816051242,179,-0.043867299955092774,0.1472895455769706,-0.10637753835747851,0.20979978397935636
TR_core_c,6,policy,1.6605690376545212,0.3638036291695223,179,1.298781650686572,2.0223564246224703,1.0621653187169242,2.2589727565921183
TR_core_c,6,fx,-0.9933870231623787,0.6193517134789006,179,-1.60930621711094,-0.3774678292138175,-2.0121299354367572,0.02535588911199982
TR_core_c,7,brent,0.0,0.0,178,0.0,0.0,0.0,0.0
TR_core_c,7,vix,0.0,0.0,178,0.0,0.0,0.0,0.0
TR_core_c,7,fedfunds,0.0,0.0,178,0.0,0.0,0.0,0.0
TR_core_c,7,activity,0.2562173487541078,0.2986061518140546,178,-0.04073389289230722,0.5531685904005228,-0.23494606308726174,0.7473807605954773
TR_core_c,7,price,-0.1349469657239652,0.0723767589091918,178,-0.20692260418238273,-0.06297132726554765,-0.25399614012274163,-0.015897791325188787
TR_core_c,7,policy,1.5934724754334837,0.4248759705624511,178,1.170951217121259,2.0159937337457086,0.8946136942493093,2.292331256617658
TR_core_c,7,fx,-1.1365782880263375,0.6366997573265285,178,-1.7697493809374407,-0.5034071951152342,-2.183856193144,-0.08930038290867515
TR_core_c,8,brent,0.0,0.0,177,0.0,0.0,0.0,0.0
TR_core_c,8,vix,0.0,0.0,177,0.0,0.0,0.0,0.0
TR_core_c,8,fedfunds,0.0,0.0,177,0.0,0.0,0.0,0.0
TR_core_c,8,activity,0.7737605251957945,0.6119105496946894,177,0.16524125523269706,1.382279795158892,-0.23274276183938414,1.7802638122309733
TR_core_c,8,price,-0.1084787111259216,0.10408431349325961,177,-0.21198617719776894,-0.004971245054074258,-0.27968217168406373,0.06272474943222052
TR_core_c,8,policy,1.4358020704453414,0.5035233126026826,177,0.9350693428477147,1.9365347980429681,0.6075799234561992,2.264024217434484
TR_core_c,8,fx,-1.1687083690490225,0.5609512129699787,177,-1.7265507248830914,-0.6108660132149538,-2.0913910062455194,-0.2460257318525254
TR_core_c,9,brent,0.0,0.0,176,0.0,0.0,0.0,0.0
TR_core_c,9,vix,0.0,0.0,176,0.0,0.0,0.0,0.0
TR_core_c,9,fedfunds,0.0,0.0,176,0.0,0.0,0.0,0.0
TR_core_c,9,activity,0.16025356789442027,0.3550659210444007,176,-0.19284453634731594,0.5133516721361565,-0.4237779001423272,0.7442850359311677
TR_core_c,9,price,0.016101161691083506,0.11182219197948569,176,-0.09510129864071051,0.1273036220228775,-0.16782997636003733,0.20003229974220432
TR_core_c,9,policy,1.2647917175316106,0.5174934291014768,176,0.7501662974523994,1.7794171376108219,0.41359077375049214,2.115992661312729
TR_core_c,9,fx,-1.2842128109664879,0.6203879688282892,176,-1.901162517216267,-0.6672631047167089,-2.3046602116107557,-0.2637654103222198
TR_core_c,10,brent,0.0,0.0,175,0.0,0.0,0.0,0.0
TR_core_c,10,vix,0.0,0.0,175,0.0,0.0,0.0,0.0
TR_core_c,10,fedfunds,0.0,0.0,175,0.0,0.0,0.0,0.0
TR_core_c,10,activity,0.23364316765893067,0.2727281991128731,175,-0.03757353992246526,0.5048598752403266,-0.21495479982382187,0.6822411351416833
TR_core_c,10,price,-0.13882901741865925,0.08229455790977035,175,-0.22066748927729193,-0.056990545560026556,-0.27419151947491294,-0.0034665153624055534
TR_core_c,10,policy,1.0392553560243145,0.5230577758253633,175,0.519096427480622,1.559414284568007,0.17890187635279575,1.8996088356958332
TR_core_c,10,fx,-1.3029213193057267,0.6699124026333495,175,-1.9691209891644474,-0.6367216494470059,-2.4048291645169666,-0.2010134740944869
TR_core_c,11,brent,0.0,0.0,174,0.0,0.0,0.0,0.0
TR_core_c,11,vix,0.0,0.0,174,0.0,0.0,0.0,0.0
TR_core_c,11,fedfunds,0.0,0.0,174,0.0,0.0,0.0,0.0
TR_core_c,11,activity,0.05804238774325664,0.3326635548227153,174,-0.2727775068067726,0.3888622822932859,-0.4891404669614564,0.6052252424479697
TR_core_c,11,price,0.05585949639178629,0.10876279460150191,174,-0.05230052209960051,0.1640195148831731,-0.12303938078587211,0.23475837356944468
TR_core_c,11,policy,0.8443713666115111,0.486272184216819,174,0.36079415963147,1.3279485735915522,0.044524800716862045,1.64421793250616
TR_core_c,11,fx,-1.0143108660466464,0.6106262404719829,174,-1.6215529445787444,-0.40706878751454845,-2.018701652398729,-0.009920079694563766
TR_core_c,12,brent,0.0,0.0,173,0.0,0.0,0.0,0.0
TR_core_c,12,vix,0.0,0.0,173,0.0,0.0,0.0,0.0
TR_core_c,12,fedfunds,0.0,0.0,173,0.0,0.0,0.0,0.0
TR_core_c,12,activity,0.06748654457656192,0.2737871228982406,173,-0.20478321811091102,0.33975630726403483,-0.3828531975352175,0.5178262866883413
TR_core_c,12,price,-0.03419498903084192,0.06740405380090397,173,-0.10122548169344522,0.03283550363176138,-0.14506479139649098,0.07667481333480713
TR_core_c,12,policy,0.6039427566838143,0.44760737627086744,173,0.1588160727684158,1.0490694405992127,-0.1323058596255543,1.340191372993183
TR_core_c,12,fx,-0.9350273863483273,0.5430998663922042,173,-1.4751173298522184,-0.394937442844436,-1.828347171380404,-0.0417076013162504
TR_core_c,13,brent,0.0,0.0,172,0.0,0.0,0.0,0.0
TR_core_c,13,vix,0.0,0.0,172,0.0,0.0,0.0,0.0
TR_core_c,13,fedfunds,0.0,0.0,172,0.0,0.0,0.0,0.0
TR_core_c,13,activity,-0.08714155031029905,0.3152665448628189,172,-0.4006608511614307,0.22637775054083262,-0.6057088700843657,0.43142576946376765
TR_core_c,13,price,0.07248984406789061,0.09450250238105858,172,-0.02148891440800159,0.16646860254378282,-0.0829529397295837,0.22793262786536492
TR_core_c,13,policy,0.44457101727117276,0.4074947706220358,172,0.039334630259338976,0.8498074042830066,-0.22569823415024093,1.1148402686925865
TR_core_c,13,fx,-0.5442831033663594,0.4231087048091006,172,-0.9650468903184382,-0.12351931641428077,-1.2402349910663482,0.1516687843336294
TR_core_c,14,brent,0.0,0.0,171,0.0,0.0,0.0,0.0
TR_core_c,14,vix,0.0,0.0,171,0.0,0.0,0.0,0.0
TR_core_c,14,fedfunds,0.0,0.0,171,0.0,0.0,0.0,0.0
TR_core_c,14,activity,-0.28595836905626215,0.28682813732568996,171,-0.5711968713461643,-0.0007198667663600444,-0.7577486710481581,0.18583193293563383
TR_core_c,14,price,0.14435453552827981,0.12023580681023448,171,0.024785089601757168,0.26392398145480245,-0.05341576739297085,0.34212483844953046
TR_core_c,14,policy,0.2618438562198015,0.3610913393586676,171,-0.09724627276419384,0.6209339852037968,-0.33209854298506775,0.8557862554246707
TR_core_c,14,fx,-0.2130103159959105,0.4363635657880002,171,-0.6469555039393051,0.22093487194748415,-0.9307645098517798,0.5047438778599589
TR_core_c,15,brent,0.0,0.0,170,0.0,0.0,0.0,0.0
TR_core_c,15,vix,0.0,0.0,170,0.0,0.0,0.0,0.0
TR_core_c,15,fedfunds,0.0,0.0,170,0.0,0.0,0.0,0.0
TR_core_c,15,activity,-0.3992851504223127,0.4873666267669574,170,-0.8839507344240591,0.08538043357943376,-1.200931914115047,0.4023616132704215
TR_core_c,15,price,-0.06790311187829616,0.051844926841841235,170,-0.11946070808059812,-0.016345515675994196,-0.15318042783313243,0.017374204076540112
TR_core_c,15,policy,0.07655430599835533,0.2572021168164544,170,-0.17922236664800362,0.3323309786447143,-0.34650552870678586,0.4996141407034965
TR_core_c,15,fx,0.07152964517065918,0.4057561656087895,170,-0.33197777237996384,0.4750370627212822,-0.5958798554888803,0.7389391458301987
TR_core_c,16,brent,0.0,0.0,169,0.0,0.0,0.0,0.0
TR_core_c,16,vix,0.0,0.0,169,0.0,0.0,0.0,0.0
TR_core_c,16,fedfunds,0.0,0.0,169,0.0,0.0,0.0,0.0
TR_core_c,16,activity,-0.35445259711271854,0.5184889319797139,169,-0.8700680028769507,0.1611628086515136,-1.207290997413746,0.4983858031883089
TR_core_c,16,price,0.16816045551570485,0.09591658146564916,169,0.07277545494665952,0.2635454560847502,0.010391718607145495,0.3259291924242642
TR_core_c,16,policy,-0.14056609584144067,0.20635025758915382,169,-0.3457727362033379,0.06464054452045662,-0.47998206545933086,0.1988498737764495
TR_core_c,16,fx,0.7280036206755698,0.676463287770355,169,0.055289371450352176,1.4007178699007874,-0.384679471713016,1.8406867130641555
TR_core_c,17,brent,0.0,0.0,168,0.0,0.0,0.0,0.0
TR_core_c,17,vix,0.0,0.0,168,0.0,0.0,0.0,0.0
TR_core_c,17,fedfunds,0.0,0.0,168,0.0,0.0,0.0,0.0
TR_core_c,17,activity,-0.2948125809078884,0.3512028503934686,168,-0.644069024087409,0.054443862271632115,-0.8724898631732805,0.28286470135750363
TR_core_c,17,price,0.06210546938474019,0.10623418900956491,168,-0.043539957342216586,0.16775089611169697,-0.11263422171389087,0.23684516048337123
TR_core_c,17,policy,-0.28798947140604964,0.19079940885100394,168,-0.47773144764969133,-0.09824749516240797,-0.6018265710748203,0.025847628262720967
TR_core_c,17,fx,0.5125015726624836,0.646422173138691,168,-0.13033805329686776,1.155341198621835,-0.5507682833665447,1.575771428691512
TR_core_c,18,brent,0.0,0.0,167,0.0,0.0,0.0,0.0
TR_core_c,18,vix,0.0,0.0,167,0.0,0.0,0.0,0.0
TR_core_c,18,fedfunds,0.0,0.0,167,0.0,0.0,0.0,0.0
TR_core_c,18,activity,-0.029930050342911005,0.346727266541763,167,-0.3747357138791366,0.3148756131933146,-0.6002456522770996,0.5403855515912777
TR_core_c,18,price,0.0015387241329119937,0.05409092765217788,167,-0.05225242528092474,0.055329873546748724,-0.08743293440094246,0.09051038266676645
TR_core_c,18,policy,-0.5792061350216008,0.195165438002554,167,-0.773289943373325,-0.38512232666987656,-0.9002247135756745,-0.25818755646752717
TR_core_c,18,fx,0.27394471820560556,0.6196858378652093,167,-0.34230674837289293,0.890196184784104,-0.7453477797774457,1.293237216188657
TR_core_c,19,brent,0.0,0.0,166,0.0,0.0,0.0,0.0
TR_core_c,19,vix,0.0,0.0,166,0.0,0.0,0.0,0.0
TR_core_c,19,fedfunds,0.0,0.0,166,0.0,0.0,0.0,0.0
TR_core_c,19,activity,-0.8753418452519388,0.5903926833295526,166,-1.462462503378372,-0.2882211871255056,-1.8464513917521654,0.0957677012482877
TR_core_c,19,price,-0.07546504765859638,0.07534514431533215,166,-0.15039262038455498,-0.0005374749326377826,-0.19939678155885254,0.0484666862416598
TR_core_c,19,policy,-0.5844383775986767,0.17985246097668547,166,-0.7632940752316161,-0.40558267996573727,-0.8802693503523258,-0.2886074048450275
TR_core_c,19,fx,-0.054866566952966433,0.5903784943949733,166,-0.6419731147815528,0.53223998087562,-1.0259527747326875,0.9162196408267546
TR_core_c,20,brent,0.0,0.0,165,0.0,0.0,0.0,0.0
TR_core_c,20,vix,0.0,0.0,165,0.0,0.0,0.0,0.0
TR_core_c,20,fedfunds,0.0,0.0,165,0.0,0.0,0.0,0.0
TR_core_c,20,activity,-0.42149684433692597,0.5160323622096341,165,-0.9346692949276474,0.0916756062537955,-1.2702945469417783,0.42730085826792635
TR_core_c,20,price,-0.31379211336240764,0.13277312125195037,165,-0.44582939046977416,-0.18175483625504113,-0.5321844634153458,-0.0953997633094695
TR_core_c,20,policy,-0.8215468828572539,0.19575638684404825,165,-1.0162183649429757,-0.626875400771532,-1.143537485756602,-0.4995562799579057
TR_core_c,20,fx,-0.21504293195294996,0.5910448893812558,165,-0.8028121815289765,0.3727263176230765,-1.18722526194284,0.7571393980369401
TR_core_c,21,brent,0.0,0.0,164,0.0,0.0,0.0,0.0
TR_core_c,21,vix,0.0,0.0,164,0.0,0.0,0.0,0.0
TR_core_c,21,fedfunds,0.0,0.0,164,0.0,0.0,0.0,0.0
TR_core_c,21,activity,0.0011167209359345084,0.47618781593216014,164,-0.4724320065062372,0.4746654483781062,-0.7821425352101791,0.7843759770820481
TR_core_c,21,price,0.05645538331256847,0.110505271324084,164,-0.05343745489189958,0.16634822151703652,-0.12530961302210758,0.23822037964724452
TR_core_c,21,policy,-1.024258413408033,0.25943000048096915,164,-1.2822506225274428,-0.7662662042886231,-1.4509827906391772,-0.5975340361768888
TR_core_c,21,fx,-0.14612343888646395,0.6200092031829804,164,-0.7626964786543765,0.4704496008814486,-1.1659478254852815,0.8737009477123535
TR_core_c,22,brent,0.0,0.0,163,0.0,0.0,0.0,0.0
TR_core_c,22,vix,0.0,0.0,163,0.0,0.0,0.0,0.0
TR_core_c,22,fedfunds,0.0,0.0,163,0.0,0.0,0.0,0.0
TR_core_c,22,activity,-0.5860698398394736,0.32467903512766033,163,-0.9089494658351118,-0.2631902138438353,-1.12011932836431,-0.052020351314637114
TR_core_c,22,price,-0.014564076342896842,0.08742867996772062,163,-0.10150821635541928,0.07238006366962559,-0.1583714576873816,0.12924330500158793
TR_core_c,22,policy,-1.1819261376288164,0.35451358958668155,163,-1.534474971498279,-0.8293773037593537,-1.7650491012640552,-0.5988031739935776
TR_core_c,22,fx,0.22123753398090898,0.6917272960002321,163,-0.4666561285578884,0.9091311965197063,-0.9165526177064072,1.359027685668225
TR_core_c,23,brent,0.0,0.0,162,0.0,0.0,0.0,0.0
TR_core_c,23,vix,0.0,0.0,162,0.0,0.0,0.0,0.0
TR_core_c,23,fedfunds,0.0,0.0,162,0.0,0.0,0.0,0.0
TR_core_c,23,activity,-1.0696430121727007,0.5233222905845287,162,-1.5900649895038708,-0.5492210348415308,-1.930431579905215,-0.20885444444018653
TR_core_c,23,price,-0.022661191497645252,0.07348920971553169,162,-0.09574311543011055,0.05042073243482004,-0.1435401846400349,0.09821780164474439
TR_core_c,23,policy,-1.2633254698439942,0.4483499919281365,162,-1.709190653753959,-0.8174602859340294,-2.000795580210653,-0.5258553594773356
TR_core_c,23,fx,-0.057445753671585296,0.6124347337778673,162,-0.6664863026284521,0.5515947952852814,-1.0648112467971695,0.9499197394539989
TR_core_c,24,brent,0.0,0.0,161,0.0,0.0,0.0,0.0
TR_core_c,24,vix,0.0,0.0,161,0.0,0.0,0.0,0.0
TR_core_c,24,fedfunds,0.0,0.0,161,0.0,0.0,0.0,0.0
TR_core_c,24,activity,-0.5206475615581491,0.2995620277773831,161,-0.8185493815916669,-0.22274574152463128,-1.0133832494447153,-0.027911873671582876
TR_core_c,24,price,0.04443845502041603,0.11592002198354173,161,-0.07083912466296496,0.15971603470379703,-0.14623301357550694,0.23510992361633903
TR_core_c,24,policy,-1.4625016675561466,0.5009255400754937,161,-1.9606510197853246,-0.9643523153269686,-2.286450858981947,-0.6385524761303458
TR_core_c,24,fx,-0.37797762753916697,0.5994331314642805,161,-0.9740886305809292,0.21813337550259526,-1.363957387943067,0.6080021328647333
TR_core_c,25,brent,0.0,0.0,160,0.0,0.0,0.0,0.0
TR_core_c,25,vix,0.0,0.0,160,0.0,0.0,0.0,0.0
TR_core_c,25,fedfunds,0.0,0.0,160,0.0,0.0,0.0,0.0
TR_core_c,25,activity,-0.7624875183938974,0.2330240823441743,160,-0.9942201540587803,-0.5307548827290145,-1.145778025404751,-0.37919701138304385
TR_core_c,25,price,-0.19030212217831277,0.086201121378188,160,-0.27602550687437266,-0.10457873748225291,-0.33209034932450937,-0.04851389503211617
TR_core_c,25,policy,-1.568799372537116,0.5468437534783999,160,-2.112612454067722,-1.0249862910065102,-2.468277303821819,-0.6693214412524134
TR_core_c,25,fx,-0.8923332791131153,0.44807424743787777,160,-1.3379242467409906,-0.4467423114852401,-1.62934983015486,-0.15531672807137076
TR_core_c,26,brent,0.0,0.0,159,0.0,0.0,0.0,0.0
TR_core_c,26,vix,0.0,0.0,159,0.0,0.0,0.0,0.0
TR_core_c,26,fedfunds,0.0,0.0,159,0.0,0.0,0.0,0.0
TR_core_c,26,activity,-0.5454013359734559,0.26199162959936145,159,-0.8059409773635107,-0.28486169458340105,-0.9763392181508921,-0.11446345379601958
TR_core_c,26,price,-0.08111864970883127,0.100329522944078,159,-0.18089213471924348,0.018654835301580935,-0.2461460294137089,0.08390872999604636
TR_core_c,26,policy,-1.6181948853560644,0.5679017108183928,159,-2.182949218567721,-1.053440552144408,-2.552310074147644,-0.684079696564485
TR_core_c,26,fx,-1.18474464169263,0.34711376390741644,159,-1.5299346605809694,-0.8395546228042905,-1.7556959752205208,-0.6137933081647391
TR_core_c,27,brent,0.0,0.0,158,0.0,0.0,0.0,0.0
TR_core_c,27,vix,0.0,0.0,158,0.0,0.0,0.0,0.0
TR_core_c,27,fedfunds,0.0,0.0,158,0.0,0.0,0.0,0.0
TR_core_c,27,activity,-0.8774996896499985,0.3253766091528314,158,-1.2010730236340905,-0.5539263556659064,-1.4126965853402047,-0.34230279395979224
TR_core_c,27,price,-0.17689513351244496,0.06999004748618638,158,-0.246497287981308,-0.10729297904358193,-0.2920185169706044,-0.061771750054285535
TR_core_c,27,policy,-1.5400927072589292,0.5658514276626868,158,-2.1028081202235818,-0.9773772942942768,-2.470835480365568,-0.6093499341522903
TR_core_c,27,fx,-1.2459293530492186,0.43375836858173716,158,-1.677283782093529,-0.8145749240049083,-1.9593983788314424,-0.5324603272669948
TR_core_c,28,brent,0.0,0.0,157,0.0,0.0,0.0,0.0
TR_core_c,28,vix,0.0,0.0,157,0.0,0.0,0.0,0.0
TR_core_c,28,fedfunds,0.0,0.0,157,0.0,0.0,0.0,0.0
TR_core_c,28,activity,-0.414370583690446,0.32172519066443706,157,-0.7343127357738564,-0.09442843160703557,-0.9435614304364991,0.11482026305560711
TR_core_c,28,price,-0.15090245023326054,0.27443260992854474,157,-0.4238141225865291,0.12200922212000803,-0.6023039240279859,0.3004990235614648
TR_core_c,28,policy,-1.4477759758758297,0.5535717839451471,157,-1.9982798003425677,-0.8972721514090918,-2.3583205324760015,-0.537231419275658
TR_core_c,28,fx,-1.9624748328344708,0.4698817643177672,157,-2.429752457536782,-1.4951972081321596,-2.735361557110907,-1.1895881085580347
TR_core_c,29,brent,0.0,0.0,156,0.0,0.0,0.0,0.0
TR_core_c,29,vix,0.0,0.0,156,0.0,0.0,0.0,0.0
TR_core_c,29,fedfunds,0.0,0.0,156,0.0,0.0,0.0,0.0
TR_core_c,29,activity,-0.12359377002801412,0.3119676361533302,156,-0.4338324451070054,0.18664490505097714,-0.6367348678462964,0.3895473277902682
TR_core_c,29,price,-0.0657782852191974,0.08941162329719514,156,-0.15469437885767395,0.02313780841927915,-0.21284731809120755,0.08129074765281274
TR_core_c,29,policy,-1.397007749136423,0.5603553841440981,156,-1.954257578297551,-0.8397579199752949,-2.318710335127628,-0.47530516314521787
TR_core_c,29,fx,-1.8483712693287804,0.4444369307104398,156,-2.290345078663324,-1.4063974599942366,-2.5794049667590273,-1.1173375718985334
TR_core_c,30,brent,0.0,0.0,155,0.0,0.0,0.0,0.0
TR_core_c,30,vix,0.0,0.0,155,0.0,0.0,0.0,0.0
TR_core_c,30,fedfunds,0.0,0.0,155,0.0,0.0,0.0,0.0
TR_core_c,30,activity,-0.09561469892773405,0.42801760243562786,155,-0.5212601778223824,0.33003077996691427,-0.7996410046930498,0.6084116068375816
TR_core_c,30,price,0.08100247632349145,0.114624145319831,155,-0.03298640859599487,0.19499136124297778,-0.10753746484204518,0.2695424174890281
TR_core_c,30,policy,-1.0797593971505328,0.5041650481049055,155,-1.5811303036772806,-0.578388490623785,-1.90903710510805,-0.2504816891930157
TR_core_c,30,fx,-1.6137729464853074,0.48694073845136027,155,-2.0980150024942414,-1.1295308904763735,-2.4147191862374555,-0.8128267067331594
TR_core_c,31,brent,0.0,0.0,154,0.0,0.0,0.0,0.0
TR_core_c,31,vix,0.0,0.0,154,0.0,0.0,0.0,0.0
TR_core_c,31,fedfunds,0.0,0.0,154,0.0,0.0,0.0,0.0
TR_core_c,31,activity,0.26425008251375476,0.39992706742555356,154,-0.1334605423965456,0.6619607074240551,-0.3935714048572329,0.9220715698847424
TR_core_c,31,price,-0.06359177461081529,0.14040726049576233,154,-0.20322088167071156,0.07603733244908097,-0.2945411662875901,0.16735761706595947
TR_core_c,31,policy,-1.0164015900565502,0.5365966876611077,154,-1.5500243962053806,-0.4827787839077198,-1.8990245979660694,-0.13377858214703098
TR_core_c,31,fx,-1.8730098000148332,0.6178957938965675,154,-2.4874811432574235,-1.2585384567722426,-2.8893579376836613,-0.856661662346005
TR_core_c,32,brent,0.0,0.0,153,0.0,0.0,0.0,0.0
TR_core_c,32,vix,0.0,0.0,153,0.0,0.0,0.0,0.0
TR_core_c,32,fedfunds,0.0,0.0,153,0.0,0.0,0.0,0.0
TR_core_c,32,activity,-0.0988834206906129,0.39296839725339344,153,-0.48967394119155205,0.29190709981032625,-0.745258914190164,0.5474920728089381
TR_core_c,32,price,-0.007784848394711786,0.07561584041935594,153,-0.08298161699527101,0.06741192020584744,-0.13216183776347312,0.11659214097404955
TR_core_c,32,policy,-0.7243753890368875,0.44294114047196476,153,-1.1648616979771516,-0.28388908009662334,-1.4529487304682203,0.0041979523944452035
TR_core_c,32,fx,-1.7088211983919541,0.8767098775968427,153,-2.5806722474559924,-0.8369701493279158,-3.150880620341302,-0.26676177644260624
TR_core_c,33,brent,0.0,0.0,152,0.0,0.0,0.0,0.0
TR_core_c,33,vix,0.0,0.0,152,0.0,0.0,0.0,0.0
TR_core_c,33,fedfunds,0.0,0.0,152,0.0,0.0,0.0,0.0
TR_core_c,33,activity,0.43153283762189143,0.2678779020075775,152,0.16513954623276617,0.6979261290110167,-0.009087101075423432,0.8721527763192063
TR_core_c,33,price,0.22138075373285032,0.1559521812530051,152,0.06629287768204306,0.3764686297836576,-0.035137757232148514,0.47789926469784916
TR_core_c,33,policy,-0.8327641528272017,0.4298837581844372,152,-1.2602654450175508,-0.4052628606368528,-1.5398600116444028,-0.12566829401000068
TR_core_c,33,fx,-0.723423080661135,0.986477049598004,152,-1.704432959239369,0.25758679791709904,-2.3460334335967987,0.8991872722745289
TR_core_c,34,brent,0.0,0.0,151,0.0,0.0,0.0,0.0
TR_core_c,34,vix,0.0,0.0,151,0.0,0.0,0.0,0.0
TR_core_c,34,fedfunds,0.0,0.0,151,0.0,0.0,0.0,0.0
TR_core_c,34,activity,0.10328808880249263,0.30194179644326535,151,-0.1969803109410273,0.40355648854601256,-0.39336197020545544,0.5999381478104406
TR_core_c,34,price,0.14780412302675044,0.12795077412303668,151,0.020562467037306076,0.2750457790161948,-0.06265617186077499,0.3582644179142759
TR_core_c,34,policy,-0.4604481360525156,0.3420606202369772,151,-0.8006130163827954,-0.12028325572223592,-1.0230877878865776,0.10219151578154645
TR_core_c,34,fx,-0.5589699777039391,0.8150039748873907,151,-1.3694571053779887,0.25151714997011054,-1.89953222177733,0.781592266369452
TR_core_c,35,brent,0.0,0.0,150,0.0,0.0,0.0,0.0
TR_core_c,35,vix,0.0,0.0,150,0.0,0.0,0.0,0.0
TR_core_c,35,fedfunds,0.0,0.0,150,0.0,0.0,0.0,0.0
TR_core_c,35,activity,0.6820405301291858,0.5046964753840076,150,0.18014114155538208,1.1839399187029893,-0.14811129791582345,1.512192358174195
TR_core_c,35,price,0.2514687565024572,0.1427823366033095,150,0.10947773628418753,0.39345977672072685,0.016612712275897668,0.48632480072901674
TR_core_c,35,policy,-0.625982044511819,0.41973555627675146,150,-1.0433913773146657,-0.2085727117089724,-1.3163855966141274,0.06442150759048926
TR_core_c,35,fx,-0.2230846341444458,1.3064247211767557,150,-1.5222689969387746,1.0760997286498832,-2.371962075111098,1.9257928068222063
TR_core_c,36,brent,0.0,0.0,149,0.0,0.0,0.0,0.0
TR_core_c,36,vix,0.0,0.0,149,0.0,0.0,0.0,0.0
TR_core_c,36,fedfunds,0.0,0.0,149,0.0,0.0,0.0,0.0
TR_core_c,36,activity,0.012531010523812896,0.5717078390524152,149,-0.5560083569146743,0.5810703779623001,-0.9278447020981406,0.9529067231457664
TR_core_c,36,price,0.46277759933613294,0.1658769402549792,149,0.29781996845685554,0.6277352302154103,0.18993431253011778,0.735620886142148
TR_core_c,36,policy,-0.28482123757945216,0.33039387610955356,149,-0.6133840322408244,0.04374155708192001,-0.8282708030208066,0.2586283278619023
TR_core_c,36,fx,0.6309597350843231,0.8254533339603336,149,-0.18991884009430393,1.4518383102629502,-0.7267901751595162,1.9887096453281625
EA_growth,0,brent,4.711510428414369e-16,1.8501019672856794e-15,262,-1.3686974432676802e-15,2.310999528950554e-15,-2.5719958882784664e-15,3.51429797396134e-15
EA_growth,0,vix,-1.4542617772532072e-18,1.5754536358301039e-16,262,-1.581264905555247e-16,1.552179670010183e-16,-2.605933244761562e-16,2.5768480092164976e-16
EA_growth,0,activity,-3.875345217338337e-17,2.3151798828635346e-15,262,-2.3411023377356593e-15,2.2635954333888924e-15,-3.846885479546552e-15,3.769378575199786e-15
EA_growth,0,price,-4.915960777955102e-18,7.065855156860656e-16,262,-7.075854970137919e-16,6.977535754578817e-16,-1.1671457090055562e-15,1.157313787449646e-15
EA_growth,0,policy,1.0000000000000002,7.511133947760464e-15,262,0.9999999999999928,1.0000000000000078,0.9999999999999879,1.0000000000000127
EA_growth,0,fx,3.417380626188784,0.9289513203471939,262,2.493577662551408,4.34118358982616,1.8893916776543436,4.945369574723225
EA_growth,1,brent,6.764614597847233,3.752322218329782,261,3.0330881874860713,10.496141008208394,0.5925937875368978,12.936635408157567
EA_growth,1,vix,0.059760484332562196,0.06470324260067369,261,-0.004584165340910905,0.12410513400603529,-0.04666687893467691,0.1661878475998013
EA_growth,1,activity,0.4514060283388988,0.9090987473139844,261,-0.4526543875436047,1.3554664442214024,-1.0439283434375484,1.9467404001153459
EA_growth,1,price,0.303639367417457,0.11242476665559857,261,0.19183767194878,0.415441062886134,0.1187170822248228,0.4885616526100912
EA_growth,1,policy,1.28806102046503,0.0779499418745973,261,1.2105430862720947,1.3655789546579653,1.1598447758519421,1.416277265078118
EA_growth,1,fx,1.3521282334778733,0.9181207868096831,261,0.43909577929624244,2.2651606876595043,-0.15804607268557325,2.8623025396413198
EA_growth,2,brent,2.8054915925974373,4.756467029365248,260,-1.9246145409821112,7.535597726176986,-5.018200452129085,10.629183637323958
EA_growth,2,vix,-0.09918792844992254,0.07462142556334064,260,-0.17339579335773647,-0.02498006354210862,-0.2219292509360727,0.02355339403622761
EA_growth,2,activity,1.181614687739717,0.9151615591949084,260,0.2715250607878108,2.091704314691623,-0.32369212214859244,2.6869214976280262
EA_growth,2,price,-0.04694960200782839,0.14373179201161487,260,-0.18988481564164347,0.0959856116259867,-0.2833673614063677,0.18946815739071093
EA_growth,2,policy,1.4258791123783647,0.1391076195414455,260,1.2875424435108311,1.5642157812458983,1.1970674398390326,1.6546907849176968
EA_growth,2,fx,-0.11413536222798847,1.147834062175928,260,-1.2556079939755143,1.0273372695195375,-2.002154382536505,1.7738836580805282
EA_growth,3,brent,-6.659834194529401,3.5582071183115893,259,-10.19832131342742,-3.121347075631381,-12.512564078528763,-0.807104310530038
EA_growth,3,vix,0.11364287882450806,0.05277638345002204,259,0.061158988255332884,0.16612676939368323,0.02683345308935768,0.20045230455965846
EA_growth,3,activity,0.9283704162474882,0.8878704103462348,259,0.045420687409996274,1.81132014508498,-0.532046448473408,2.3887872809683843
EA_growth,3,price,-0.14196714779209788,0.16150236766929107,259,-0.3025744504778644,0.01864015489366866,-0.40761490301418146,0.12368060742998568
EA_growth,3,policy,1.514074804314744,0.18695342213673566,259,1.3281574998778265,1.6999921087516616,1.2065637898421449,1.8215858187873433
EA_growth,3,fx,0.9232655661280166,0.8823170611006553,259,0.045838409226008126,1.800692723030025,-0.5280168519445599,2.374547984200593
EA_growth,4,brent,-5.747821151865248,4.303384240049673,258,-10.027355533863258,-1.4682867698672366,-12.826258327276756,1.330616023546261
EA_growth,4,vix,0.08775571664144054,0.07583329943458005,258,0.012342694208916663,0.1631687390739644,-0.03697896097722546,0.21249039426010652
EA_growth,4,activity,1.038093570783454,0.5773507417666646,258,0.4639425742565957,1.6122445673103123,0.0884361091654331,1.9877510324014749
EA_growth,4,price,0.034910073244608326,0.14703557691691155,258,-0.11131061533270842,0.18113076182192506,-0.20694192873807576,0.2767620752272924
EA_growth,4,policy,1.5574705147696977,0.23947078278541986,258,1.3193269070303264,1.795614122509069,1.1635761291561917,1.9513649003832036
EA_growth,4,fx,-0.15901434046187637,1.3202808501172683,258,-1.471978039911869,1.153949358988116,-2.330683085371838,2.012654404448085
EA_growth,5,brent,-5.9396813455113655,5.482501370741421,257,-11.391798053353451,-0.48756463766927993,-14.957593609941808,3.0782309189190773
EA_growth,5,vix,0.09302332353814866,0.07175549986160369,257,0.02166550103712049,0.1643811460391768,-0.02500397066292602,0.21105061773922335
EA_growth,5,activity,-0.048731466409371677,0.6334019241160187,257,-0.6786230030867725,0.5811600702680292,-1.0905849186096461,0.9931219857909028
EA_growth,5,price,0.10655834656785797,0.12310992729545546,257,-0.01586929113248732,0.22898598426820327,-0.09593946385780396,0.3090561569935199
EA_growth,5,policy,1.4847679951012343,0.30446660838283207,257,1.1819887762207901,1.7875472139816784,0.9839649900171195,1.985571000185349
EA_growth,5,fx,-0.6851194435000404,1.052056115771226,257,-1.731344941407769,0.3611060544076884,-2.4155977612828194,1.0453588742827384
EA_growth,6,brent,-7.85573912192156,4.600541118252319,256,-12.430783503998192,-3.280694739844926,-15.422955866218267,-0.28852237762485267
EA_growth,6,vix,0.14308245949532788,0.07125969203778601,256,0.07221769699325228,0.21394722199740349,0.025870696591530642,0.26029422239912514
EA_growth,6,activity,-1.3510029782762387,0.6693053857580085,256,-2.0165989954180352,-0.6854069611344421,-2.4519123695784533,-0.2500935869740244
EA_growth,6,price,-0.13355614000795402,0.1320193908996085,256,-0.2648438640246197,-0.002268415991288353,-0.35070871395709924,0.0835964339411912
EA_growth,6,policy,1.4082635795612843,0.3525804241554776,256,1.0576371972944312,1.7588899618281375,0.8283203900970587,1.9882067690255099
EA_growth,6,fx,0.9832107857906701,0.6711839345543059,256,0.31574663098940137,1.650674940591939,-0.12078854331253941,2.0872101148938795
EA_growth,7,brent,-5.464189438942616,4.674862552924395,255,-10.113143357620354,-0.8152355202648778,-13.153654064619925,2.2252751867346934
EA_growth,7,vix,-0.001561073618495581,0.0648892996913774,255,-0.06609074923254606,0.06296860199555489,-0.10829447356619873,0.10517232632920756
EA_growth,7,activity,-0.6137367285187676,0.8796522271719119,255,-1.4885138203128925,0.2610403632753572,-2.060635884838427,0.833162427800892
EA_growth,7,price,0.003113142410088043,0.12742471289008717,255,-0.12360536783919863,0.1298316526593747,-0.20648185875042183,0.2127081435705979
EA_growth,7,policy,1.319075462310066,0.4042632350941209,255,0.9170527012788396,1.7210982233412924,0.6541216138223657,1.9840293107977662
EA_growth,7,fx,-0.12553545422434764,1.0002112631700868,255,-1.1202034297590258,0.8691325213103306,-1.770736578167378,1.5196656697186828
EA_growth,8,brent,2.6537328528536586,4.167112022703577,254,-1.4902845483420553,6.797750254049372,-4.200556471603405,9.508022177310721
EA_growth,8,vix,-0.09013932284183421,0.09175982875497071,254,-0.18139060790919187,0.0011119622255234413,-0.24107080997789376,0.06079216429422535
EA_growth,8,activity,0.16661935618352533,0.8620154424604081,254,-0.6906186960197711,1.0238574083868217,-1.2512698708356547,1.5845085832027055
EA_growth,8,price,-0.014648454176786356,0.08979857958317199,254,-0.10394935954431016,0.07465245119073745,-0.1623539734992572,0.13305706514568447
EA_growth,8,policy,1.3997943519466083,0.4079380773109739,254,0.9941171151032804,1.8054715887899362,0.7287959259100428,2.070792777983174
EA_growth,8,fx,0.25144517541023415,1.0720710321380047,254,-0.8146843138602217,1.31757466468069,-1.5119547501515709,2.0148451009720394
EA_growth,9,brent,6.2272337644826266,5.292402804942319,253,0.9641620739863264,11.490305454978927,-2.477994184514891,14.932461713480144
EA_growth,9,vix,-0.009903554364354852,0.07501915658179416,253,-0.08450694601886691,0.06469983729015721,-0.13329908615875938,0.11349197743004967
EA_growth,9,activity,0.5764702506433419,0.8714513980149399,253,-0.29015146194677555,1.4430919632334593,-0.8569397420934628,2.0098802433801466
EA_growth,9,price,0.05187063110803236,0.11475389429582197,253,-0.06224728370346656,0.16598854591953127,-0.13688272813125624,0.24062399034732096
EA_growth,9,policy,1.4650424797749244,0.40211459616829814,253,1.0651564496616537,1.8649285098881951,0.8036228278173727,2.126462131732476
EA_growth,9,fx,0.6729828944826981,1.2659316965269038,253,-0.5859328607335788,1.931898649698975,-1.4092894480224099,2.7552552369878063
EA_growth,10,brent,3.5831268826597404,5.644023392714952,252,-2.029616673245902,9.195870438565382,-5.700465465446399,12.86671923076588
EA_growth,10,vix,-0.0033517078485932835,0.049935192165555475,252,-0.053010153347223844,0.04630673765003728,-0.08548778979462594,0.07878437409743937
EA_growth,10,activity,0.18988563931798752,0.629323088140046,252,-0.43594966676878777,0.8157209454047628,-0.845258724733468,1.225030003369443
EA_growth,10,price,-0.049296966156401716,0.12106299262150336,252,-0.16968901353381996,0.07109508122101652,-0.2484278686594808,0.14983393634667735
EA_growth,10,policy,1.3559819304674514,0.42610538017125427,252,0.9322380760780586,1.7797257848568442,0.655100950429228,2.056862910505675
EA_growth,10,fx,-0.39125934609753715,0.831139554483415,252,-1.2177926281010116,0.4352739359059374,-1.7583622567924129,0.9758435645973387
EA_growth,11,brent,1.2481760189098923,5.296744659138634,251,-4.019213462719681,6.5155655005394655,-7.464193644710128,9.960545682529911
EA_growth,11,vix,-0.04813752481235305,0.07133189788532157,251,-0.11907409298872423,0.02279904336401814,-0.16546805576635626,0.06919300614165018
EA_growth,11,activity,-0.19361215952497693,0.621994189520265,251,-0.8121591846040659,0.4249348655541121,-1.216701558100126,0.8294772390501721
EA_growth,11,price,-0.15268002662503555,0.13270848968293475,251,-0.2846530303590903,-0.020707022890980836,-0.3709660672072628,0.06560601395719168
EA_growth,11,policy,1.3417276090391748,0.46018643484310534,251,0.884091581163257,1.7993636369150925,0.5847882826136257,2.098666935464724
EA_growth,11,fx,0.5369156626808627,0.8038784680927836,251,-0.2625076170565863,1.3363389424183116,-0.7853467511897456,1.859178076551471
EA_growth,12,brent,6.108885906987481,3.918738124095315,250,2.2118658872462933,10.005905926728667,-0.33686470950370584,12.554636523478667
EA_growth,12,vix,-0.043786869612637606,0.05306165738514982,250,-0.09655445309547488,0.008980713870199664,-0.13106552921465764,0.04349178998938243
EA_growth,12,activity,1.4175423507114435,0.6784681984822379,250,0.7428343022236623,2.0922503991992247,0.3015614736667034,2.5335232277561834
EA_growth,12,price,-0.09461992842060354,0.09336908861014226,250,-0.18747155463706952,-0.0017683022041375673,-0.2481984124661494,0.058958555624942316
EA_growth,12,policy,1.383213109673384,0.4953381636790448,250,0.8906201679481147,1.8758060513986532,0.5684543345784252,2.197971884768343
EA_growth,12,fx,0.6372049202262526,1.3126989074587176,250,-0.6682188565768998,1.942628697029405,-1.5219926388024536,2.796402479254959
EA_growth,13,brent,-0.899411511584321,3.832076871957547,249,-4.710250565968277,2.911427542799635,-7.202617053180544,5.403794030011901
EA_growth,13,vix,0.09150129464402652,0.06244756006986562,249,0.029399826245334035,0.15360276304271903,-0.011215801031161862,0.1942183903192149
EA_growth,13,activity,-0.08243509859012889,0.7033104769407634,249,-0.7818477467278826,0.6169775495476248,-1.2392778874591133,1.0744076902788553
EA_growth,13,price,-0.053182291042757554,0.12334157399610213,249,-0.17584029163068043,0.06947570954516534,-0.2560611263841495,0.14969654429863438
EA_growth,13,policy,1.3706688147853823,0.5319741317774588,249,0.8416429457756242,1.8996946837951403,0.49564923468686894,2.2456883948838957
EA_growth,13,fx,0.6088667779695218,0.731255131203221,249,-0.11833565189310391,1.3360692078321477,-0.5939408768169709,1.8116744327560146
EA_growth,14,brent,1.7856476485532116,3.6099175997028543,248,-1.804263366208923,5.375558663315346,-4.152138408313981,7.723433705420403
EA_growth,14,vix,0.008555753071138476,0.060041504247467035,248,-0.05115299414752701,0.06826450028980396,-0.09020373295792988,0.10731523910020685
EA_growth,14,activity,-0.3445209896933174,0.7149756411886796,248,-1.055534152376348,0.3664921729897132,-1.5205512662844713,0.8315092868978364
EA_growth,14,price,0.04463984645331767,0.105171664688148,248,-0.05994894458610396,0.1492286374927393,-0.1283521476615066,0.21763184056814194
EA_growth,14,policy,1.387356914039053,0.5768440417459808,248,0.8137098093421862,1.9610040187359197,0.43853289978783005,2.336180928290276
EA_growth,14,fx,0.8608994252304752,0.7539054312534272,248,0.11117222592585563,1.6106266245350949,-0.3791646577451381,2.1009635082060885
EA_growth,15,brent,-3.376490253282112,4.013671834059284,247,-7.367917849279317,0.6149373427150926,-9.978392926927492,3.225412420363268
EA_growth,15,vix,-0.00986061983399351,0.07220902002908408,247,-0.08166944904076716,0.06194820937278013,-0.12863388832744393,0.10891264865945692
EA_growth,15,activity,-0.9207046718050593,0.7790388786554516,247,-1.6954260260108598,-0.14598331759925887,-2.202109596897687,0.36070025328756805
EA_growth,15,price,-0.05890200960819728,0.09871176438115757,247,-0.15706670186258317,0.03926268264618862,-0.22126841327332342,0.10346439405692887
EA_growth,15,policy,1.3298615979051907,0.6220798928479448,247,0.7112293444762732,1.9484938513341081,0.3066312299006655,2.353091965909716
EA_growth,15,fx,0.034569647804432446,1.0378138083711714,247,-0.9974924752342156,1.0666317708430804,-1.6724821589952088,1.7416214546040736
EA_growth,16,brent,0.8385383687474478,4.800563879312589,246,-3.935420224886952,5.612496962381847,-7.057686539552093,8.734763277046989
EA_growth,16,vix,0.06458639586676526,0.09830506778174936,246,-0.03317385374826454,0.16234664548179506,-0.09711105142175547,0.226283843155286
EA_growth,16,activity,-1.0688118811468734,0.7894858779482528,246,-1.8539223361552866,-0.28370142613846017,-2.367400590917024,0.2297768286232773
EA_growth,16,price,0.19317983374139377,0.1054890718615609,246,0.08827539463618436,0.2980842728466032,0.019665751286160882,0.36669391619662667
EA_growth,16,policy,1.4186926250450522,0.6247703093551296,246,0.7973848657114473,2.040000384378657,0.3910369156906741,2.4463483343994303
EA_growth,16,fx,-0.5204443120216561,1.826403443667751,246,-2.336725614498492,1.2958369904551796,-3.5246106406152147,2.4837220165719027
EA_growth,17,brent,-5.394494451618177,3.5898584538499354,245,-8.964457490656422,-1.8245314125799323,-11.299286149675648,0.5102972464392925
EA_growth,17,vix,0.08089255304295091,0.0776090587138409,245,0.0037136127964832177,0.1580714932894186,-0.04676298866680002,0.20854809475270186
EA_growth,17,activity,-0.5170146460729942,0.510973644427317,245,-1.025156414886157,-0.008872877259831324,-1.3574914983858783,0.32346220623988986
EA_growth,17,price,-0.04530432769727966,0.09932716873739438,245,-0.14408101366508688,0.05347235827052755,-0.20868298144980366,0.11807432605524434
EA_growth,17,policy,1.375251553082532,0.6315888413277215,245,0.7471630508768652,2.0033400552881986,0.3363803566825516,2.4141227494825124
EA_growth,17,fx,-0.1265704003268575,0.8986094574955822,245,-1.0201996592601792,0.7670588586064641,-1.6046514257013604,1.3515106250476454
EA_growth,18,brent,-4.909409275042641,3.72533242018588,244,-8.614095467873359,-1.204723082211923,-11.037035817985291,1.218217267900009
EA_growth,18,vix,0.010681999941113969,0.061908367159618,244,-0.05088326381741196,0.07224726369963991,-0.0911482023200271,0.11251220220225502
EA_growth,18,activity,-0.11403260731520033,0.6830479895579716,244,-0.7932950651416987,0.5652298505112979,-1.2375465703215411,1.0094813556911406
EA_growth,18,price,-0.03843272385977178,0.09886698814902245,244,-0.1367517796137724,0.059886331894228866,-0.20105444790245955,0.12418900018291598
EA_growth,18,policy,1.2937847817590673,0.6356885064980423,244,0.6616193352062545,1.9259502283118801,0.24817023623439805,2.3393993272837363
EA_growth,18,fx,0.12032970309126016,0.4885728705763999,244,-0.3655354395758593,0.6061948457583797,-0.6833011551064234,0.9239605612889437
EA_growth,19,brent,-3.8824197437995585,4.865577020156102,243,-8.721031167858015,0.9561916802588986,-11.885581752615057,4.120742265015941
EA_growth,19,vix,0.0161182240149315,0.07193022931825217,243,-0.055413359571689705,0.0876498076015527,-0.1021964745666467,0.13443292259650969
EA_growth,19,activity,-1.1892382706165443,0.7241122130925509,243,-1.9093373692548923,-0.4691391719781962,-2.3802968706416836,0.0018203294085952226
EA_growth,19,price,0.011909839796781767,0.10601552795810884,243,-0.09351813772380359,0.11733781731736713,-0.16247018587828874,0.18628986547185225
EA_growth,19,policy,1.1624195572574938,0.6678694851286391,243,0.49825148281607945,1.8265876316989083,0.06387201231343953,2.260967102201548
EA_growth,19,fx,0.5347717389117489,1.0489879730668323,243,-0.5084026202967832,1.577946098120281,-1.190659933215703,2.260203411039201
EA_growth,20,brent,-2.8612473998520773,2.93444447420119,242,-5.779428840062751,0.05693404035859606,-7.68797903632961,1.9654842366254552
EA_growth,20,vix,0.04756611983585342,0.058784134712217925,242,-0.010892226336375814,0.10602446600808266,-0.04912517735274216,0.144257417024449
EA_growth,20,activity,-0.7114357995760571,0.607015287607368,242,-1.31508693756604,-0.10778466158607414,-1.7098870970120272,0.2870154978599131
EA_growth,20,price,0.08923024977267659,0.09147919160317887,242,-0.001741953466760121,0.1802024530121133,-0.061239630326400826,0.239700129871754
EA_growth,20,policy,1.0727305273134116,0.6830419945038515,242,0.3934740313157433,1.75198702331108,-0.05077357470641597,2.1962346293332393
EA_growth,20,fx,-0.7484119153105867,1.226647097329622,242,-1.968260791166391,0.47143696054521766,-2.7660668423427106,1.269243011721537
EA_growth,21,brent,1.5273990823366066,5.173650052218089,241,-3.6175779970602244,6.672376161733438,-6.9824979706319885,10.037296135305201
EA_growth,21,vix,-0.05121818202951506,0.07588225597776158,241,-0.1266798896823405,0.024243525623310377,-0.1760333859957962,0.07359702193676608
EA_growth,21,activity,0.34770298918427084,0.6179564604746993,241,-0.2668286844151903,0.9622346627837319,-0.6687449361256321,1.364150914494174
EA_growth,21,price,-0.010800703281195341,0.11294305713361247,241,-0.12311781680152584,0.10151641023913516,-0.19657550044640512,0.17497409388401444
EA_growth,21,policy,0.9190202799922365,0.6661652538243501,241,0.2565469918061851,1.5814935681782878,-0.17672405390979384,2.0147646138942665
EA_growth,21,fx,-1.3725088046048957,1.5401760911956823,241,-2.904149060025626,0.1591314508158348,-3.905873034352055,1.1608554251422636
EA_growth,22,brent,7.240360864671678,5.271815595361766,240,1.9977622870360499,12.482959442307306,-1.431004137978456,15.911725867321813
EA_growth,22,vix,0.098490256838409,0.06485418338397703,240,0.03399550291308204,0.16298501076373595,-0.00818538192370151,0.2051658956005195
EA_growth,22,activity,0.8058706825388875,1.2600422596057015,240,-0.4471882757034331,2.058929640781208,-1.2667143982856788,2.878455763363454
EA_growth,22,price,0.12646318632408446,0.1454586576237221,240,-0.01818932243093449,0.2711156950791034,-0.11279501423978722,0.36572138688795613
EA_growth,22,policy,0.8153659930600476,0.6458812434367645,240,0.17306429890703934,1.457667687213056,-0.24701411278684104,1.8777460989069363
EA_growth,22,fx,-0.4825941513817616,0.6414739433708906,240,-1.1205129712405908,0.15532466847706755,-1.5377248937302341,0.5725365909667111
EA_growth,23,brent,-0.4751832225586,3.286444865024928,239,-3.7434142263168537,2.793047781199654,-5.880903978570894,4.930537533453693
EA_growth,23,vix,0.0802559341655261,0.07655959012610176,239,0.004120646229316585,0.15639122210173562,-0.04567338533131049,0.20618525366236268
EA_growth,23,activity,-0.06020877369059485,0.5482307564889476,239,-0.6054011712990754,0.48498362391788574,-0.9619681219077896,0.8415505745265999
EA_growth,23,price,0.03642150365868162,0.09190648163402898,239,-0.05497562152035093,0.12781862883771417,-0.11475120599739981,0.18759421331476306
EA_growth,23,policy,0.7552988222357284,0.6218097894870255,239,0.13693517522335863,1.373662469248098,-0.2674872652759368,1.7780849097473936
EA_growth,23,fx,-0.07541847299335051,1.0613885953162379,239,-1.1309247287545101,0.9800877827678092,-1.8212473536041924,1.6704104076174915
EA_growth,24,brent,-0.5689752020489565,3.0748469390414868,238,-3.6267809802421436,2.48883057614423,-5.626648342051977,4.488697937954065
EA_growth,24,vix,0.09377826776416807,0.057615602604813396,238,0.036481977557930985,0.15107455797040517,-0.0009909651493539146,0.18854750067769005
EA_growth,24,activity,-0.42185743691850985,0.5278983646471578,238,-0.9468301271754129,0.10311525333839322,-1.2901729766701382,0.4464581028331184
EA_growth,24,price,-0.02025386135123579,0.10822354678860178,238,-0.12787762060408042,0.08736989790160886,-0.19826575480801978,0.15775803210554817
EA_growth,24,policy,0.649325766538695,0.6157646435541373,238,0.03697376255443929,1.2616777705229507,-0.3635169407598081,1.6621684738371982
EA_growth,24,fx,-0.7507509621388312,1.101444920758261,238,-1.8460915465082262,0.34458962223056366,-2.5624666349353333,1.0609647106576712
EA_growth,25,brent,-3.512883158436777,4.096275202031168,237,-7.586456324893298,0.5606900080197441,-10.250656281489118,3.2248899646155635
EA_growth,25,vix,0.11016242373441697,0.07722841301620978,237,0.03336201960266842,0.18696282786616553,-0.016867011519001954,0.2371918589878359
EA_growth,25,activity,-0.9084922462264743,0.9772202222853621,237,-1.8802965999101402,0.06331210745719162,-2.515876473182876,0.6988919807299273
EA_growth,25,price,0.07848112053981625,0.1456480816920602,237,-0.06635976247323118,0.2233220035528637,-0.16108865488989327,0.31805089596952574
EA_growth,25,policy,0.6465467109043628,0.5987667355190089,237,0.05109841056371478,1.2419950112450109,-0.3383369257119718,1.6314303475206975
EA_growth,25,fx,-0.5066008970588646,0.6529646327258048,237,-1.1559467235302026,0.1427449294124734,-1.5806321414689406,0.5674303473512113
EA_growth,26,brent,-7.28141244563529,5.186143746002723,236,-12.438813977306658,-2.1240109139639207,-15.811859796139563,1.2490349048689833
EA_growth,26,vix,0.0828635119731192,0.07066332763395224,236,0.012591808753701778,0.15313521519253662,-0.033367318778047314,0.19909434272428572
EA_growth,26,activity,-1.5689287268465135,1.3522654270775876,236,-2.9136997409958245,-0.22415771269720253,-3.7932074191761647,0.6553499654831378
EA_growth,26,price,0.0017534662647856422,0.15641403543041507,236,-0.1537937043136403,0.1573006368432116,-0.2555247272190487,0.2590316597486199
EA_growth,26,policy,0.6389254931194459,0.6006298284772704,236,0.041624425299302215,1.2362265609395897,-0.34902265870663285,1.6268736449455248
EA_growth,26,fx,-0.4233880725058933,0.5238972979559131,236,-0.9443818704504401,0.09760572543865353,-1.285122443198753,0.43834629818696635
EA_growth,27,brent,-4.6989910098299426,4.757577487048882,235,-9.43020144680695,0.032219427147066604,-12.524509594904966,3.1265275752450803
EA_growth,27,vix,-0.054819419891262065,0.07356371161674692,235,-0.12797543282670495,0.01833659304418083,-0.17582095775608036,0.06618211797355625
EA_growth,27,activity,-0.9128376831047758,0.5733503662778436,235,-1.483010474690977,-0.3426648915185746,-1.8559151125908417,0.030239746381290233
EA_growth,27,price,-0.06793706970127462,0.09386941335029207,235,-0.16128624779974746,0.025412108397198208,-0.22233851471030947,0.0864643753077602
EA_growth,27,policy,0.5123805232471496,0.5961464674759874,235,-0.08046203088199311,1.105223077376292,-0.4681931559750361,1.4929542024693352
EA_growth,27,fx,1.1539068756818103,0.7704444142064573,235,0.3877323543992782,1.9200813969643424,-0.11336141339018324,2.421175164753804
EA_growth,28,brent,1.5286760855738486,3.169083892602458,234,-1.6228443739777172,4.680196545125415,-3.684003049286793,6.74135522043449
EA_growth,28,vix,0.025717813190642962,0.0939465155366103,234,-0.06770803978482674,0.11914366616611267,-0.12881045362920332,0.18024608001048922
EA_growth,28,activity,-0.11099511433703527,0.43250767345969393,234,-0.5411057797577378,0.3191155510836672,-0.8224069297115557,0.6004167010374852
EA_growth,28,price,0.1046357852901666,0.08972728765649061,234,0.015405776741140298,0.1938657938391929,-0.04295246924813004,0.2522240398284632
EA_growth,28,policy,0.45688898451411236,0.6022639844688997,234,-0.14203718261430148,1.0558151516425263,-0.5337471147218023,1.447525083750027
EA_growth,28,fx,1.853627506501416,1.2144957537340408,234,0.6458626300758277,3.0613923829270044,-0.1440402389451827,3.851295251948015
EA_growth,29,brent,-0.35034415809116237,3.4783444604535214,233,-3.8094112273081437,3.1087229111258186,-6.071711659654698,5.371023343472373
EA_growth,29,vix,-0.09064420410734805,0.03455483252500765,233,-0.1250075297148347,-0.05628087849986141,-0.14748184571480757,-0.03380656249988853
EA_growth,29,activity,0.6988918162035616,0.3715575109970239,233,0.3293935203267765,1.0683901120803467,0.08773409661904541,1.3100495357880777
EA_growth,29,price,0.12442670572315334,0.1088479958686008,233,0.016181958160040588,0.2326714532862661,-0.054612315067713524,0.3034657265140202
EA_growth,29,policy,0.49540376433881117,0.6096529805691041,233,-0.1108704482104571,1.1016779768880793,-0.507386151932055,1.4981936806096774
EA_growth,29,fx,-0.24334282488917197,0.6799810844565968,233,-0.9195553747605518,0.4328697249822078,-1.3618121779160004,0.8751265281376563
EA_growth,30,brent,2.96067056133367,4.026581508168738,232,-1.0435951618513504,6.964936284518691,-3.662466636593407,9.583807759260747
EA_growth,30,vix,-0.039952288680222346,0.06761571837658813,232,-0.107193272848711,0.02728869548826631,-0.15117024829088263,0.07126567093043792
EA_growth,30,activity,0.2846775288928498,0.7433673442126204,232,-0.45456998668008886,1.0239250444657886,-0.9380529433925622,1.5074080011782618
EA_growth,30,price,0.03639074020225451,0.1012791988762562,232,-0.06432715752540687,0.1371086379299159,-0.13019871740409494,0.20298019780860393
EA_growth,30,policy,0.49977588755962876,0.5954560247722931,232,-0.09238005037992036,1.0919318254991779,-0.4796621144771831,1.4792138895964406
EA_growth,30,fx,0.1622086877833087,0.8756430444822485,232,-0.7085814406798521,1.0329988162464696,-1.2780959498481468,1.602513325414764
EA_growth,31,brent,-0.10791451288944343,3.6157539022300966,231,-3.7036294847085913,3.4878004589297045,-6.055300433136555,5.839471407357669
EA_growth,31,vix,-0.0020594534489064196,0.08491585602310439,231,-0.086504695880587,0.08238578898277417,-0.14173360721419867,0.1376147003163858
EA_growth,31,activity,-0.6652462905513726,0.9261504594709841,231,-1.586263916010628,0.25577133490788273,-2.188628232914993,0.8581356518122477
EA_growth,31,price,0.05497476030397424,0.10101810158411283,231,-0.04548348716323045,0.15543300777117894,-0.11118523047440598,0.22113475108235447
EA_growth,31,policy,0.5981233777884851,0.5605071096041941,231,0.04072266404748093,1.1555240915294893,-0.32382877437605984,1.5200755299530302
EA_growth,31,fx,0.48511586654978517,0.7614107080130976,231,-0.27207501439415954,1.24230674749373,-0.7672932981252467,1.7375250312248172
EA_growth,32,brent,-2.7957275039657934,3.811434240248025,230,-6.586038330516019,0.9945833225844325,-9.064978937924785,3.4735239299931986
EA_growth,32,vix,-0.0952168864372496,0.082309130584015,230,-0.17706985020666433,-0.013363922667834857,-0.23060335840958898,0.040169585535089786
EA_growth,32,activity,-0.18605403390936254,0.6668614233271882,230,-0.8492196333455615,0.47711156552683637,-1.282943464743109,0.9108353969243839
EA_growth,32,price,0.023856649496188865,0.08062164721534486,230,-0.0563181831344665,0.10403148212684422,-0.10875415933677317,0.1564674583291509
EA_growth,32,policy,0.7647783804678463,0.5218397158680883,230,0.24583076125088799,1.2837259996848047,-0.09357156886510432,1.6231283298007968
EA_growth,32,fx,0.2899155950051168,1.1530179625788546,230,-0.8567122073638735,1.4365433973741073,-1.6066301826829086,2.186461372693142
EA_growth,33,brent,4.225446947660184,5.096139110592276,229,-0.8424487648018468,9.293342660122214,-4.156955951846769,12.607849847167138
EA_growth,33,vix,-0.1383072731539074,0.06925203421932948,229,-0.2071755045116312,-0.0694390417961836,-0.25221673281333895,-0.024397813494475853
EA_growth,33,activity,-0.08189389235765501,1.0493430172372469,229,-1.1254213280403436,0.9616335433250335,-1.8079095601765416,1.6441217754612314
EA_growth,33,price,0.05711855448670787,0.09975975453739083,229,-0.042088319840070415,0.15632542881348616,-0.106971639587908,0.22120874856132372
EA_growth,33,policy,0.9034995467347475,0.47391454859375065,229,0.4322114879179004,1.3747876055515946,0.12397948261524716,1.683019610854248
EA_growth,33,fx,0.2193678944373093,0.8948691389094736,229,-0.6705417751923407,1.1092775640669594,-1.2525608543448787,1.6912966432194976
EA_growth,34,brent,2.3660030515811554,4.036854620365852,228,-1.648478849013383,6.380484952175694,-4.274031912203424,9.006038015365736
EA_growth,34,vix,-0.029993812524956417,0.1035933675396843,228,-0.13301305352304085,0.07302542847312803,-0.20038973885072303,0.1404021138008102
EA_growth,34,activity,-0.38806574091827034,0.7485069959354929,228,-1.1324244236639722,0.3562929418274315,-1.6192501879813166,0.8431187061447758
EA_growth,34,price,0.16784289768064917,0.1583899080740409,228,0.010330804975551,0.32535499038574733,-0.09268531708744723,0.4283711124487456
EA_growth,34,policy,0.951694429101313,0.45274841799444504,228,0.5014551957159925,1.4019336624866334,0.20698955166660893,1.696399306536017
EA_growth,34,fx,1.1789950796810438,1.1173177959562806,228,0.06786958944177379,2.2901205699203135,-0.6588291494550691,3.0168193088171567
EA_growth,35,brent,-8.873149078808504,4.590626712969491,227,-13.438334002394292,-4.307964155222716,-16.424058077616685,-1.3222400800003236
EA_growth,35,vix,0.12246535063097623,0.1025482561147674,227,0.02048542892823299,0.22444527233371947,-0.04621152037694738,0.29114222163889986
EA_growth,35,activity,-0.3510612887545643,0.5631803527650869,227,-0.9111204302306549,0.20899785272152627,-1.277410534628027,0.5752879571188984
EA_growth,35,price,-0.15056956722358406,0.11859205287720656,227,-0.26850436909335007,-0.03263476535381807,-0.34563613552627803,0.044497001079109894
EA_growth,35,policy,0.9345931663787055,0.38276780139052735,227,0.5539467088470303,1.3152396239103807,0.30499615998125584,1.5641901727761551
EA_growth,35,fx,0.49882526154555445,1.4819709780466281,227,-0.9749324602609835,1.9725829833520923,-1.938800076731262,2.936450599822371
EA_growth,36,brent,-0.3801945514533336,5.341583251264409,226,-5.692174124494411,4.931785021587743,-9.166317135958833,8.405928033052165
EA_growth,36,vix,0.08575089227352957,0.04837874629260058,226,0.03764026664304829,0.13386151790401085,0.006174935966780426,0.1653268485802787
EA_growth,36,activity,-0.5074724770141976,0.7158640581670913,226,-1.219369132964987,0.20442417893659182,-1.6849640694945374,0.6700191154661421
EA_growth,36,price,-0.18913311874907177,0.12064554571218826,226,-0.30911003275670007,-0.06915620474144347,-0.38757738218930426,0.009311144691160705
EA_growth,36,policy,0.7646698921342271,0.3701574838782358,226,0.39656386426242823,1.132775920006026,0.15581501223387983,1.3735247720345742
EA_growth,36,fx,0.8208820566924018,1.1934814737664692,226,-0.36598500335945805,2.007749116744262,-1.142220274131763,2.7839843875165666
TR_growth,0,brent,0.0,0.0,185,0.0,0.0,0.0,0.0
TR_growth,0,vix,0.0,0.0,185,0.0,0.0,0.0,0.0
TR_growth,0,fedfunds,0.0,0.0,185,0.0,0.0,0.0,0.0
TR_growth,0,activity,1.82618548045972e-17,5.688871123420596e-16,185,-5.474724187203967e-16,5.83996128329591e-16,-9.17474175257189e-16,9.539978848663834e-16
TR_growth,0,price,1.135566461758895e-17,8.061907137597151e-16,185,-7.903670460512575e-16,8.130783752864355e-16,-1.3147100549246744e-15,1.3374213841598522e-15
TR_growth,0,policy,1.0000000000000002,2.9903011538580283e-15,185,0.9999999999999972,1.000000000000003,0.9999999999999953,1.000000000000005
TR_growth,0,fx,0.36455944284345837,0.1892335665180309,185,0.1763746308517053,0.5527442548352115,0.05329792461531263,0.6758209610716042
TR_growth,1,brent,0.0,0.0,184,0.0,0.0,0.0,0.0
TR_growth,1,vix,0.0,0.0,184,0.0,0.0,0.0,0.0
TR_growth,1,fedfunds,0.0,0.0,184,0.0,0.0,0.0,0.0
TR_growth,1,activity,0.12000415190550885,0.23019613904523223,184,-0.10891621325247088,0.3489245170634886,-0.25863480231326674,0.4986431061242844
TR_growth,1,price,-0.0936916562095004,0.12473880566378134,184,-0.21773914484401719,0.030355832425016396,-0.298868733127166,0.11148542070816517
TR_growth,1,policy,1.3374705099523818,0.10974685732491211,184,1.2283318825281269,1.4466091373766368,1.1569529936349743,1.5179880262697893
TR_growth,1,fx,-0.5598776700668306,0.3363779822355958,184,-0.8943914062392093,-0.22536393389445203,-1.1131702141736681,-0.0065851259599931655
TR_growth,2,brent,0.0,0.0,183,0.0,0.0,0.0,0.0
TR_growth,2,vix,0.0,0.0,183,0.0,0.0,0.0,0.0
TR_growth,2,fedfunds,0.0,0.0,183,0.0,0.0,0.0,0.0
TR_growth,2,activity,-0.18026756907530694,0.18429080612262447,183,-0.36353701402703115,0.0030018758764172593,-0.4833989699399163,0.12286383178930244
TR_growth,2,price,-0.22759498676746967,0.15077344803007808,183,-0.3775328307396969,-0.07765714279524244,-0.4755952396077229,0.020405266072783534
TR_growth,2,policy,1.6358785044968056,0.10358377690787797,183,1.532868800978126,1.7388882080154853,1.4654983533565504,1.8062586556370608
TR_growth,2,fx,-0.3342064946604019,0.26957167293953677,183,-0.6022841699051656,-0.0661288194156382,-0.7776124386183749,0.10919944929757108
TR_growth,3,brent,0.0,0.0,182,0.0,0.0,0.0,0.0
TR_growth,3,vix,0.0,0.0,182,0.0,0.0,0.0,0.0
TR_growth,3,fedfunds,0.0,0.0,182,0.0,0.0,0.0,0.0
TR_growth,3,activity,0.23764599590896077,0.23549881456048152,182,0.003452343282738052,0.47183964853518345,-0.1497150833636194,0.625007075181541
TR_growth,3,price,-0.21830458129077726,0.13685726560794031,182,-0.3544033679491246,-0.08220579463242994,-0.44341475100065886,0.006805588419104308
TR_growth,3,policy,1.702245016140119,0.14910298746266237,182,1.5539683748477493,1.8505216574324888,1.4569924264228589,1.9474976058573792
TR_growth,3,fx,-0.09517093808920259,0.3494267494419006,182,-0.44266112367606,0.25231924749765483,-0.6699267942625761,0.47958491808417086
TR_growth,4,brent,0.0,0.0,181,0.0,0.0,0.0,0.0
TR_growth,4,vix,0.0,0.0,181,0.0,0.0,0.0,0.0
TR_growth,4,fedfunds,0.0,0.0,181,0.0,0.0,0.0,0.0
TR_growth,4,activity,-0.19949262965765638,0.18528400699527706,181,-0.38374977104680075,-0.01523548826851201,-0.5042577005799398,0.10527244126462701
TR_growth,4,price,-0.06940741678252807,0.13965464165015806,181,-0.20828807609836092,0.06947324253330478,-0.2991188606213987,0.16030402705634253
TR_growth,4,policy,1.6547588930044672,0.20938943084119005,181,1.4465299228436423,1.862987863165292,1.3103439282400313,1.999173857768903
TR_growth,4,fx,-0.3257014162902633,0.2544576989855363,181,-0.5787488809898443,-0.07265395159068222,-0.7442470853723485,0.09284425279182196
TR_growth,5,brent,0.0,0.0,180,0.0,0.0,0.0,0.0
TR_growth,5,vix,0.0,0.0,180,0.0,0.0,0.0,0.0
TR_growth,5,fedfunds,0.0,0.0,180,0.0,0.0,0.0,0.0
TR_growth,5,activity,0.36075845640947435,0.2871206796256835,180,0.07522903312317136,0.6462878796957774,-0.11151303484560277,0.8330299476645515
TR_growth,5,price,-0.07569086776721697,0.13337100341594474,180,-0.20832271350579817,0.05694097797136423,-0.2950666464660908,0.14368491093165692
TR_growth,5,policy,1.716043110190899,0.28398710249237363,180,1.433629897387462,1.9984563229943362,1.2489258946488788,2.1831603257329193
TR_growth,5,fx,-0.2967546102934855,0.2430566561530334,180,-0.538464218071472,-0.055045002515498986,-0.6965472327214992,0.10303801213452829
TR_growth,6,brent,0.0,0.0,179,0.0,0.0,0.0,0.0
TR_growth,6,vix,0.0,0.0,179,0.0,0.0,0.0,0.0
TR_growth,6,fedfunds,0.0,0.0,179,0.0,0.0,0.0,0.0
TR_growth,6,activity,-0.17594588188921756,0.1918567220061476,179,-0.3667393115350132,0.014847547756578094,-0.4915221069360497,0.13963034315761458
TR_growth,6,price,-0.06935182735147233,0.09375128827795506,179,-0.1625835350405549,0.023879880337610238,-0.22355897390683974,0.08485531920389508
TR_growth,6,policy,1.5480832739800825,0.3613724794341486,179,1.188713563031739,1.907452984928426,0.953678440502377,2.1424881074577877
TR_growth,6,fx,-0.2552061849345575,0.196163283408923,179,-0.45028230851687,-0.06013006135224497,-0.577866073124434,0.06745370325531902
TR_growth,7,brent,0.0,0.0,178,0.0,0.0,0.0,0.0
TR_growth,7,vix,0.0,0.0,178,0.0,0.0,0.0,0.0
TR_growth,7,fedfunds,0.0,0.0,178,0.0,0.0,0.0,0.0
TR_growth,7,activity,-0.021905735424502356,0.24410325252221746,178,-0.26465613921236264,0.22084466836335792,-0.4234198556863228,0.37960838483731807
TR_growth,7,price,-0.1620058039503205,0.0891304684407525,178,-0.25064230092540496,-0.07336930697523603,-0.30861237823697596,-0.015399229663665054
TR_growth,7,policy,1.445985961884381,0.4297076485479163,178,1.0186598033103795,1.8733121204583827,0.7391797776415525,2.1527921461272097
TR_growth,7,fx,-0.25400706896666,0.18415914749175621,178,-0.43714558495502465,-0.07086855297829531,-0.5569219106547663,0.04890777272144631
TR_growth,8,brent,0.0,0.0,177,0.0,0.0,0.0,0.0
TR_growth,8,vix,0.0,0.0,177,0.0,0.0,0.0,0.0
TR_growth,8,fedfunds,0.0,0.0,177,0.0,0.0,0.0,0.0
TR_growth,8,activity,0.6284897640944846,0.41707189095585456,177,0.21372933426823637,1.0432501939207328,-0.0575324484437616,1.314511976632731
TR_growth,8,price,-0.1456997620856266,0.13038922937315114,177,-0.2753663591214015,-0.016033165049851694,-0.3601709589354617,0.06877143476420847
TR_growth,8,policy,1.260748984951033,0.517243421834848,177,0.7463721865689804,1.7751257833330856,0.4099592665291931,2.1115387033728727
TR_growth,8,fx,-0.15300255342317096,0.22386426712777854,177,-0.3756261386373644,0.0696210317910225,-0.5212265051531306,0.21522139830678874
TR_growth,9,brent,0.0,0.0,176,0.0,0.0,0.0,0.0
TR_growth,9,vix,0.0,0.0,176,0.0,0.0,0.0,0.0
TR_growth,9,fedfunds,0.0,0.0,176,0.0,0.0,0.0,0.0
TR_growth,9,activity,-0.7045848604716303,0.3262045935635525,176,-1.0289815900801387,-0.38018813086312186,-1.2411436693228706,-0.16802605162039008
TR_growth,9,price,-0.05407391732831979,0.17020769156198878,176,-0.22333829798507376,0.11519046332843419,-0.3340406561290945,0.22589282147245493
TR_growth,9,policy,1.0562184453850838,0.519159819886684,176,0.5399358698530151,1.5725010209171524,0.20227653267699863,1.910160358093169
TR_growth,9,fx,-0.176460541679167,0.22308924563412502,176,-0.39831340065933973,0.04539231730100571,-0.5434096964943254,0.19048861313599139
TR_growth,10,brent,0.0,0.0,175,0.0,0.0,0.0,0.0
TR_growth,10,vix,0.0,0.0,175,0.0,0.0,0.0,0.0
TR_growth,10,fedfunds,0.0,0.0,175,0.0,0.0,0.0,0.0
TR_growth,10,activity,0.09188054439105943,0.2450673088152811,175,-0.151828572777296,0.33558966155941483,-0.3112193073609921,0.49498039614311096
TR_growth,10,price,-0.0495067748871102,0.10752698026082745,175,-0.1564378280652296,0.057424278291009205,-0.22637291836427156,0.12735936859005118
TR_growth,10,policy,0.7868584567117566,0.5348279082373868,175,0.2549946272045046,1.3187222862190087,-0.09285516794737814,1.6665720813708913
TR_growth,10,fx,-0.05280534567649408,0.18129162892003273,175,-0.23309223521595795,0.12748154386296978,-0.3510035390415503,0.24539284768856212
TR_growth,11,brent,0.0,0.0,174,0.0,0.0,0.0,0.0
TR_growth,11,vix,0.0,0.0,174,0.0,0.0,0.0,0.0
TR_growth,11,fedfunds,0.0,0.0,174,0.0,0.0,0.0,0.0
TR_growth,11,activity,-0.15883865130360486,0.2801824220159522,174,-0.43746826961417057,0.11979096700696085,-0.6196977243645918,0.3020204217573821
TR_growth,11,price,-0.020542398244251654,0.1449597100921788,174,-0.16469872469321933,0.12361392820471602,-0.25897990315120584,0.21789510666270254
TR_growth,11,policy,0.5882190936230248,0.4979783659599662,174,0.0930005819262249,1.0834376053198247,-0.230882427769593,1.4073206150156428
TR_growth,11,fx,0.24503709725062847,0.3235453868472938,174,-0.0767151632758121,0.5667893577770691,-0.28714770578855975,0.7772219002898167
TR_growth,12,brent,0.0,0.0,173,0.0,0.0,0.0,0.0
TR_growth,12,vix,0.0,0.0,173,0.0,0.0,0.0,0.0
TR_growth,12,fedfunds,0.0,0.0,173,0.0,0.0,0.0,0.0
TR_growth,12,activity,0.004512495801590721,0.2954481526136179,173,-0.28929824864477993,0.2983232402479614,-0.48145646960103067,0.49048146120421215
TR_growth,12,price,-0.01011170953701086,0.10373332110189623,173,-0.11327012845832024,0.09304670938429851,-0.18073783898718654,0.16051441991316484
TR_growth,12,policy,0.35247615369956065,0.47224748161524915,173,-0.11715407721867699,0.8221063846177983,-0.4243018292539805,1.1292541366531017
TR_growth,12,fx,0.06911345053351026,0.16777126212252086,173,-0.09772800366028053,0.23595490472730105,-0.20684571846694427,0.3450726195339648
TR_growth,13,brent,0.0,0.0,172,0.0,0.0,0.0,0.0
TR_growth,13,vix,0.0,0.0,172,0.0,0.0,0.0,0.0
TR_growth,13,fedfunds,0.0,0.0,172,0.0,0.0,0.0,0.0
TR_growth,13,activity,-0.1287565429481307,0.3124030466458735,172,-0.4394282154238639,0.18191512952760255,-0.6426138272942855,0.3851007413980242
TR_growth,13,price,-0.023164246920778973,0.14605929877757667,172,-0.16841406800622882,0.12208557416467086,-0.2634104142650647,0.2170819204235067
TR_growth,13,policy,0.1843934158646928,0.4158545132527523,172,-0.22915638310786166,0.5979432148372472,-0.4996263885432357,0.8684132202726214
TR_growth,13,fx,0.3590496112720896,0.3156128611653391,172,0.045185913443832715,0.6729133091003465,-0.16008734812824982,0.878186570672429
TR_growth,14,brent,0.0,0.0,171,0.0,0.0,0.0,0.0
TR_growth,14,vix,0.0,0.0,171,0.0,0.0,0.0,0.0
TR_growth,14,fedfunds,0.0,0.0,171,0.0,0.0,0.0,0.0
TR_growth,14,activity,-0.10060629954400419,0.17722344637028795,171,-0.276847552876538,0.07563495378852964,-0.392112928087012,0.1909003289990036
TR_growth,14,price,0.11150734250222366,0.18510151901100294,171,-0.07256832227236826,0.2955830072768156,-0.19295756239725137,0.4159722474016987
TR_growth,14,policy,-0.012383210819383608,0.3796364655371133,171,-0.3899156867266538,0.3651492650878866,-0.636829628081142,0.6120632064423747
TR_growth,14,fx,0.34785010620511914,0.3042334434729462,171,0.04530276000739891,0.6503974524028393,-0.152569376731292,0.8482695891415303
TR_growth,15,brent,0.0,0.0,170,0.0,0.0,0.0,0.0
TR_growth,15,vix,0.0,0.0,170,0.0,0.0,0.0,0.0
TR_growth,15,fedfunds,0.0,0.0,170,0.0,0.0,0.0,0.0
TR_growth,15,activity,-0.08801693985860586,0.27118731761904735,170,-0.35770130569137476,0.18166742597416302,-0.5340803828275367,0.358046503110325
TR_growth,15,price,-0.10402560968119724,0.1559499440796044,170,-0.2591112609572801,0.0510600415948856,-0.3605404408234138,0.15248922146101934
TR_growth,15,policy,-0.2249973720583279,0.3250379732522096,170,-0.5482339469015087,0.09823920278485296,-0.7596372612591804,0.30964251714252455
TR_growth,15,fx,-0.03601154730941041,0.18433324108626864,170,-0.2193231920452543,0.14730009742643346,-0.3392127474778795,0.26718965285905866
TR_growth,16,brent,0.0,0.0,169,0.0,0.0,0.0,0.0
TR_growth,16,vix,0.0,0.0,169,0.0,0.0,0.0,0.0
TR_growth,16,fedfunds,0.0,0.0,169,0.0,0.0,0.0,0.0
TR_growth,16,activity,-0.005609930934926204,0.20175299003528405,169,-0.20624478233665328,0.19502492046680087,-0.3374640683427673,0.32624420647291497
TR_growth,16,price,-0.05420024218361212,0.09313692620005741,169,-0.14682099266118426,0.03842050829396,-0.20739685304688815,0.0989963686796639
TR_growth,16,policy,-0.574695173729416,0.3890361557786071,169,-0.9615752456970696,-0.18781510176176247,-1.2146027055771158,0.06521235811828374
TR_growth,16,fx,0.22255648902473713,0.23598941593485895,169,-0.012125046005748763,0.457238024055223,-0.1656115576978751,0.6107245357473494
TR_growth,17,brent,0.0,0.0,168,0.0,0.0,0.0,0.0
TR_growth,17,vix,0.0,0.0,168,0.0,0.0,0.0,0.0
TR_growth,17,fedfunds,0.0,0.0,168,0.0,0.0,0.0,0.0
TR_growth,17,activity,-0.057839104750205865,0.19124820761246306,168,-0.24802739246015534,0.1323491829597436,-0.37241441268953385,0.2567362031891221
TR_growth,17,price,-0.05513627091692453,0.15002184131258997,168,-0.20432667366387228,0.09405413183002323,-0.3019002407218763,0.19162769888802728
TR_growth,17,policy,-0.7297387295935108,0.4264339932591036,168,-1.1538093758586412,-0.3056680833283804,-1.4311602300611468,-0.028317229125874754
TR_growth,17,fx,-0.2829287870881711,0.23586398152602941,168,-0.5174855828819707,-0.048371991294371475,-0.6708905125684755,0.10503293839213335
TR_growth,18,brent,0.0,0.0,167,0.0,0.0,0.0,0.0
TR_growth,18,vix,0.0,0.0,167,0.0,0.0,0.0,0.0
TR_growth,18,fedfunds,0.0,0.0,167,0.0,0.0,0.0,0.0
TR_growth,18,activity,0.17129974012025465,0.23237272780050922,167,-0.05978515088391598,0.40238463112442524,-0.21091938400702007,0.5535188642475294
TR_growth,18,price,-0.05025582448088093,0.0711546885279772,167,-0.12101616541486246,0.020504516453100606,-0.1672948719807265,0.06678322301896467
TR_growth,18,policy,-1.0702858710398817,0.4287349781058614,167,-1.4966447498250166,-0.6439269922547468,-1.7754921547782678,-0.3650795873014956
TR_growth,18,fx,-0.1827028517033011,0.1516379926225759,167,-0.33350044886092417,-0.03190525454567805,-0.43212515385218564,0.06671945044558342
TR_growth,19,brent,0.0,0.0,166,0.0,0.0,0.0,0.0
TR_growth,19,vix,0.0,0.0,166,0.0,0.0,0.0,0.0
TR_growth,19,fedfunds,0.0,0.0,166,0.0,0.0,0.0,0.0
TR_growth,19,activity,-0.682411377077922,0.3134620030252881,166,-0.9941361370731393,-0.3706866170827047,-1.1980104896655404,-0.16681226449030362
TR_growth,19,price,-0.1475601048145954,0.08532942228359448,166,-0.2324166214742499,-0.06270358815494086,-0.2879145145434395,-0.007205695085751251
TR_growth,19,policy,-0.9989647495549533,0.43373322848559404,166,-1.4302941778324696,-0.5676353212774371,-1.7123924235588541,-0.28553707555105245
TR_growth,19,fx,-0.08198738550968039,0.16307270514348457,166,-0.24415632267595833,0.08018155165659756,-0.3502181160217289,0.18624334500236817
TR_growth,20,brent,0.0,0.0,165,0.0,0.0,0.0,0.0
TR_growth,20,vix,0.0,0.0,165,0.0,0.0,0.0,0.0
TR_growth,20,fedfunds,0.0,0.0,165,0.0,0.0,0.0,0.0
TR_growth,20,activity,0.5298572630580423,0.2147396197352618,165,0.31630775537484646,0.7434067707412381,0.17664202068631701,0.8830725054297675
TR_growth,20,price,-0.31199766760952413,0.11433449082805704,165,-0.4256985033362587,-0.19829683188278957,-0.5000611695337036,-0.12393416568534471
TR_growth,20,policy,-1.2220967842855976,0.4110900951125753,165,-1.6309085700797454,-0.8132849984914498,-1.8982798182353426,-0.5459137503358525
TR_growth,20,fx,-0.2647043842127545,0.28203427603988945,165,-0.5451755933559783,0.01576682493046927,-0.7286094860815993,0.19920071765609032
TR_growth,21,brent,0.0,0.0,164,0.0,0.0,0.0,0.0
TR_growth,21,vix,0.0,0.0,164,0.0,0.0,0.0,0.0
TR_growth,21,fedfunds,0.0,0.0,164,0.0,0.0,0.0,0.0
TR_growth,21,activity,0.28381236551924743,0.6431116322553598,164,-0.35573506696098717,0.9233597979994821,-0.7740121353306624,1.3416368663691574
TR_growth,21,price,-0.2401116706663948,0.11675168724585028,164,-0.3562163064260703,-0.12400703490671935,-0.43215110688543557,-0.04807223444735406
TR_growth,21,policy,-1.371074858884578,0.41683544523886734,164,-1.7856001534036172,-0.9565495643655388,-2.0567081528276607,-0.6854415649414954
TR_growth,21,fx,-0.12961876562405694,0.21615985537793328,164,-0.3445806378381229,0.08534310659000904,-0.48517008774375614,0.22593255649564226
TR_growth,22,brent,0.0,0.0,163,0.0,0.0,0.0,0.0
TR_growth,22,vix,0.0,0.0,163,0.0,0.0,0.0,0.0
TR_growth,22,fedfunds,0.0,0.0,163,0.0,0.0,0.0,0.0
TR_growth,22,activity,-0.3613628159381758,0.5028847172419395,163,-0.8614604873451304,0.13873485546877878,-1.1885345670320455,0.4658089351556938
TR_growth,22,price,-0.12883663639110834,0.12356204301366427,163,-0.25171388413154944,-0.005959388650667266,-0.3320781109956678,0.07440483821345112
TR_growth,22,policy,-1.5196215523610987,0.4412677353670832,163,-1.95844373040301,-1.0807993743191875,-2.2454423873363076,-0.7938007173858896
TR_growth,22,fx,0.2218471931715167,0.19027460809023355,163,0.032627109181537606,0.41106727716149577,-0.09112668606247387,0.5348210724055072
TR_growth,23,brent,0.0,0.0,162,0.0,0.0,0.0,0.0
TR_growth,23,vix,0.0,0.0,162,0.0,0.0,0.0,0.0
TR_growth,23,fedfunds,0.0,0.0,162,0.0,0.0,0.0,0.0
TR_growth,23,activity,-0.467061429947885,0.2761554431366547,162,-0.7416863873664141,-0.19243647252935597,-0.9212967121936024,-0.012826147702167556
TR_growth,23,price,-0.26437495763678776,0.058420810258369905,162,-0.32247199294172496,-0.20627792233185058,-0.36046863927971123,-0.16828127599386428
TR_growth,23,policy,-1.6036205237154295,0.4528680916810675,162,-2.0539787675418246,-1.1532622798890346,-2.348522246847625,-0.8587188005832339
TR_growth,23,fx,-0.31476183888061054,0.23553974776022182,162,-0.54899619785,-0.08052747991122108,-0.7021902472752463,0.07266656951402517
TR_growth,24,brent,0.0,0.0,161,0.0,0.0,0.0,0.0
TR_growth,24,vix,0.0,0.0,161,0.0,0.0,0.0,0.0
TR_growth,24,fedfunds,0.0,0.0,161,0.0,0.0,0.0,0.0
TR_growth,24,activity,0.6720569297787987,0.4355584596129839,161,0.23891238601796982,1.1052014735396276,-0.04437298226501407,1.3884868418226115
TR_growth,24,price,-0.07312222493337743,0.11515472054847951,161,-0.18763874457162907,0.04139429470487421,-0.26253488468812713,0.11629043482137229
TR_growth,24,policy,-1.8106248617662832,0.4610256325077517,161,-2.2690954363753795,-1.3521542871571868,-2.568944545514255,-1.0523051780183115
TR_growth,24,fx,-0.34380592212618366,0.12995652044122297,161,-0.47304220835346733,-0.21456963589890002,-0.5575653761199224,-0.13004646813244497
TR_growth,25,brent,0.0,0.0,160,0.0,0.0,0.0,0.0
TR_growth,25,vix,0.0,0.0,160,0.0,0.0,0.0,0.0
TR_growth,25,fedfunds,0.0,0.0,160,0.0,0.0,0.0,0.0
TR_growth,25,activity,-0.33295566588369196,0.2610763212489414,160,-0.5925850716691039,-0.07332626009828008,-0.7623879998011609,0.09647666803377697
TR_growth,25,price,-0.3138041237978723,0.07606364426825317,160,-0.38944621446609906,-0.23816203312964557,-0.43891768495165506,-0.18869056264408954
TR_growth,25,policy,-1.8785567727852999,0.4661688314827467,160,-2.3421420421599963,-1.4149715034106034,-2.6453362660214252,-1.1117772795491745
TR_growth,25,fx,-0.5811342427071297,0.23152939925041793,160,-0.8113804789865262,-0.35088800642773316,-0.9619662148100749,-0.20030227060418432
TR_growth,26,brent,0.0,0.0,159,0.0,0.0,0.0,0.0
TR_growth,26,vix,0.0,0.0,159,0.0,0.0,0.0,0.0
TR_growth,26,fedfunds,0.0,0.0,159,0.0,0.0,0.0,0.0
TR_growth,26,activity,0.29845608400830215,0.22727000768022618,159,0.07244563325356002,0.5244665347630443,-0.07536981242180679,0.672281980438411
TR_growth,26,price,-0.29559669603508526,0.12481583771069665,159,-0.41972078979591676,-0.17147260227425376,-0.500900479394511,-0.09029291267565956
TR_growth,26,policy,-1.8869215653314695,0.4395158954754295,159,-2.3240016123830043,-1.4498415182799347,-2.6098608801070537,-1.1639822505558852
TR_growth,26,fx,-0.3746928288514015,0.2027763229544687,159,-0.5763453417417598,-0.1730403159610432,-0.7082301991229424,-0.04115545857986058
TR_growth,27,brent,0.0,0.0,158,0.0,0.0,0.0,0.0
TR_growth,27,vix,0.0,0.0,158,0.0,0.0,0.0,0.0
TR_growth,27,fedfunds,0.0,0.0,158,0.0,0.0,0.0,0.0
TR_growth,27,activity,-0.11298486064133362,0.23366663658833312,158,-0.3453564894397101,0.11938676815704286,-0.4973322753312049,0.27136255404853765
TR_growth,27,price,-0.3012326507966942,0.11561766263717622,158,-0.4162095468445199,-0.18625575474886852,-0.49140678252510517,-0.1110585190682832
TR_growth,27,policy,-1.8442158718073143,0.48238508213898,158,-2.3239275194832074,-1.3645042241314211,-2.6376687237508993,-1.0507630198637292
TR_growth,27,fx,-0.021674442531308968,0.29492122335724347,158,-0.3149611780247842,0.27161229296216627,-0.506776686435436,0.46342780137281814
TR_growth,28,brent,0.0,0.0,157,0.0,0.0,0.0,0.0
TR_growth,28,vix,0.0,0.0,157,0.0,0.0,0.0,0.0
TR_growth,28,fedfunds,0.0,0.0,157,0.0,0.0,0.0,0.0
TR_growth,28,activity,0.19734878700544609,0.18395912128849337,157,0.01440918865176466,0.3802883853591275,-0.10523704085673799,0.49993461486763013
TR_growth,28,price,-0.38717642532901075,0.23013808980252867,157,-0.6160390629599696,-0.15831378769805193,-0.7657198970403836,-0.008632953617637884
TR_growth,28,policy,-1.7620704836885666,0.4422246882477131,157,-2.2018443110664805,-1.3222966563106526,-2.4894653660803012,-1.0346756012968317
TR_growth,28,fx,-0.8737789900471294,0.5280511686750634,157,-1.3989036374741695,-0.34865434262008943,-1.742345870058271,-0.005212110035987871
TR_growth,29,brent,0.0,0.0,156,0.0,0.0,0.0,0.0
TR_growth,29,vix,0.0,0.0,156,0.0,0.0,0.0,0.0
TR_growth,29,fedfunds,0.0,0.0,156,0.0,0.0,0.0,0.0
TR_growth,29,activity,0.38727241979890487,0.31401213683790985,156,0.07500057489690559,0.6995442647009041,-0.12923158238571303,0.9037764219835227
TR_growth,29,price,-0.2006398694405423,0.15693965519115127,156,-0.35670974673360323,-0.04456999214748139,-0.45878263049422086,0.057502891613136264
TR_growth,29,policy,-1.7294227628614247,0.44959178268947714,156,-2.176522855383302,-1.2823226703395478,-2.468935437265789,-0.9899100884570602
TR_growth,29,fx,0.05893305329233691,0.12753296037426612,156,-0.06789310452092914,0.18575921110560298,-0.15083999913513307,0.2687061057198069
TR_growth,30,brent,0.0,0.0,155,0.0,0.0,0.0,0.0
TR_growth,30,vix,0.0,0.0,155,0.0,0.0,0.0,0.0
TR_growth,30,fedfunds,0.0,0.0,155,0.0,0.0,0.0,0.0
TR_growth,30,activity,-0.22315881403224042,0.3929197139499907,155,-0.6139009210383299,0.16758329297384916,-0.8694542306236175,0.4231366025591367
TR_growth,30,price,-0.19848679298876543,0.09588831426477702,155,-0.2938436830170672,-0.10312990296046366,-0.3562090344894465,-0.04076455148808436
TR_growth,30,policy,-1.313753016093239,0.4570394008424942,155,-1.7682594511985197,-0.8592465809879581,-2.065515932228743,-0.5619900999577346
TR_growth,30,fx,0.020813721996571895,0.1702479333176519,155,-0.14849067739133548,0.19011812138447926,-0.2592192086019602,0.30084665259510396
TR_growth,31,brent,0.0,0.0,154,0.0,0.0,0.0,0.0
TR_growth,31,vix,0.0,0.0,154,0.0,0.0,0.0,0.0
TR_growth,31,fedfunds,0.0,0.0,154,0.0,0.0,0.0,0.0
TR_growth,31,activity,0.6653157592103719,0.4460238198312784,154,0.2217638554798303,1.1088676629409135,-0.06832813854585629,1.3989596569666
TR_growth,31,price,-0.11756098921124147,0.15105320653062007,154,-0.2677770412297276,0.03265506280724467,-0.36602140383578163,0.13089942541329871
TR_growth,31,policy,-1.3278412117498395,0.45997242362564683,154,-1.7852644144834602,-0.8704180090162188,-2.0844285210481437,-0.5712539024515354
TR_growth,31,fx,-0.04676232792578002,0.21675904298418097,154,-0.2623200669784006,0.16879541112684054,-0.40329922595284007,0.30977457010128007
TR_growth,32,brent,0.0,0.0,153,0.0,0.0,0.0,0.0
TR_growth,32,vix,0.0,0.0,153,0.0,0.0,0.0,0.0
TR_growth,32,fedfunds,0.0,0.0,153,0.0,0.0,0.0,0.0
TR_growth,32,activity,-0.6825619144234368,0.3301256119693858,153,-1.0108579316958366,-0.354265897151037,-1.2255702246208553,-0.13955360422601837
TR_growth,32,price,-0.19259955213660387,0.13859528439368374,153,-0.3304267252776004,-0.05477237899560736,-0.4205685083499253,0.03536940407671757
TR_growth,32,policy,-0.9906258831456061,0.50787754577854,153,-1.4956887122502978,-0.4855630540409145,-1.8260101063666498,-0.15524165992456218
TR_growth,32,fx,0.07849422903893011,0.3279017634815077,153,-0.24759026457363525,0.40457872265149547,-0.46085617590741157,0.6178446339852718
TR_growth,33,brent,0.0,0.0,152,0.0,0.0,0.0,0.0
TR_growth,33,vix,0.0,0.0,152,0.0,0.0,0.0,0.0
TR_growth,33,fedfunds,0.0,0.0,152,0.0,0.0,0.0,0.0
TR_growth,33,activity,0.12164734092662774,0.3154223485055347,152,-0.19202690008523546,0.4353215819384909,-0.3971762530342522,0.6404709348875077
TR_growth,33,price,0.1475169904901462,0.18301092604595853,152,-0.034479667629774474,0.3295136486100668,-0.15350919498829632,0.4485431759685887
TR_growth,33,policy,-0.9284128039492734,0.6594611669083829,152,-1.5842191600520177,-0.2726064478465291,-2.0131298961721766,0.15630428827363008
TR_growth,33,fx,0.32864676101956125,0.18746000229564755,152,0.14222568395013607,0.5150678380889864,0.02030249633523412,0.6369910257038884
TR_growth,34,brent,0.0,0.0,151,0.0,0.0,0.0,0.0
TR_growth,34,vix,0.0,0.0,151,0.0,0.0,0.0,0.0
TR_growth,34,fedfunds,0.0,0.0,151,0.0,0.0,0.0,0.0
TR_growth,34,activity,-0.1011181783447799,0.23217762588887092,151,-0.33200904871489256,0.12977269202533273,-0.4830163883850712,0.28078003169551136
TR_growth,34,price,0.007044834309812802,0.15693293613658096,151,-0.14901836116646291,0.16310802978608854,-0.25108687488258613,0.2651765435022117
TR_growth,34,policy,-0.6875346210858041,0.6942998030680562,151,-1.377986533557812,0.0029172913862037797,-1.8295561703539889,0.4544869281823808
TR_growth,34,fx,0.035910028429175095,0.23154754245571857,151,-0.19435425050375932,0.2661743073621095,-0.3449517865908135,0.41677184344916374
TR_growth,35,brent,0.0,0.0,150,0.0,0.0,0.0,0.0
TR_growth,35,vix,0.0,0.0,150,0.0,0.0,0.0,0.0
TR_growth,35,fedfunds,0.0,0.0,150,0.0,0.0,0.0,0.0
TR_growth,35,activity,0.10278440064998605,0.34294741502992376,150,-0.2382623597529287,0.4438311610529008,-0.4613138988156158,0.6668827001155879
TR_growth,35,price,0.13167315669711221,0.18228155839770163,150,-0.04959817601524122,0.3129444894094656,-0.16815332575971387,0.4314996391539383
TR_growth,35,policy,-0.2319012003772194,1.094582909751385,150,-1.3204178038061545,0.8566154030517157,-2.032329869480881,1.568527468726442
TR_growth,35,fx,0.5672824025721975,0.30962685117157884,150,0.25937153957120784,0.8751932655731872,0.057991553421062436,1.0765732517233326
TR_growth,36,brent,0.0,0.0,149,0.0,0.0,0.0,0.0
TR_growth,36,vix,0.0,0.0,149,0.0,0.0,0.0,0.0
TR_growth,36,fedfunds,0.0,0.0,149,0.0,0.0,0.0,0.0
TR_growth,36,activity,-0.27864252845765347,0.4344714442460017,149,-0.7107060812176167,0.1534210243023098,-0.9932844593325336,0.4359994024172267
TR_growth,36,price,0.1810932646362867,0.14541962744182124,149,0.036479569753342156,0.32570695951923123,-0.058100736991324786,0.4202872662638982
TR_growth,36,policy,-0.38000414582938963,1.184223164463507,149,-1.5576642072097246,0.7976559155509453,-2.3278779130171388,1.5678696213583594
TR_growth,36,fx,0.4261705232072876,0.38585609596164916,149,0.04245288679368647,0.8098881596208887,-0.20850627571656627,1.0608473221311414
TR_levels_comparison,0,brent,0.0,0.0,185,0.0,0.0,0.0,0.0
TR_levels_comparison,0,vix,0.0,0.0,185,0.0,0.0,0.0,0.0
TR_levels_comparison,0,fedfunds,0.0,0.0,185,0.0,0.0,0.0,0.0
TR_levels_comparison,0,activity,-1.143737919054037e-15,5.1701140785788576e-14,185,-5.25583449444188e-14,5.027086910631072e-14,-8.618454685808705e-14,8.389707101997897e-14
TR_levels_comparison,0,price,7.846595528409645e-16,7.481134041352964e-14,185,-7.3612067674882e-14,7.518138678056394e-14,-1.222690450634545e-13,1.2383836416913642e-13
TR_levels_comparison,0,policy,1.0000000000000016,1.9483742538284446e-14,185,0.9999999999999821,1.0000000000000209,0.9999999999999695,1.0000000000000335
TR_levels_comparison,0,fx,0.4573371232638638,0.17914597188504106,185,0.2791839992775118,0.6354902472502157,0.16266822165500755,0.7520060248727201
TR_levels_comparison,1,brent,0.0,0.0,184,0.0,0.0,0.0,0.0
TR_levels_comparison,1,vix,0.0,0.0,184,0.0,0.0,0.0,0.0
TR_levels_comparison,1,fedfunds,0.0,0.0,184,0.0,0.0,0.0,0.0
TR_levels_comparison,1,activity,0.04089449544005834,0.24348453744837173,184,-0.20124062226515538,0.28302961314527203,-0.35960192908849736,0.44139091996861407
TR_levels_comparison,1,price,-0.03471524357929812,0.10665954945356275,184,-0.14078367335299416,0.0713531861943979,-0.2101545903470007,0.14072410318840448
TR_levels_comparison,1,policy,1.3336674244209987,0.11138939755550464,184,1.2228953599159418,1.4444394889260557,1.1504481698478874,1.51688667899411
TR_levels_comparison,1,fx,0.009971120144482664,0.3986957305487342,184,-0.3865149921017778,0.4064572323907431,-0.6458249982986696,0.6657672385876349
TR_levels_comparison,2,brent,0.0,0.0,183,0.0,0.0,0.0,0.0
TR_levels_comparison,2,vix,0.0,0.0,183,0.0,0.0,0.0,0.0
TR_levels_comparison,2,fedfunds,0.0,0.0,183,0.0,0.0,0.0,0.0
TR_levels_comparison,2,activity,-0.15568648258372672,0.2586362559030855,183,-0.4128893461504052,0.10151638098295176,-0.5811052661670659,0.26973230099961243
TR_levels_comparison,2,price,-0.19563324761597536,0.21959846414473,183,-0.4140146714254565,0.022748176193505776,-0.5568405778374073,0.16557408260545656
TR_levels_comparison,2,policy,1.6272514598261965,0.10485170698222997,183,1.5229808532497187,1.7315220664026743,1.4547857493044225,1.7997171703479704
TR_levels_comparison,2,fx,-0.2490816224493834,0.48533917345670186,183,-0.7317309895239065,0.2335677446251397,-1.0473935222112691,0.5492302773125023
TR_levels_comparison,3,brent,0.0,0.0,182,0.0,0.0,0.0,0.0
TR_levels_comparison,3,vix,0.0,0.0,182,0.0,0.0,0.0,0.0
TR_levels_comparison,3,fedfunds,0.0,0.0,182,0.0,0.0,0.0,0.0
TR_levels_comparison,3,activity,0.11529722949985712,0.2616063840126334,182,-0.1448593013795042,0.3754537603792184,-0.3150069800769825,0.5456014390766968
TR_levels_comparison,3,price,-0.31200919735274646,0.279840995855194,182,-0.590299281726212,-0.03371911297928082,-0.7723066743548741,0.14828827964938124
TR_levels_comparison,3,policy,1.6964232325607342,0.14829955876095485,182,1.5489455672743746,1.8439008978470939,1.4524921654574747,1.9403542996639938
TR_levels_comparison,3,fx,-0.2539337555316492,0.5364375650898987,182,-0.7873983209851442,0.27953080992184576,-1.1362950301027854,0.628427519039487
TR_levels_comparison,4,brent,0.0,0.0,181,0.0,0.0,0.0,0.0
TR_levels_comparison,4,vix,0.0,0.0,181,0.0,0.0,0.0,0.0
TR_levels_comparison,4,fedfunds,0.0,0.0,181,0.0,0.0,0.0,0.0
TR_levels_comparison,4,activity,-0.1099512047826388,0.260871908938419,181,-0.36937733113442656,0.14947492156914893,-0.5390473103697514,0.3191449008044738
TR_levels_comparison,4,price,-0.3774960691084328,0.320890204477981,181,-0.6966078625963508,-0.05838427562051485,-0.9053134857972394,0.15032134758037374
TR_levels_comparison,4,policy,1.6474896963363193,0.18061453086799514,181,1.4678761522924102,1.8271032403802283,1.3504052301579588,1.9445741625146797
TR_levels_comparison,4,fx,-0.6586511025028868,0.599533174071328,181,-1.2548615937038843,-0.06244061130188938,-1.6447954183518387,0.3274932133460652
TR_levels_comparison,5,brent,0.0,0.0,180,0.0,0.0,0.0,0.0
TR_levels_comparison,5,vix,0.0,0.0,180,0.0,0.0,0.0,0.0
TR_levels_comparison,5,fedfunds,0.0,0.0,180,0.0,0.0,0.0,0.0
TR_levels_comparison,5,activity,0.29585087617475087,0.3789650010471376,180,-0.08101385657716759,0.6727156089266693,-0.32749108028530177,0.9191928326348036
TR_levels_comparison,5,price,-0.4060224098137476,0.40177688305498704,180,-0.8055725984592227,-0.006472221168272507,-1.0668865731320003,0.2548417535045052
TR_levels_comparison,5,policy,1.7451572271623346,0.21674731869365538,180,1.5296111474228522,1.960703306901817,1.388639613877069,2.1016748404476004
TR_levels_comparison,5,fx,-0.9638828120870717,0.5865090947768102,180,-1.547141404962087,-0.38062421921205636,-1.9286044238707327,0.0008387996965891764
TR_levels_comparison,6,brent,0.0,0.0,179,0.0,0.0,0.0,0.0
TR_levels_comparison,6,vix,0.0,0.0,179,0.0,0.0,0.0,0.0
TR_levels_comparison,6,fedfunds,0.0,0.0,179,0.0,0.0,0.0,0.0
TR_levels_comparison,6,activity,0.07617886767783057,0.3001649142142002,179,-0.22232249752546024,0.37468023288112134,-0.4175484801509741,0.5699062155066352
TR_levels_comparison,6,price,-0.45051542673580114,0.42447276942677964,179,-0.8726357185001381,-0.02839513497146412,-1.1487110010695756,0.2476801475979732
TR_levels_comparison,6,policy,1.5970891339112554,0.2484315575735619,179,1.350034413044149,1.8441438547783617,1.1884555853871788,2.0057226824353322
TR_levels_comparison,6,fx,-1.2351201660277151,0.5719759789390167,179,-1.8039261872902363,-0.666314144765194,-2.1759369295146755,-0.2943034025407547
TR_levels_comparison,7,brent,0.0,0.0,178,0.0,0.0,0.0,0.0
TR_levels_comparison,7,vix,0.0,0.0,178,0.0,0.0,0.0,0.0
TR_levels_comparison,7,fedfunds,0.0,0.0,178,0.0,0.0,0.0,0.0
TR_levels_comparison,7,activity,0.13822566205224943,0.28398368908329397,178,-0.14418415625961986,0.4206354803641187,-0.3288859389314658,0.6053372630359647
TR_levels_comparison,7,price,-0.5282954188564091,0.4639909261805326,178,-0.9897148531344345,-0.06687598457838362,-1.2914925766570309,0.23490173894421273
TR_levels_comparison,7,policy,1.4800712591918064,0.28352957083684105,178,1.1981130423500317,1.762029476033581,1.013706616252834,1.9464359021307787
TR_levels_comparison,7,fx,-1.3681477111343672,0.5953631911871071,178,-1.9602113299833015,-0.7760840922854328,-2.347433015511883,-0.38886240675685135
TR_levels_comparison,8,brent,0.0,0.0,177,0.0,0.0,0.0,0.0
TR_levels_comparison,8,vix,0.0,0.0,177,0.0,0.0,0.0,0.0
TR_levels_comparison,8,fedfunds,0.0,0.0,177,0.0,0.0,0.0,0.0
TR_levels_comparison,8,activity,0.78108457662655,0.6371426498521893,177,0.1474730457518887,1.4146961075012112,-0.2669218218682954,1.8290909751213953
TR_levels_comparison,8,price,-0.5912872581630612,0.48146999384892997,177,-1.070088889075081,-0.11248562725104122,-1.3832349238137764,0.20066040748765424
TR_levels_comparison,8,policy,1.284282013144424,0.33620652442157223,177,0.9499387845468389,1.6186252417420088,0.7312714920448522,1.8372925342439956
TR_levels_comparison,8,fx,-1.4176173253070954,0.5650975159898128,177,-1.9795830048654146,-0.8556516457487763,-2.3471200240642065,-0.4881146265499843
TR_levels_comparison,9,brent,0.0,0.0,176,0.0,0.0,0.0,0.0
TR_levels_comparison,9,vix,0.0,0.0,176,0.0,0.0,0.0,0.0
TR_levels_comparison,9,fedfunds,0.0,0.0,176,0.0,0.0,0.0,0.0
TR_levels_comparison,9,activity,0.1559877553616787,0.3776359969247327,176,-0.219555338763896,0.5315308494872534,-0.4651681838474028,0.7771436945707602
TR_levels_comparison,9,price,-0.586758493132371,0.484401103472962,176,-1.0684749891165617,-0.10504199714818047,-1.383527405079168,0.21001041881442573
TR_levels_comparison,9,policy,1.09009801391008,0.3323329919835243,176,0.7596068501813804,1.4205891776387796,0.5434588866903456,1.6367371411298144
TR_levels_comparison,9,fx,-1.590076366385847,0.6392059840190524,176,-2.2257397961884413,-0.9544129365832527,-2.6414766475686697,-0.5386760852030241
TR_levels_comparison,10,brent,0.0,0.0,175,0.0,0.0,0.0,0.0
TR_levels_comparison,10,vix,0.0,0.0,175,0.0,0.0,0.0,0.0
TR_levels_comparison,10,fedfunds,0.0,0.0,175,0.0,0.0,0.0,0.0
TR_levels_comparison,10,activity,0.18159537403927792,0.26241084547171367,175,-0.07936115987980416,0.44255190795835997,-0.2500320568862726,0.6132228049648284
TR_levels_comparison,10,price,-0.5597916475291972,0.5163519802665226,175,-1.0732819448162076,-0.046301350242186734,-1.409115075054162,0.2895317799957674
TR_levels_comparison,10,policy,0.8388083478515286,0.3406619887126986,175,0.5000343476662734,1.1775823480367837,0.27846924015294494,1.3991474555501122
TR_levels_comparison,10,fx,-1.6113030805790074,0.7310841465434755,175,-2.3383354733988413,-0.8842706877591735,-2.8138294906277643,-0.40877667053025024
TR_levels_comparison,11,brent,0.0,0.0,174,0.0,0.0,0.0,0.0
TR_levels_comparison,11,vix,0.0,0.0,174,0.0,0.0,0.0,0.0
TR_levels_comparison,11,fedfunds,0.0,0.0,174,0.0,0.0,0.0,0.0
TR_levels_comparison,11,activity,-0.049952546854674124,0.34951048665432266,174,-0.3975260055725426,0.2976209118631944,-0.6248461384856108,0.5249410447762626
TR_levels_comparison,11,price,-0.5167094598578086,0.5125197462989188,174,-1.0263887618654313,-0.007030157850185903,-1.3597294234418333,0.3263105037262163
TR_levels_comparison,11,policy,0.6346077002706071,0.29165795258291605,174,0.3445661501237097,0.9246492504175045,0.1548730591353572,1.114342341405857
TR_levels_comparison,11,fx,-1.3640369169884972,0.7004912104498355,174,-2.0606459233394787,-0.6674279106375157,-2.5162424251445357,-0.21183140883245843
TR_levels_comparison,12,brent,0.0,0.0,173,0.0,0.0,0.0,0.0
TR_levels_comparison,12,vix,0.0,0.0,173,0.0,0.0,0.0,0.0
TR_levels_comparison,12,fedfunds,0.0,0.0,173,0.0,0.0,0.0,0.0
TR_levels_comparison,12,activity,-0.03998433753363358,0.3101319465067728,173,-0.3483974965724793,0.2684288215052122,-0.5501059945788187,0.4701373195115515
TR_levels_comparison,12,price,-0.5007477044123756,0.5050219395983044,173,-1.0029707534397894,0.0014753446150381766,-1.3314348734507138,0.3299394646259627
TR_levels_comparison,12,policy,0.36827348538925636,0.25135176656054214,173,0.11831473967442752,0.6182322311040852,-0.04516337947851107,0.7817103502570237
TR_levels_comparison,12,fx,-1.3779735962916637,0.6838299221740569,173,-2.0580136531723667,-0.6979335394109606,-2.502773723997604,-0.2531734685857234
TR_levels_comparison,13,brent,0.0,0.0,172,0.0,0.0,0.0,0.0
TR_levels_comparison,13,vix,0.0,0.0,172,0.0,0.0,0.0,0.0
TR_levels_comparison,13,fedfunds,0.0,0.0,172,0.0,0.0,0.0,0.0
TR_levels_comparison,13,activity,-0.07420307865563763,0.2842196410317247,172,-0.3568475412426826,0.20844138393140732,-0.5417027860575154,0.39329662874624016
TR_levels_comparison,13,price,-0.4924866387428315,0.4582474613288363,172,-0.9481944391221494,-0.03677883836351359,-1.2462366375508722,0.26126336006520934
TR_levels_comparison,13,policy,0.20373334687107303,0.1910754023860488,172,0.013716906680791063,0.393749787061355,-0.11055772176483131,0.5180244155069773
TR_levels_comparison,13,fx,-1.034209622751872,0.5760874137650834,172,-1.6071042927884784,-0.4613149527152657,-1.981789094724463,-0.08663015077928116
TR_levels_comparison,14,brent,0.0,0.0,171,0.0,0.0,0.0,0.0
TR_levels_comparison,14,vix,0.0,0.0,171,0.0,0.0,0.0,0.0
TR_levels_comparison,14,fedfunds,0.0,0.0,171,0.0,0.0,0.0,0.0
TR_levels_comparison,14,activity,-0.26072093178165573,0.22496855065343016,171,-0.4844426804532321,-0.03699918311007938,-0.6307612682739663,0.10931940471065482
TR_levels_comparison,14,price,-0.5083906910061875,0.3823394870356671,171,-0.88861120795118,-0.12817017406119502,-1.13728318298357,0.1205018009711949
TR_levels_comparison,14,policy,-0.11319108618712148,0.1610555335417622,171,-0.27335403115227974,0.04697185877803681,-0.37810386467389345,0.1517216922996505
TR_levels_comparison,14,fx,-0.7878250948161364,0.567952736893249,171,-1.352630171310183,-0.22302001832208995,-1.7220242140320121,0.14637402439973934
TR_levels_comparison,15,brent,0.0,0.0,170,0.0,0.0,0.0,0.0
TR_levels_comparison,15,vix,0.0,0.0,170,0.0,0.0,0.0,0.0
TR_levels_comparison,15,fedfunds,0.0,0.0,170,0.0,0.0,0.0,0.0
TR_levels_comparison,15,activity,-0.2967028941812755,0.35031998022603383,170,-0.6450813601629397,0.051675571800388787,-0.8729279842496351,0.27952219588708416
TR_levels_comparison,15,price,-0.5227120622772387,0.3968461387728976,170,-0.9173588334012985,-0.12806529115317883,-1.1754658729795264,0.13004174842504912
TR_levels_comparison,15,policy,-0.3124649263923716,0.18588845137137264,170,-0.49732316225628603,-0.1276066905284572,-0.6182242198389662,-0.006705632945777029
TR_levels_comparison,15,fx,-0.4977719007624259,0.556655996693005,170,-1.0513428449097673,0.055799043384915425,-1.4133895358872017,0.41784573436235
TR_levels_comparison,16,brent,0.0,0.0,169,0.0,0.0,0.0,0.0
TR_levels_comparison,16,vix,0.0,0.0,169,0.0,0.0,0.0,0.0
TR_levels_comparison,16,fedfunds,0.0,0.0,169,0.0,0.0,0.0,0.0
TR_levels_comparison,16,activity,-0.42557244052911125,0.5005641262439996,169,-0.923362381924459,0.0722175008662364,-1.2489271591033484,0.397782278045126
TR_levels_comparison,16,price,-0.13923122310169603,0.48832669366543824,169,-0.6248515531990455,0.3463891069956534,-0.9424571563145124,0.6639947101111204
TR_levels_comparison,16,policy,-0.35228481056827465,0.16987666791608905,169,-0.5212200021508349,-0.1833496189857145,-0.6317070639244844,-0.07286255721206486
TR_levels_comparison,16,fx,0.24698817993711922,0.7462397058910685,169,-0.4951157783503818,0.9890921382246202,-0.9804669068730045,1.474443266747243
TR_levels_comparison,17,brent,0.0,0.0,168,0.0,0.0,0.0,0.0
TR_levels_comparison,17,vix,0.0,0.0,168,0.0,0.0,0.0,0.0
TR_levels_comparison,17,fedfunds,0.0,0.0,168,0.0,0.0,0.0,0.0
TR_levels_comparison,17,activity,-0.45938425718594206,0.4131727532825259,168,-0.8702671588152284,-0.048501355556655634,-1.1389929589802306,0.2202244446083464
TR_levels_comparison,17,price,0.060462822997818105,0.5554981114102652,168,-0.49195665300225,0.6128822989978863,-0.8532502603200494,0.9741759063156856
TR_levels_comparison,17,policy,-0.4257143608321793,0.26177161451025655,168,-0.6860352064824486,-0.16539351518190998,-0.8562903503923174,0.0048616287279587556
TR_levels_comparison,17,fx,0.11056991556715924,0.681661817310739,168,-0.5673140523405921,0.7884538834749105,-1.0106639969907414,1.23180382812506
TR_levels_comparison,18,brent,0.0,0.0,167,0.0,0.0,0.0,0.0
TR_levels_comparison,18,vix,0.0,0.0,167,0.0,0.0,0.0,0.0
TR_levels_comparison,18,fedfunds,0.0,0.0,167,0.0,0.0,0.0,0.0
TR_levels_comparison,18,activity,-0.1692355448519083,0.35919157289524284,167,-0.5264364361000934,0.18796534639627674,-0.7600531062990525,0.421582016595236
TR_levels_comparison,18,price,0.1037476375327709,0.5532329312842349,167,-0.4464192122340764,0.6539144872996182,-0.8062395560390972,1.013734831104639
TR_levels_comparison,18,policy,-0.6473073632873318,0.27110924773057904,167,-0.9169140919040721,-0.37770063467059156,-1.0932423927170598,-0.20137233385760378
TR_levels_comparison,18,fx,-0.15790788230462288,0.6835253920900426,167,-0.8376450968426035,0.5218293322333576,-1.2822071025973565,0.9663913379881106
TR_levels_comparison,19,brent,0.0,0.0,166,0.0,0.0,0.0,0.0
TR_levels_comparison,19,vix,0.0,0.0,166,0.0,0.0,0.0,0.0
TR_levels_comparison,19,fedfunds,0.0,0.0,166,0.0,0.0,0.0,0.0
TR_levels_comparison,19,activity,-1.0520960809659938,0.6433031842143525,166,-1.691834003801893,-0.4123581581300947,-2.1102356567504024,0.0060434948184147075
TR_levels_comparison,19,price,-0.22455961738792013,0.5226142884617532,166,-0.7442775164267668,0.29515828165092645,-1.0841836252608976,0.6350643904850575
TR_levels_comparison,19,policy,-0.6667192458455053,0.34357762341786696,166,-1.0083927219478752,-0.32504576974313554,-1.2318541458637509,-0.10158434582725984
TR_levels_comparison,19,fx,-0.39343620263871454,0.649739323232833,166,-1.0395745946589754,0.25270218938154637,-1.4621622850312348,0.6752898797538056
TR_levels_comparison,20,brent,0.0,0.0,165,0.0,0.0,0.0,0.0
TR_levels_comparison,20,vix,0.0,0.0,165,0.0,0.0,0.0,0.0
TR_levels_comparison,20,fedfunds,0.0,0.0,165,0.0,0.0,0.0,0.0
TR_levels_comparison,20,activity,-0.5897433347169602,0.553990380276815,165,-1.140663435605608,-0.03882323382831232,-1.5009764210115044,0.3214897515775842
TR_levels_comparison,20,price,-0.43140841232235844,0.5790587393457054,165,-1.007257940506197,0.14444111586148017,-1.383875279953089,0.5210584553083721
TR_levels_comparison,20,policy,-0.853754164727413,0.35236143159294225,165,-1.2041627681140887,-0.5033455613407372,-1.433337143480877,-0.27417118597394885
TR_levels_comparison,20,fx,-0.6010736115494801,0.6662093520730278,165,-1.2635907535865647,0.061443530487604425,-1.69689048061579,0.4947432575168298
TR_levels_comparison,21,brent,0.0,0.0,164,0.0,0.0,0.0,0.0
TR_levels_comparison,21,vix,0.0,0.0,164,0.0,0.0,0.0,0.0
TR_levels_comparison,21,fedfunds,0.0,0.0,164,0.0,0.0,0.0,0.0
TR_levels_comparison,21,activity,-0.09837484919711866,0.38408702877037193,164,-0.4803332227964264,0.2835835244021891,-0.7301417915350793,0.5333920931408419
TR_levels_comparison,21,price,-0.5241102623164838,0.6030345333884899,164,-1.123802707892383,0.07558218325941524,-1.51601380173753,0.4677932771045623
TR_levels_comparison,21,policy,-0.9631886914599769,0.35846426112684526,164,-1.3196663017865278,-0.606711081133426,-1.552809931506948,-0.37356745141300596
TR_levels_comparison,21,fx,-0.6747634688496675,0.7099560977693968,164,-1.3807849070092786,0.03125796930994362,-1.8425373312419737,0.49301039354263865
TR_levels_comparison,22,brent,0.0,0.0,163,0.0,0.0,0.0,0.0
TR_levels_comparison,22,vix,0.0,0.0,163,0.0,0.0,0.0,0.0
TR_levels_comparison,22,fedfunds,0.0,0.0,163,0.0,0.0,0.0,0.0
TR_levels_comparison,22,activity,-0.6142972909882572,0.25724110514408427,163,-0.870112735884381,-0.35848184609213357,-1.0374212557855091,-0.1911733261910053
TR_levels_comparison,22,price,-0.5942197334672188,0.6750895450180775,163,-1.2655678533829318,0.07712838644849418,-1.7046432201072226,0.516203753172785
TR_levels_comparison,22,policy,-1.1037622418252628,0.404618940114868,163,-1.5061387365184684,-0.7013857471320573,-1.7693011730064638,-0.43822331064406184
TR_levels_comparison,22,fx,-0.40366519545978513,0.7902579329005347,163,-1.1895434266017664,0.38221303568219606,-1.7035238226184026,0.8961934316988323
TR_levels_comparison,23,brent,0.0,0.0,162,0.0,0.0,0.0,0.0
TR_levels_comparison,23,vix,0.0,0.0,162,0.0,0.0,0.0,0.0
TR_levels_comparison,23,fedfunds,0.0,0.0,162,0.0,0.0,0.0,0.0
TR_levels_comparison,23,activity,-0.990485891226373,0.40657007516244564,162,-1.3948027075488492,-0.5861690749038969,-1.6592341539672542,-0.3217376284854917
TR_levels_comparison,23,price,-0.7368765225180387,0.6604551342481236,162,-1.3936713372774414,-0.0800817077586361,-1.823228545524786,0.3494755004887087
TR_levels_comparison,23,policy,-1.1547267324705799,0.42954544344792206,162,-1.5818915849041955,-0.7275618800369644,-1.8612661130663728,-0.44818735187478687
TR_levels_comparison,23,fx,-0.6505255017473471,0.692763883383701,162,-1.339450006781271,0.03839900328657664,-1.7900206879520142,0.48896968445732003
TR_levels_comparison,24,brent,0.0,0.0,161,0.0,0.0,0.0,0.0
TR_levels_comparison,24,vix,0.0,0.0,161,0.0,0.0,0.0,0.0
TR_levels_comparison,24,fedfunds,0.0,0.0,161,0.0,0.0,0.0,0.0
TR_levels_comparison,24,activity,-0.438153554872745,0.2197234726315485,161,-0.6566592943574109,-0.21964781538807907,-0.79956650575712,-0.07674060398836996
TR_levels_comparison,24,price,-0.7572398121028586,0.6440609362830148,161,-1.3977312874569574,-0.11674833674875984,-1.8166257791257365,0.30214615492001917
TR_levels_comparison,24,policy,-1.2841083282028776,0.4553861071308584,161,-1.7369706323433611,-0.831246024062394,-2.0331518181803814,-0.5350648382253735
TR_levels_comparison,24,fx,-1.0216254189361866,0.6577583745861634,161,-1.6757384197906307,-0.3675124180817425,-2.1035416670319425,0.06029082915956918
TR_levels_comparison,25,brent,0.0,0.0,160,0.0,0.0,0.0,0.0
TR_levels_comparison,25,vix,0.0,0.0,160,0.0,0.0,0.0,0.0
TR_levels_comparison,25,fedfunds,0.0,0.0,160,0.0,0.0,0.0,0.0
TR_levels_comparison,25,activity,-0.635639187475469,0.1687653008855565,160,-0.8034691713533766,-0.46780920359756134,-0.9132334047406331,-0.3580449702103049
TR_levels_comparison,25,price,-0.9817575036948681,0.6191287288116085,160,-1.5974549487832057,-0.36606005860653046,-2.000133638830497,0.036618631440760496
TR_levels_comparison,25,policy,-1.3546511844819769,0.4692710798765554,160,-1.8213215092275714,-0.8879808597363824,-2.126533422240363,-0.5827689467235908
TR_levels_comparison,25,fx,-1.5293839455154874,0.5327169756012485,160,-2.059148541421807,-0.9996193496091679,-2.40562539497182,-0.653142496059155
TR_levels_comparison,26,brent,0.0,0.0,159,0.0,0.0,0.0,0.0
TR_levels_comparison,26,vix,0.0,0.0,159,0.0,0.0,0.0,0.0
TR_levels_comparison,26,fedfunds,0.0,0.0,159,0.0,0.0,0.0,0.0
TR_levels_comparison,26,activity,-0.4205141428783927,0.20957483166744598,159,-0.6289274863524414,-0.21210079940434398,-0.7652340648643354,-0.07579422089245003
TR_levels_comparison,26,price,-1.1611568901715361,0.5581610791628567,159,-1.7162245754459022,-0.60608920489717,-2.0792501656557087,-0.2430636146873636
TR_levels_comparison,26,policy,-1.409747255283093,0.463285247602991,159,-1.8704649219366698,-0.949029588629516,-2.1717836751159836,-0.6477108354502025
TR_levels_comparison,26,fx,-1.9171765679897013,0.4428155627303242,159,-2.357537995154835,-1.4768151408245673,-2.6455433524172323,-1.1888097835621705
TR_levels_comparison,27,brent,0.0,0.0,158,0.0,0.0,0.0,0.0
TR_levels_comparison,27,vix,0.0,0.0,158,0.0,0.0,0.0,0.0
TR_levels_comparison,27,fedfunds,0.0,0.0,158,0.0,0.0,0.0,0.0
TR_levels_comparison,27,activity,-0.7141758851761354,0.17940892854077295,158,-0.8925905084817224,-0.5357612618705484,-1.0092773119939031,-0.41907445835836754
TR_levels_comparison,27,price,-1.4259111799141289,0.5510788246548632,158,-1.973935861362123,-0.8778864984661346,-2.332355183383835,-0.5194671764444228
TR_levels_comparison,27,policy,-1.5309469467935493,0.46617779175066243,158,-1.9945411267773103,-1.0673527668097882,-2.297741178358854,-0.7641527152282441
TR_levels_comparison,27,fx,-2.0822672739904906,0.46111021896567456,158,-2.540821966269481,-1.6237125817115,-2.840726090080568,-1.3238084579004132
TR_levels_comparison,28,brent,0.0,0.0,157,0.0,0.0,0.0,0.0
TR_levels_comparison,28,vix,0.0,0.0,157,0.0,0.0,0.0,0.0
TR_levels_comparison,28,fedfunds,0.0,0.0,157,0.0,0.0,0.0,0.0
TR_levels_comparison,28,activity,-0.4940305032555128,0.2196559506458104,157,-0.7124690949691714,-0.27559191154185414,-0.8553323903567476,-0.13272861615427806
TR_levels_comparison,28,price,-1.649125211196267,0.49265392776725303,157,-2.1390487933586604,-1.1592016290338738,-2.4594688111161216,-0.8387816112764125
TR_levels_comparison,28,policy,-1.3679576851144426,0.4629079388292939,157,-1.8283001340836122,-0.907615236145273,-2.129373487242437,-0.6065418829864484
TR_levels_comparison,28,fx,-2.8096410685580113,0.5509357318883313,157,-3.3575234502762976,-2.261758686839725,-3.715849705371697,-1.9034324317443256
TR_levels_comparison,29,brent,0.0,0.0,156,0.0,0.0,0.0,0.0
TR_levels_comparison,29,vix,0.0,0.0,156,0.0,0.0,0.0,0.0
TR_levels_comparison,29,fedfunds,0.0,0.0,156,0.0,0.0,0.0,0.0
TR_levels_comparison,29,activity,-0.07836439240133505,0.24760603941005602,156,-0.3245981702230102,0.16786938542034005,-0.4856400843800548,0.32891129957738474
TR_levels_comparison,29,price,-1.7628848313914007,0.49851635942013167,156,-2.2586383549257776,-1.2671313078570239,-2.582871273278248,-0.9428983895045535
TR_levels_comparison,29,policy,-1.3318055975829746,0.4836674874533502,156,-1.8127925433332133,-0.8508186518327359,-2.127367818559123,-0.536243376606826
TR_levels_comparison,29,fx,-2.7206257920021497,0.5082030312072032,156,-3.2260123026572454,-2.215239281347054,-3.55654539111105,-1.8847061928932494
TR_levels_comparison,30,brent,0.0,0.0,155,0.0,0.0,0.0,0.0
TR_levels_comparison,30,vix,0.0,0.0,155,0.0,0.0,0.0,0.0
TR_levels_comparison,30,fedfunds,0.0,0.0,155,0.0,0.0,0.0,0.0
TR_levels_comparison,30,activity,-0.2589791049880249,0.3139065214549753,155,-0.5711459198398767,0.05318770986382687,-0.775309385326961,0.25735117535091123
TR_levels_comparison,30,price,-1.8470511225459674,0.5127891092464564,155,-2.3569982946602135,-1.3371039504317213,-2.6905141487512156,-1.003588096340719
TR_levels_comparison,30,policy,-0.9430216753673321,0.39511540481944574,155,-1.3359473044676429,-0.5500960462670212,-1.5929286820489965,-0.2931146686856676
TR_levels_comparison,30,fx,-2.61599211562129,0.5028819486097954,155,-3.1160870337401834,-2.115897197502397,-3.4431593127205358,-1.7888249185220446
TR_levels_comparison,31,brent,0.0,0.0,154,0.0,0.0,0.0,0.0
TR_levels_comparison,31,vix,0.0,0.0,154,0.0,0.0,0.0,0.0
TR_levels_comparison,31,fedfunds,0.0,0.0,154,0.0,0.0,0.0,0.0
TR_levels_comparison,31,activity,0.228683004155576,0.41946514436705423,154,-0.1884574153919584,0.6458234237031104,-0.461275759936296,0.9186417682474479
TR_levels_comparison,31,price,-1.9953158486456948,0.5588942444023295,154,-2.55111263587215,-1.4395190614192397,-2.914615073633169,-1.0760166236582207
TR_levels_comparison,31,policy,-1.0826875464089918,0.47658818338418957,154,-1.5566344224200148,-0.6087406703979688,-1.8666053484106893,-0.2987697444072943
TR_levels_comparison,31,fx,-2.845709217234923,0.5893231757468986,154,-3.4317662951146337,-2.2596521393552127,-3.8150595803087692,-1.8763588541610772
TR_levels_comparison,32,brent,0.0,0.0,153,0.0,0.0,0.0,0.0
TR_levels_comparison,32,vix,0.0,0.0,153,0.0,0.0,0.0,0.0
TR_levels_comparison,32,fedfunds,0.0,0.0,153,0.0,0.0,0.0,0.0
TR_levels_comparison,32,activity,-0.20443740169395297,0.32987478323104535,153,-0.5324839803501746,0.1236091769622687,-0.7470331353313685,0.33815833194346256
TR_levels_comparison,32,price,-2.1381342826118495,0.5983195114785422,153,-2.7331378374798945,-1.5431307277438044,-3.1222823011431626,-1.1539862640805363
TR_levels_comparison,32,policy,-0.7215500944696903,0.3845894013447527,153,-1.1040080564358994,-0.3390921325034812,-1.3541433661587021,-0.08895682278067851
TR_levels_comparison,32,fx,-2.8586722155574726,0.8490380052142765,153,-3.7030047529874937,-2.0143396781274516,-4.255215457853819,-1.4621289732611271
TR_levels_comparison,33,brent,0.0,0.0,152,0.0,0.0,0.0,0.0
TR_levels_comparison,33,vix,0.0,0.0,152,0.0,0.0,0.0,0.0
TR_levels_comparison,33,fedfunds,0.0,0.0,152,0.0,0.0,0.0,0.0
TR_levels_comparison,33,activity,0.2638640688402504,0.24968753355168177,152,0.015560332760580609,0.5121678049199201,-0.14683537632680072,0.6745635140073014
TR_levels_comparison,33,price,-1.6684187326858098,0.738882767197074,152,-2.4032065252927772,-0.9336309400788425,-2.883772732201857,-0.45306473316976237
TR_levels_comparison,33,policy,-0.43297671116212033,0.3230158724779152,152,-0.7542023919496595,-0.11175103037458112,-0.9642905405703133,0.09833711824607261
TR_levels_comparison,33,fx,-1.9602452041869651,1.0339556594763266,152,-2.9884705606425377,-0.9320198477313926,-3.660950920783602,-0.2595394875903283
TR_levels_comparison,34,brent,0.0,0.0,151,0.0,0.0,0.0,0.0
TR_levels_comparison,34,vix,0.0,0.0,151,0.0,0.0,0.0,0.0
TR_levels_comparison,34,fedfunds,0.0,0.0,151,0.0,0.0,0.0,0.0
TR_levels_comparison,34,activity,0.0036784942216686266,0.3324515984651881,151,-0.32693061865772133,0.33428760710105854,-0.5431557232996105,0.5505127117429478
TR_levels_comparison,34,price,-1.723506351312424,0.7774456109961554,151,-2.496643267934374,-0.9503694346904739,-3.0022905843169534,-0.44472211830789465
TR_levels_comparison,34,policy,-0.2808939378149361,0.3390831060728534,151,-0.6180978057123342,0.05630993008246199,-0.8386360146768397,0.2768481390469675
TR_levels_comparison,34,fx,-1.943185535232262,1.051010485997359,151,-2.98837119836845,-0.897999872096074,-3.671943945089047,-0.2144271253754768
TR_levels_comparison,35,brent,0.0,0.0,150,0.0,0.0,0.0,0.0
TR_levels_comparison,35,vix,0.0,0.0,150,0.0,0.0,0.0,0.0
TR_levels_comparison,35,fedfunds,0.0,0.0,150,0.0,0.0,0.0,0.0
TR_levels_comparison,35,activity,0.7416201202233459,0.38104647037344025,150,0.3626854538912265,1.1205547865554653,0.11485445139253614,1.3683857890541558
TR_levels_comparison,35,price,-1.7672556064555998,1.269575309552984,150,-3.029794781369028,-0.5047164315421717,-3.8555211590618637,0.3210099461506639
TR_levels_comparison,35,policy,0.4193929432556192,0.3841847863999074,150,0.037337353810976026,0.8014485327002624,-0.212534796073845,1.0513206825850834
TR_levels_comparison,35,fx,-1.0443521114517353,1.760859687789138,150,-2.795452909199909,0.7067486862964383,-3.9407085554643357,1.852004332560865
TR_levels_comparison,36,brent,0.0,0.0,149,0.0,0.0,0.0,0.0
TR_levels_comparison,36,vix,0.0,0.0,149,0.0,0.0,0.0,0.0
TR_levels_comparison,36,fedfunds,0.0,0.0,149,0.0,0.0,0.0,0.0
TR_levels_comparison,36,activity,0.26578954912903596,0.607006003526355,149,-0.33785235623339527,0.8694314544914672,-0.7326464773526071,1.264225575610679
TR_levels_comparison,36,price,-1.0184605378167186,1.085784698986557,149,-2.098227691192429,0.061306615558992084,-2.804417438033169,0.7674963623997317
TR_levels_comparison,36,policy,0.44127231206334255,0.4449577682371774,149,-0.0012194482555369923,0.8837640723822221,-0.2906180868618112,1.1731627109884963
TR_levels_comparison,36,fx,-0.17735266609603711,1.246280491220913,149,-1.416726125281198,1.0620207930891237,-2.2273016522796176,1.8725963200875435
TR_regime_1,0,brent,0.0,0.0,88,0.0,0.0,0.0,0.0
TR_regime_1,0,vix,0.0,0.0,88,0.0,0.0,0.0,0.0
TR_regime_1,0,fedfunds,0.0,0.0,88,0.0,0.0,0.0,0.0
TR_regime_1,0,activity,-8.240747027643074e-15,3.2870914114682463e-13,88,-3.351281437242104e-13,3.186466496689242e-13,-5.489191700551009e-13,5.324376759998148e-13
TR_regime_1,0,price,2.5620171024374925e-18,2.139411736826775e-15,88,-2.124992850016419e-15,2.1301168842212943e-15,-3.516457137759631e-15,3.5215811719645063e-15
TR_regime_1,0,policy,1.0000000000000004,5.286178955620945e-14,88,0.9999999999999479,1.000000000000053,0.9999999999999135,1.0000000000000875
TR_regime_1,0,fx,1.3821912972953552,0.5524607806694829,88,0.8327923187943733,1.931590275796337,0.47347417846271456,2.290908416127996
TR_regime_1,1,brent,0.0,0.0,87,0.0,0.0,0.0,0.0
TR_regime_1,1,vix,0.0,0.0,87,0.0,0.0,0.0,0.0
TR_regime_1,1,fedfunds,0.0,0.0,87,0.0,0.0,0.0,0.0
TR_regime_1,1,activity,0.22539995469245142,0.40201981006428533,87,-0.17439181463246492,0.6251917240173678,-0.4358637879981302,0.8866636973830331
TR_regime_1,1,price,-0.08013278782874418,0.1468676883286236,87,-0.226186518275937,0.06592094261844865,-0.32170863765805907,0.16144306200057074
TR_regime_1,1,policy,1.07542759456709,0.15089188153221272,87,0.9253719734650288,1.225483215669151,0.827232535951298,1.3236226531828819
TR_regime_1,1,fx,0.6818564791848348,0.8176713611813211,87,-0.13128325181677958,1.4949962101864491,-0.6630932249086082,2.026806183278278
TR_regime_1,2,brent,0.0,0.0,86,0.0,0.0,0.0,0.0
TR_regime_1,2,vix,0.0,0.0,86,0.0,0.0,0.0,0.0
TR_regime_1,2,fedfunds,0.0,0.0,86,0.0,0.0,0.0,0.0
TR_regime_1,2,activity,-0.7318974626102309,0.47006155012782214,86,-1.1993538767286402,-0.2644410484918215,-1.5050799082284103,0.04128498300794847
TR_regime_1,2,price,-0.23404792715709047,0.15026264102946474,86,-0.383477795080759,-0.08461805923342192,-0.48120797724971265,0.013112122935531684
TR_regime_1,2,policy,0.9582363083098969,0.21255718441493607,86,0.7468571406355944,1.1696154759841995,0.6086108525903964,1.3078617640293975
TR_regime_1,2,fx,-0.8781701340025417,1.1153716918521068,86,-1.9873603056738691,0.23102003766878576,-2.712793306744479,0.9564530387393958
TR_regime_1,3,brent,0.0,0.0,85,0.0,0.0,0.0,0.0
TR_regime_1,3,vix,0.0,0.0,85,0.0,0.0,0.0,0.0
TR_regime_1,3,fedfunds,0.0,0.0,85,0.0,0.0,0.0,0.0
TR_regime_1,3,activity,-0.0888790888803037,0.6633839045056388,85,-0.7485864423104025,0.5708282645497951,-1.1800485102676326,1.0022903325070252
TR_regime_1,3,price,0.05321605910478611,0.1465001903534649,85,-0.09247221008394654,0.19890432829351876,-0.18775531034719167,0.2941874285567639
TR_regime_1,3,policy,0.6458682203485743,0.29326648318888965,85,0.3542270542601823,0.9375093864369662,0.16348778181202628,1.1282486588851222
TR_regime_1,3,fx,-1.3273315550083378,1.468064082319744,85,-2.7872594547282996,0.13259634471162407,-3.7420820854091525,1.0874189753924772
TR_regime_1,4,brent,0.0,0.0,84,0.0,0.0,0.0,0.0
TR_regime_1,4,vix,0.0,0.0,84,0.0,0.0,0.0,0.0
TR_regime_1,4,fedfunds,0.0,0.0,84,0.0,0.0,0.0,0.0
TR_regime_1,4,activity,-0.2613279114197502,0.42521364969719627,84,-0.6841849774095177,0.1615291545700172,-0.9607421253534562,0.43808630251395575
TR_regime_1,4,price,0.18576432860981215,0.11203934603219289,84,0.07434591771843252,0.2971827395011918,0.0014760039274886727,0.37005265329213566
TR_regime_1,4,policy,0.4046333960280883,0.3448258994265848,84,0.0617185620084274,0.7475482300477492,-0.16255473531053327,0.9718215273667099
TR_regime_1,4,fx,-0.5898365649232495,1.5205384835905669,84,-2.101948046653693,0.922274916807194,-3.090899804576485,1.9112266747299858
TR_regime_1,5,brent,0.0,0.0,83,0.0,0.0,0.0,0.0
TR_regime_1,5,vix,0.0,0.0,83,0.0,0.0,0.0,0.0
TR_regime_1,5,fedfunds,0.0,0.0,83,0.0,0.0,0.0,0.0
TR_regime_1,5,activity,0.6452789399670121,0.5249780485896783,83,0.12321038103493354,1.1673474988990908,-0.2182331073256264,1.5087909872596508
TR_regime_1,5,price,0.19587353501308702,0.1452404494009401,83,0.051438025145394806,0.34030904488077923,-0.04302574496411107,0.4347728149902851
TR_regime_1,5,policy,0.380966371193861,0.41726458068098027,83,-0.03398568044855205,0.7959184228362741,-0.30537278773763443,1.0673055301253564
TR_regime_1,5,fx,0.7923735750268213,1.7268832343209022,83,-0.9249390707263558,2.509686220779998,-2.0480965762676036,3.632843726321246
TR_regime_1,6,brent,0.0,0.0,82,0.0,0.0,0.0,0.0
TR_regime_1,6,vix,0.0,0.0,82,0.0,0.0,0.0,0.0
TR_regime_1,6,fedfunds,0.0,0.0,82,0.0,0.0,0.0,0.0
TR_regime_1,6,activity,-0.38623354389890874,0.6121645487742987,82,-0.9950054052490517,0.2225383174512342,-1.393154622241425,0.6206875344436077
TR_regime_1,6,price,-0.02357180090046376,0.12838492659430958,82,-0.15124520323748045,0.10410160143655292,-0.23474621305501236,0.18760261125408484
TR_regime_1,6,policy,0.559546804753795,0.4563729524657519,82,0.105703124490518,1.013390485017072,-0.1911199013520487,1.3102135108596387
TR_regime_1,6,fx,1.0618882394267708,1.496327610972065,82,-0.42614654916881634,2.549923028022358,-1.3993516585882613,3.5231281374418026
TR_regime_1,7,brent,0.0,0.0,81,0.0,0.0,0.0,0.0
TR_regime_1,7,vix,0.0,0.0,81,0.0,0.0,0.0,0.0
TR_regime_1,7,fedfunds,0.0,0.0,81,0.0,0.0,0.0,0.0
TR_regime_1,7,activity,-0.7829151124764812,0.3894377232802893,81,-1.1701945264118234,-0.39563569854113895,-1.4234831640857886,-0.14234706086717364
TR_regime_1,7,price,-0.027022936761633656,0.11454462988558804,81,-0.1409327469307002,0.0868868734074329,-0.21543208667675712,0.16138621315348983
TR_regime_1,7,policy,0.4505568017453823,0.46186063511500997,81,-0.008744147789002843,0.9098577512797674,-0.30913633906965216,1.2102499425604167
TR_regime_1,7,fx,0.2938034956660757,1.3976526576168955,81,-1.0961032076901085,1.68371019902226,-2.0051305474334384,2.59273753876559
TR_regime_1,8,brent,0.0,0.0,80,0.0,0.0,0.0,0.0
TR_regime_1,8,vix,0.0,0.0,80,0.0,0.0,0.0,0.0
TR_regime_1,8,fedfunds,0.0,0.0,80,0.0,0.0,0.0,0.0
TR_regime_1,8,activity,-1.4124007620886418,0.2922759737106454,80,-1.7030569082179998,-1.1217446159592839,-1.8931519575173699,-0.9316495666599137
TR_regime_1,8,price,0.08669653570601979,0.10181266809308678,80,-0.014551874689768499,0.18794494610180806,-0.0807704006765004,0.25416347208853995
TR_regime_1,8,policy,0.3470638069418124,0.46021014035194385,80,-0.11059579506424527,0.8047234089478701,-0.4099145115759284,1.1040421254595532
TR_regime_1,8,fx,-0.7890136282868835,1.2109902820793088,80,-1.9932924607910554,0.4152652042172883,-2.780915385968021,1.2028881293942537
TR_regime_1,9,brent,0.0,0.0,79,0.0,0.0,0.0,0.0
TR_regime_1,9,vix,0.0,0.0,79,0.0,0.0,0.0,0.0
TR_regime_1,9,fedfunds,0.0,0.0,79,0.0,0.0,0.0,0.0
TR_regime_1,9,activity,-1.2909413394263223,0.5536913484439879,79,-1.8415640657514847,-0.74031861310116,-2.201682562126067,-0.3802001167265775
TR_regime_1,9,price,0.1853015275964649,0.15020254002137032,79,0.035931427594084686,0.3346716275988451,-0.06175966513500969,0.4323627203279395
TR_regime_1,9,policy,0.06060227070643932,0.3916718813584127,79,-0.32889891934202947,0.4501034607549081,-0.5836406439208525,0.7048451853337311
TR_regime_1,9,fx,-2.0690552064911274,1.0946932562091196,79,-3.1576815448248405,-0.980428868157414,-3.8696653793660145,-0.26844503361624006
TR_regime_1,10,brent,0.0,0.0,78,0.0,0.0,0.0,0.0
TR_regime_1,10,vix,0.0,0.0,78,0.0,0.0,0.0,0.0
TR_regime_1,10,fedfunds,0.0,0.0,78,0.0,0.0,0.0,0.0
TR_regime_1,10,activity,-1.3928762004031692,0.5770698891897607,78,-1.9667479008709057,-0.8190044999354328,-2.342071700641431,-0.44368070016490735
TR_regime_1,10,price,-0.07092754797373307,0.11576949177598182,78,-0.18605543170554492,0.044200335758078774,-0.2613514164117854,0.11949632046431924
TR_regime_1,10,policy,0.13501504496702946,0.3215493328553136,78,-0.18475222393177418,0.4547823138658331,-0.39388654142385926,0.6639166313579181
TR_regime_1,10,fx,-1.6593153197893928,0.8777143663868686,78,-2.532165290649268,-0.7864653489295175,-3.1030269787682467,-0.21560366081053894
TR_regime_1,11,brent,0.0,0.0,77,0.0,0.0,0.0,0.0
TR_regime_1,11,vix,0.0,0.0,77,0.0,0.0,0.0,0.0
TR_regime_1,11,fedfunds,0.0,0.0,77,0.0,0.0,0.0,0.0
TR_regime_1,11,activity,-1.1405843832545477,0.5175686701034632,77,-1.6552846273413249,-0.6258841391677705,-1.9919090874706789,-0.28925967903841643
TR_regime_1,11,price,-0.12831912121044106,0.07659168375688444,77,-0.20448632491078322,-0.0521519175100989,-0.25430123003227256,-0.0023370123886095606
TR_regime_1,11,policy,0.08744744666189788,0.2714764351242174,77,-0.1825244343530613,0.357419327676857,-0.359091552284027,0.5339864456078228
TR_regime_1,11,fx,-1.3919395363130411,0.7441600098213554,77,-2.1319753244493356,-0.6519037481767467,-2.615973827499941,-0.16790524512614158
TR_regime_1,12,brent,0.0,0.0,76,0.0,0.0,0.0,0.0
TR_regime_1,12,vix,0.0,0.0,76,0.0,0.0,0.0,0.0
TR_regime_1,12,fedfunds,0.0,0.0,76,0.0,0.0,0.0,0.0
TR_regime_1,12,activity,-1.2647112358357895,0.4694440562396637,76,-1.731553578289286,-0.797868893382293,-2.036877994392411,-0.49254447727916795
TR_regime_1,12,price,-0.1051034316525731,0.07933915273136226,76,-0.18400287753345895,-0.026203985771687255,-0.2356047247820111,0.025397861476864902
TR_regime_1,12,policy,-0.1837895801903378,0.21054564334109138,76,-0.3931683549863553,0.025589194605679655,-0.530106345278763,0.16252718489808737
TR_regime_1,12,fx,-0.6844625749694827,1.0609931204911012,76,-1.7395755476731742,0.3706503977342087,-2.4296409573798305,1.0607158074408654
TR_regime_1,13,brent,0.0,0.0,75,0.0,0.0,0.0,0.0
TR_regime_1,13,vix,0.0,0.0,75,0.0,0.0,0.0,0.0
TR_regime_1,13,fedfunds,0.0,0.0,75,0.0,0.0,0.0,0.0
TR_regime_1,13,activity,-0.36933205453940177,0.63711103573909,75,-1.0029121465100708,0.26424803743126724,-1.4172864524456528,0.6786223433668493
TR_regime_1,13,price,-0.1608281215363554,0.09759681493989401,75,-0.25788404352949645,-0.06377219954321435,-0.32136059656915167,-0.0002956465035591216
TR_regime_1,13,policy,-0.2293812768341436,0.23841927957405792,75,-0.46647920891575567,0.007716655247468451,-0.6215460935766898,0.16278353990840255
TR_regime_1,13,fx,-0.3238430456050128,1.4250363181912287,75,-1.7409816460904828,1.0932955548804573,-2.667819202119427,2.0201331109094016
TR_regime_1,14,brent,0.0,0.0,74,0.0,0.0,0.0,0.0
TR_regime_1,14,vix,0.0,0.0,74,0.0,0.0,0.0,0.0
TR_regime_1,14,fedfunds,0.0,0.0,74,0.0,0.0,0.0,0.0
TR_regime_1,14,activity,0.07930069461406072,0.6416233360860616,74,-0.5587666900080643,0.7173680792361858,-0.976075776883801,1.1346771661119224
TR_regime_1,14,price,0.13076323048930572,0.11392629925532641,74,0.017468324089932902,0.24405813688867853,-0.0566288560459767,0.3181553170245881
TR_regime_1,14,policy,-0.2411393864248893,0.2932648545019533,74,-0.5327789328527182,0.0505001600029395,-0.7235171460098229,0.24123837316004426
TR_regime_1,14,fx,0.6947614151870006,1.2745044042123628,74,-0.5726795367675336,1.962202367141535,-1.4016117766473295,2.7911346070213305
TR_regime_1,15,brent,0.0,0.0,73,0.0,0.0,0.0,0.0
TR_regime_1,15,vix,0.0,0.0,73,0.0,0.0,0.0,0.0
TR_regime_1,15,fedfunds,0.0,0.0,73,0.0,0.0,0.0,0.0
TR_regime_1,15,activity,0.09431686594224958,0.6662060122899804,73,-0.5681969548212553,0.7568306867057546,-1.0014945096698018,1.1901282415543009
TR_regime_1,15,price,0.006477677376200807,0.09325691837396682,73,-0.08626240026463901,0.09921775501704062,-0.1469163030495359,0.15987165780193752
TR_regime_1,15,policy,0.009152396494135438,0.13691496281999874,73,-0.1270037676115826,0.14530856059985348,-0.21605267668426542,0.2343574696725363
TR_regime_1,15,fx,0.9859080057187362,0.9527540861976133,73,0.038434193939214656,1.9333818174982578,-0.5812330085562434,2.5530490199937157
TR_regime_1,16,brent,0.0,0.0,72,0.0,0.0,0.0,0.0
TR_regime_1,16,vix,0.0,0.0,72,0.0,0.0,0.0,0.0
TR_regime_1,16,fedfunds,0.0,0.0,72,0.0,0.0,0.0,0.0
TR_regime_1,16,activity,-0.3975505962204365,0.6437188261314075,72,-1.0377018574373433,0.24260066499647043,-1.456373842119626,0.6612726496787531
TR_regime_1,16,price,-0.3305347742046172,0.06970072318109899,72,-0.3998492078374819,-0.2612203405717525,-0.4451822615301884,-0.21588728687904596
TR_regime_1,16,policy,0.005016100125682606,0.13277762804508497,72,-0.1270256587976446,0.1370578590490098,-0.2133836629422889,0.22341586319365409
TR_regime_1,16,fx,0.9110217420695605,0.7838777429872757,72,0.13148834108319507,1.690555143055926,-0.3783424065695937,2.2003858907087146
TR_regime_1,17,brent,0.0,0.0,71,0.0,0.0,0.0,0.0
TR_regime_1,17,vix,0.0,0.0,71,0.0,0.0,0.0,0.0
TR_regime_1,17,fedfunds,0.0,0.0,71,0.0,0.0,0.0,0.0
TR_regime_1,17,activity,-0.9319087388109316,0.32475543560479087,71,-1.2548643418633334,-0.6089531357585298,-1.466083894937677,-0.3977335826841861
TR_regime_1,17,price,-0.0637222767571162,0.14968561870862399,71,-0.21257832028503668,0.08513376677080428,-0.3099332095924715,0.18248865607823908
TR_regime_1,17,policy,-0.10275556692010637,0.13967320020732907,71,-0.24165468193941894,0.036143548099206196,-0.3324975368690507,0.12698640302883793
TR_regime_1,17,fx,-0.03311955880194147,0.9170629159148261,71,-0.9451000049327637,0.8788608873288807,-1.541553822187136,1.475314704583253
TR_regime_1,18,brent,0.0,0.0,70,0.0,0.0,0.0,0.0
TR_regime_1,18,vix,0.0,0.0,70,0.0,0.0,0.0,0.0
TR_regime_1,18,fedfunds,0.0,0.0,70,0.0,0.0,0.0,0.0
TR_regime_1,18,activity,0.42157103933756374,0.5556237624383193,70,-0.13097339131788627,0.9741154699930137,-0.49234872152952885,1.3354908002046564
TR_regime_1,18,price,0.06410949602665125,0.08881986466917528,70,-0.024218118579233575,0.15243711063253607,-0.08198618051978063,0.21020517257308313
TR_regime_1,18,policy,-0.3803697690576703,0.20111478243763234,70,-0.5803699498827882,-0.1803695882325523,-0.711174148383766,-0.04956538973157454
TR_regime_1,18,fx,0.40754338423887926,0.32898266247306224,70,0.08038398210320896,0.7347027863745496,-0.13358494133408905,0.9486717098118476
TR_regime_1,19,brent,0.0,0.0,69,0.0,0.0,0.0,0.0
TR_regime_1,19,vix,0.0,0.0,69,0.0,0.0,0.0,0.0
TR_regime_1,19,fedfunds,0.0,0.0,69,0.0,0.0,0.0,0.0
TR_regime_1,19,activity,-0.41416117083917875,0.507863778124734,69,-0.9192103085920096,0.09088796691365214,-1.2495227482849252,0.4212004066065677
TR_regime_1,19,price,0.19998572478807045,0.1301413144983049,69,0.07056566865395134,0.32940578092218953,-0.014077688380698561,0.41404913795683945
TR_regime_1,19,policy,-0.2815979290288212,0.22868795269618683,69,-0.5090184663826434,-0.05417739167499899,-0.6577561374612508,0.0945602794036084
TR_regime_1,19,fx,1.564795314212181,0.9362715983408219,69,0.6337126424167548,2.4958779860076072,0.024765579869628462,3.1048250485547335
TR_regime_1,20,brent,0.0,0.0,68,0.0,0.0,0.0,0.0
TR_regime_1,20,vix,0.0,0.0,68,0.0,0.0,0.0,0.0
TR_regime_1,20,fedfunds,0.0,0.0,68,0.0,0.0,0.0,0.0
TR_regime_1,20,activity,0.089223898344005,0.38342318473211634,68,-0.29207431031823766,0.4705221070062477,-0.5414511177199008,0.7198989144079109
TR_regime_1,20,price,0.2352819291284572,0.06646140897399701,68,0.16918885704503842,0.301375001211876,0.1259626395252731,0.3446012187316413
TR_regime_1,20,policy,-0.07300758701941043,0.21327099986941597,68,-0.28509661409957743,0.1390814400607566,-0.42380716467818624,0.2777919906393653
TR_regime_1,20,fx,1.8689649954615235,0.8690518503298154,68,1.0047295319830158,2.733200458940031,0.43950190743763895,3.2984280834854083
TR_regime_1,21,brent,0.0,0.0,67,0.0,0.0,0.0,0.0
TR_regime_1,21,vix,0.0,0.0,67,0.0,0.0,0.0,0.0
TR_regime_1,21,fedfunds,0.0,0.0,67,0.0,0.0,0.0,0.0
TR_regime_1,21,activity,0.305734590046702,0.5454643782996366,67,-0.23670676096347876,0.8481759410568828,-0.591474470972285,1.202943651065689
TR_regime_1,21,price,0.08307483270904309,0.09164434383253121,67,-0.008061607466802734,0.1742112728848889,-0.06766669863348365,0.23381636405156983
TR_regime_1,21,policy,0.06520747468011037,0.18196402481405022,67,-0.11574808425679706,0.2461630336170178,-0.23409671150996778,0.3645116608701885
TR_regime_1,21,fx,0.5550302916932575,1.2917969602640795,67,-0.7296073789477531,1.839667962334268,-1.5697866236820004,2.6798472070685153
TR_regime_1,22,brent,0.0,0.0,66,0.0,0.0,0.0,0.0
TR_regime_1,22,vix,0.0,0.0,66,0.0,0.0,0.0,0.0
TR_regime_1,22,fedfunds,0.0,0.0,66,0.0,0.0,0.0,0.0
TR_regime_1,22,activity,-0.20598428958423962,0.4067935839920402,66,-0.610523376024273,0.19855479685579372,-0.8751001916341352,0.46313161246565593
TR_regime_1,22,price,-0.10118653116002535,0.08489944800585494,66,-0.18561545650960437,-0.016757605810446316,-0.24083369613863376,0.038460633818583057
TR_regime_1,22,policy,0.1400331833692175,0.22123783427298124,66,-0.07997852498780167,0.36004489172623666,-0.22387067075358436,0.5039370374920193
TR_regime_1,22,fx,0.03148450891547817,1.3677280710098074,66,-1.3286634533874941,1.3916324712184507,-2.218227969368344,2.2811969871993
TR_regime_1,23,brent,0.0,0.0,65,0.0,0.0,0.0,0.0
TR_regime_1,23,vix,0.0,0.0,65,0.0,0.0,0.0,0.0
TR_regime_1,23,fedfunds,0.0,0.0,65,0.0,0.0,0.0,0.0
TR_regime_1,23,activity,-0.5098224371921644,0.43070523146211315,65,-0.9381406499593443,-0.0815042244249844,-1.2182694993095944,0.19862462492526567
TR_regime_1,23,price,-0.05073367039812994,0.08129470760739696,65,-0.13157783324153777,0.030110492445277887,-0.18445156505811627,0.08298422426185638
TR_regime_1,23,policy,0.11263895841631943,0.30239914388376016,65,-0.18808425409476637,0.41336217092740524,-0.3847633701879035,0.6100412870205424
TR_regime_1,23,fx,-1.4189130270671428,1.4618548190581004,65,-2.8726660759876386,0.03484002185335289,-3.823450228271347,0.9856241741370615
TR_regime_1,24,brent,0.0,0.0,64,0.0,0.0,0.0,0.0
TR_regime_1,24,vix,0.0,0.0,64,0.0,0.0,0.0,0.0
TR_regime_1,24,fedfunds,0.0,0.0,64,0.0,0.0,0.0,0.0
TR_regime_1,24,activity,0.23783278939215707,0.39014782567595324,64,-0.1501527914684393,0.6258183702527534,-0.4039032767181652,0.8795688555024794
TR_regime_1,24,price,-0.08890156169326874,0.09067172268666361,64,-0.17907077110323,0.0012676477166925354,-0.23804327361636543,0.060240150229827955
TR_regime_1,24,policy,-0.21589131060456992,0.22211082081345032,64,-0.4367711673086946,0.004988546099554736,-0.5812310998047422,0.1494484785956023
TR_regime_1,24,fx,-1.7881929546423965,2.0687489884077346,64,-3.8454766945466714,0.26909078526187824,-5.190982231477047,1.6145963221922546
TR_regime_1,25,brent,0.0,0.0,63,0.0,0.0,0.0,0.0
TR_regime_1,25,vix,0.0,0.0,63,0.0,0.0,0.0,0.0
TR_regime_1,25,fedfunds,0.0,0.0,63,0.0,0.0,0.0,0.0
TR_regime_1,25,activity,-0.9086075582979017,0.3109677639122451,63,-1.2178519025445433,-0.5993632140512601,-1.420104012633947,-0.39711110396185634
TR_regime_1,25,price,0.049635918754168826,0.07868471780680818,63,-0.028612719156946437,0.1278845566652841,-0.07978892471601266,0.1790607622243503
TR_regime_1,25,policy,-0.07693374154275454,0.21843508171118498,63,-0.2941582305200091,0.1402907474345,-0.4362274779488383,0.2823599948633292
TR_regime_1,25,fx,-1.187319556776506,1.8150534848832542,63,-2.9923138032659935,0.6176746897129812,-4.172816864497635,1.7981777509446235
TR_regime_1,26,brent,0.0,0.0,62,0.0,0.0,0.0,0.0
TR_regime_1,26,vix,0.0,0.0,62,0.0,0.0,0.0,0.0
TR_regime_1,26,fedfunds,0.0,0.0,62,0.0,0.0,0.0,0.0
TR_regime_1,26,activity,-0.15543467018003757,0.49935704265511954,62,-0.6520242177847303,0.3411548774246552,-0.9768039129350718,0.6659345725749968
TR_regime_1,26,price,0.05345314248367958,0.10290978303327121,62,-0.04888630251316231,0.15579258748052147,-0.11581838738738562,0.22272467235474477
TR_regime_1,26,policy,-0.0878611686067031,0.19234936566236532,62,-0.2791445116200377,0.10342217440663157,-0.4042477203582596,0.2285253831448534
TR_regime_1,26,fx,-0.811290913600164,1.4666657761702535,62,-2.2698282567466244,0.6472464295462963,-3.2237414350594014,1.6011596078590733
TR_regime_1,27,brent,0.0,0.0,61,0.0,0.0,0.0,0.0
TR_regime_1,27,vix,0.0,0.0,61,0.0,0.0,0.0,0.0
TR_regime_1,27,fedfunds,0.0,0.0,61,0.0,0.0,0.0,0.0
TR_regime_1,27,activity,-0.5999998900306542,0.3173498460920029,61,-0.9155909462122485,-0.28440883384905996,-1.1219939353875765,-0.07800584467373184
TR_regime_1,27,price,0.10250253014610716,0.08978848534149698,61,0.013211663076792085,0.19179339721542224,-0.04518638562633323,0.2501914459185476
TR_regime_1,27,policy,-0.23114109774111594,0.15707797510459542,61,-0.3873485283625062,-0.07493366711972563,-0.48951137480610274,0.027229179323870895
TR_regime_1,27,fx,-1.231513833256577,1.67137887234724,61,-2.893629728692518,0.43060206217936425,-3.980687433446996,1.517659766933842
TR_regime_1,28,brent,0.0,0.0,60,0.0,0.0,0.0,0.0
TR_regime_1,28,vix,0.0,0.0,60,0.0,0.0,0.0,0.0
TR_regime_1,28,fedfunds,0.0,0.0,60,0.0,0.0,0.0,0.0
TR_regime_1,28,activity,-0.8389365870508104,0.1992569373448628,60,-1.037089219177641,-0.6407839549239797,-1.1666850831377502,-0.5111880909638706
TR_regime_1,28,price,-0.03588945879130175,0.07189841011852789,60,-0.10738939952391971,0.03561048194131621,-0.15415181944680675,0.08237290186420326
TR_regime_1,28,policy,-0.25907280172029706,0.1313836804339283,60,-0.3897283384529281,-0.128417264987666,-0.4751797250042772,-0.04296587843631694
TR_regime_1,28,fx,-2.6177824841480852,1.3149097612385356,60,-3.9254048619212014,-1.3101601063749688,-4.780616574035184,-0.454948394260986
TR_regime_1,29,brent,0.0,0.0,59,0.0,0.0,0.0,0.0
TR_regime_1,29,vix,0.0,0.0,59,0.0,0.0,0.0,0.0
TR_regime_1,29,fedfunds,0.0,0.0,59,0.0,0.0,0.0,0.0
TR_regime_1,29,activity,-1.9501388583019597,0.4227144441520112,59,-2.3705105696355564,-1.529767146968363,-2.645442244930171,-1.2548354716737484
TR_regime_1,29,price,0.0725175650943635,0.04781848291755942,59,0.024964097793865596,0.12007103239486139,-0.006136839967901125,0.15117197015662812
TR_regime_1,29,policy,-0.31235172413513845,0.11624946455376997,59,-0.4279569205795478,-0.1967465276907291,-0.5035650775375735,-0.12113837073270334
TR_regime_1,29,fx,-2.9783198232181065,0.9624735269764196,59,-3.935459209500502,-2.021180436935711,-4.561447894910046,-1.3951917515261674
TR_regime_1,30,brent,0.0,0.0,58,0.0,0.0,0.0,0.0
TR_regime_1,30,vix,0.0,0.0,58,0.0,0.0,0.0,0.0
TR_regime_1,30,fedfunds,0.0,0.0,58,0.0,0.0,0.0,0.0
TR_regime_1,30,activity,-0.07229940556158053,0.29306569280661066,58,-0.36374089407144244,0.21914208294828136,-0.55434957330958,0.4097507621864189
TR_regime_1,30,price,-0.18534068603799608,0.06452964700783508,58,-0.24951270220568034,-0.12116866987031182,-0.2914825099647318,-0.07919886211126036
TR_regime_1,30,policy,-0.3471819622299606,0.09936579878029381,58,-0.4459970641484579,-0.24836686031146332,-0.510624156748657,-0.1837397677112642
TR_regime_1,30,fx,-3.5432077927816934,0.8338768062843744,58,-4.372463156416962,-2.713952429146425,-4.914813082029257,-2.17160250353413
TR_regime_1,31,brent,0.0,0.0,57,0.0,0.0,0.0,0.0
TR_regime_1,31,vix,0.0,0.0,57,0.0,0.0,0.0,0.0
TR_regime_1,31,fedfunds,0.0,0.0,57,0.0,0.0,0.0,0.0
TR_regime_1,31,activity,-1.5412433335366695,0.1884412701567056,57,-1.7286402401660643,-1.3538464269072747,-1.851201640221269,-1.23128502685207
TR_regime_1,31,price,-0.19186756876560646,0.061413686401689774,57,-0.25294089334473846,-0.13079424418647442,-0.29288409358788614,-0.09085104394332674
TR_regime_1,31,policy,-0.395200088955268,0.11377912226154394,57,-0.5083486340329467,-0.28205154387758924,-0.5823500908785235,-0.20805008703201247
TR_regime_1,31,fx,-3.970696137386219,0.976660350890962,57,-4.941943722548141,-2.999448552224298,-5.577159457848915,-2.364232816923523
TR_regime_1,32,brent,0.0,0.0,56,0.0,0.0,0.0,0.0
TR_regime_1,32,vix,0.0,0.0,56,0.0,0.0,0.0,0.0
TR_regime_1,32,fedfunds,0.0,0.0,56,0.0,0.0,0.0,0.0
TR_regime_1,32,activity,-0.8098747834576486,0.4937155216919559,56,-1.3008540760672302,-0.318895490848067,-1.6219645499949005,0.0022149830796032166
TR_regime_1,32,price,-0.251491793630164,0.07958721204008247,56,-0.3306379240461102,-0.1723456632142178,-0.3824011080132495,-0.12058247924707849
TR_regime_1,32,policy,-0.49425873934211273,0.10870951871988373,56,-0.6023657772130394,-0.3861517014711861,-0.6730699854926624,-0.31544749319156307
TR_regime_1,32,fx,-3.487605634930624,1.6683908263361213,56,-5.146750044455414,-1.8284612254058332,-6.231864336802157,-0.7433469330590912
TR_regime_1,33,brent,0.0,0.0,55,0.0,0.0,0.0,0.0
TR_regime_1,33,vix,0.0,0.0,55,0.0,0.0,0.0,0.0
TR_regime_1,33,fedfunds,0.0,0.0,55,0.0,0.0,0.0,0.0
TR_regime_1,33,activity,-0.7451429564409471,0.6946343314304603,55,-1.4359275432801049,-0.05435836960178919,-1.8877147558993506,0.3974288430174564
TR_regime_1,33,price,-0.11571969803664374,0.04710353658612631,55,-0.16256218132177608,-0.0688772147515114,-0.19319812103257494,-0.03824127504071252
TR_regime_1,33,policy,-0.499395830474143,0.16653263698385767,55,-0.6650055241344484,-0.3337861368138376,-0.7733176424228341,-0.22547401852545185
TR_regime_1,33,fx,-2.0050970788335656,1.689132842940621,55,-3.6848685502843685,-0.3253256073827626,-4.783473361947297,0.7732792042801657
TR_regime_1,34,brent,0.0,0.0,54,0.0,0.0,0.0,0.0
TR_regime_1,34,vix,0.0,0.0,54,0.0,0.0,0.0,0.0
TR_regime_1,34,fedfunds,0.0,0.0,54,0.0,0.0,0.0,0.0
TR_regime_1,34,activity,-0.525883792312233,0.6914118762047591,54,-1.213463783148902,0.16169619852443584,-1.6631551246049532,0.6113875399804871
TR_regime_1,34,price,0.484926333036224,0.07601470685759387,54,0.40933290856181126,0.5605197575106368,0.3598932667598578,0.6099593993125902
TR_regime_1,34,policy,-0.520107492161817,0.18066209335653996,54,-0.6997683350974045,-0.34044664922622936,-0.8172701916719671,-0.22294479265166678
TR_regime_1,34,fx,-0.3686719616081853,1.864246146051724,54,-2.2225862377927235,1.485242314576353,-3.4350839964716666,2.6977400732552965
TR_regime_1,35,brent,0.0,0.0,53,0.0,0.0,0.0,0.0
TR_regime_1,35,vix,0.0,0.0,53,0.0,0.0,0.0,0.0
TR_regime_1,35,fedfunds,0.0,0.0,53,0.0,0.0,0.0,0.0
TR_regime_1,35,activity,-0.21232902091360648,0.3699320876567807,53,-0.5802109017361335,0.15555285990892062,-0.8208131570215921,0.39615511519437907
TR_regime_1,35,price,0.3899904655629861,0.041602340708605,53,0.34861868988533584,0.4313622412406364,0.3215607045587663,0.45842022656720594
TR_regime_1,35,policy,-0.32644020025469134,0.16291119371064922,53,-0.4884485211033577,-0.16443187940602502,-0.5944052681006465,-0.05847513240873614
TR_regime_1,35,fx,1.455200940687119,1.0145899114372279,53,0.44623400503328203,2.464167876340956,-0.21365095500877818,3.124052836383016
TR_regime_1,36,brent,0.0,0.0,52,0.0,0.0,0.0,0.0
TR_regime_1,36,vix,0.0,0.0,52,0.0,0.0,0.0,0.0
TR_regime_1,36,fedfunds,0.0,0.0,52,0.0,0.0,0.0,0.0
TR_regime_1,36,activity,0.2373882985852098,0.23912955660205237,52,-0.000415974086154125,0.4751925712565737,-0.15594481990297335,0.6307214170733929
TR_regime_1,36,price,0.025084384983045105,0.061489170792213714,52,-0.03606400564330275,0.08623277560939296,-0.07605630061276614,0.12622507057885635
TR_regime_1,36,policy,0.04376504538773567,0.11933547542541566,52,-0.07490905889565275,0.16243914967112408,-0.1525243441897375,0.24005443496520887
TR_regime_1,36,fx,0.20729420562877401,1.0091239496835105,52,-0.7962370612697557,1.2108254725273038,-1.452566983051743,1.8671553943092911
TR_regime_2,0,brent,0.0,0.0,58,0.0,0.0,0.0,0.0
TR_regime_2,0,vix,0.0,0.0,58,0.0,0.0,0.0,0.0
TR_regime_2,0,fedfunds,0.0,0.0,58,0.0,0.0,0.0,0.0
TR_regime_2,0,activity,9.386176372904214e-15,6.146552441465393e-14,58,-5.173869892686996e-14,7.051105167267838e-14,-9.171561439301356e-14,1.1048796713882199e-13
TR_regime_2,0,price,1.7759886907301275e-17,1.2708492530136319e-14,58,-1.2620300693399027e-14,1.265582046721363e-14,-2.0885850144373113e-14,2.0921369918187712e-14
TR_regime_2,0,policy,0.9999999999999986,3.3003463519537424e-14,58,0.9999999999999657,1.0000000000000313,0.9999999999999443,1.0000000000000528
TR_regime_2,0,fx,-0.3421101356528719,0.9453830342642637,58,-1.2822537467297255,0.5980334754239816,-1.897126848420834,1.21290657711509
TR_regime_2,1,brent,0.0,0.0,57,0.0,0.0,0.0,0.0
TR_regime_2,1,vix,0.0,0.0,57,0.0,0.0,0.0,0.0
TR_regime_2,1,fedfunds,0.0,0.0,57,0.0,0.0,0.0,0.0
TR_regime_2,1,activity,-1.6698461320055573,0.9064488291482168,57,-2.5712713158782523,-0.7684209481328622,-3.1608217762759168,-0.17887048773519787
TR_regime_2,1,price,-0.6121443001722078,0.5092997990947973,57,-1.1186215002991726,-0.10566710004524293,-1.449867921918941,0.22557932157452554
TR_regime_2,1,policy,1.201905174719737,0.16970456720568838,57,1.0331411300453408,1.370669219394133,0.9227660018412305,1.4810443475982433
TR_regime_2,1,fx,-3.0659517595060057,1.988954154755478,57,-5.043882898045383,-1.0880206209666285,-6.3374902147957535,0.20558669578374156
TR_regime_2,2,brent,0.0,0.0,56,0.0,0.0,0.0,0.0
TR_regime_2,2,vix,0.0,0.0,56,0.0,0.0,0.0,0.0
TR_regime_2,2,fedfunds,0.0,0.0,56,0.0,0.0,0.0,0.0
TR_regime_2,2,activity,-0.3137393994685948,0.7321282791494991,56,-1.0418101381896052,0.41433133925241555,-1.517983254821388,0.8905044558841984
TR_regime_2,2,price,-0.7147660663954963,0.4395352372280759,56,-1.1518653480054255,-0.2776667847855671,-1.4377371955230727,0.008205062732079993
TR_regime_2,2,policy,1.250454571446535,0.3347388796986333,56,0.9175708537134277,1.5833382891796421,0.6998581110925655,1.8010510318005044
TR_regime_2,2,fx,-3.80640261377453,2.1823530066527757,56,-5.976660765186891,-1.6361444623621697,-7.3960538720557985,-0.2167513554932623
TR_regime_2,3,brent,0.0,0.0,55,0.0,0.0,0.0,0.0
TR_regime_2,3,vix,0.0,0.0,55,0.0,0.0,0.0,0.0
TR_regime_2,3,fedfunds,0.0,0.0,55,0.0,0.0,0.0,0.0
TR_regime_2,3,activity,1.9872668558390847,1.7111472946875226,55,0.2856029393040347,3.6889307723741345,-0.827319978075886,4.801853689754055
TR_regime_2,3,price,-0.25732082560137104,0.32728958284349086,55,-0.5827965313525122,0.06815488014977011,-0.7956642830049212,0.2810226318021791
TR_regime_2,3,policy,1.5216165689098229,0.3956305657045674,55,1.1281786340061815,1.9150545038134643,0.8708621979778026,2.1723709398418434
TR_regime_2,3,fx,-2.542560285938995,1.9329973084870407,55,-4.464844697587168,-0.6202758742908219,-5.722057919691338,0.6369373478133471
TR_regime_2,4,brent,0.0,0.0,54,0.0,0.0,0.0,0.0
TR_regime_2,4,vix,0.0,0.0,54,0.0,0.0,0.0,0.0
TR_regime_2,4,fedfunds,0.0,0.0,54,0.0,0.0,0.0,0.0
TR_regime_2,4,activity,0.5276412695236995,1.2427760612612893,54,-0.7082471816619572,1.7635297207093563,-1.5165434423303972,2.571825981377796
TR_regime_2,4,price,0.4207497479847345,0.5032096087738973,54,-0.07967101436736357,0.9211705103368326,-0.40695640212384177,1.2484558980933107
TR_regime_2,4,policy,1.3201470969876319,0.45441919803405084,54,0.8682463432208158,1.772047850754448,0.5726940309449442,2.0676001630303196
TR_regime_2,4,fx,-0.8531991990384329,2.0655788955387364,54,-2.907330415098625,1.2009320170217594,-4.250774137119739,2.544375739042873
TR_regime_2,5,brent,0.0,0.0,53,0.0,0.0,0.0,0.0
TR_regime_2,5,vix,0.0,0.0,53,0.0,0.0,0.0,0.0
TR_regime_2,5,fedfunds,0.0,0.0,53,0.0,0.0,0.0,0.0
TR_regime_2,5,activity,-1.0594152539254804,1.5893719127540522,53,-2.6399786819159123,0.5211481740649513,-3.673699409193782,1.554868901342821
TR_regime_2,5,price,0.5063186845881105,0.6120870696785915,53,-0.10237612706452248,1.1150134962407434,-0.5004749519828191,1.51311232115904
TR_regime_2,5,policy,1.5375878548781232,0.42733173611205116,53,1.1126244411557837,1.9625512686004627,0.8346896988227466,2.2404860109335
TR_regime_2,5,fx,-0.0484176497474151,2.287045729329306,53,-2.3227883045401434,2.225953005045313,-3.8102731126385985,3.713437813143768
TR_regime_2,6,brent,0.0,0.0,52,0.0,0.0,0.0,0.0
TR_regime_2,6,vix,0.0,0.0,52,0.0,0.0,0.0,0.0
TR_regime_2,6,fedfunds,0.0,0.0,52,0.0,0.0,0.0,0.0
TR_regime_2,6,activity,-0.6222171336592146,1.2141275269248315,52,-1.8296158240315754,0.5851815567131462,-2.6192791999031444,1.3748449325847154
TR_regime_2,6,price,0.5406843370319965,0.3951493947491623,52,0.1477249063781293,0.9336437676858637,-0.109278578108842,1.1906472521728348
TR_regime_2,6,policy,1.2955660301198304,0.501135822508139,52,0.7972075608678078,1.793924499371853,0.47127095487200876,2.119861105367652
TR_regime_2,6,fx,-1.7297129861991607,2.3530334426211157,52,-4.0697056426699145,0.6102796702715931,-5.600108578632611,2.14068260623429
TR_regime_2,7,brent,0.0,0.0,51,0.0,0.0,0.0,0.0
TR_regime_2,7,vix,0.0,0.0,51,0.0,0.0,0.0,0.0
TR_regime_2,7,fedfunds,0.0,0.0,51,0.0,0.0,0.0,0.0
TR_regime_2,7,activity,0.7706043194997282,1.0779921498192344,51,-0.301413471926239,1.8426221109256953,-1.002534977955654,2.5437436169551106
TR_regime_2,7,price,-0.07732235769500993,0.29963916371224236,51,-0.3753008861670273,0.2206561707770074,-0.5701849229037976,0.4155402075137778
TR_regime_2,7,policy,1.3399340933448232,0.4864094706746774,51,0.8562203607645069,1.8236478259251394,0.5398617113220344,2.140006475367612
TR_regime_2,7,fx,-2.206542216503653,1.2091145982907257,51,-3.4089557604778595,-1.0041286725294465,-4.195358748902125,-0.2177256841051809
TR_regime_2,8,brent,0.0,0.0,50,0.0,0.0,0.0,0.0
TR_regime_2,8,vix,0.0,0.0,50,0.0,0.0,0.0,0.0
TR_regime_2,8,fedfunds,0.0,0.0,50,0.0,0.0,0.0,0.0
TR_regime_2,8,activity,4.005409015891045,2.4048864226089934,50,1.6138507547034289,6.396967277078661,0.049722861256292106,7.961095170525798
TR_regime_2,8,price,0.2619277198070562,0.31905317955046925,50,-0.05535722976004487,0.5792126693741573,-0.2628680597669324,0.7867234993810448
TR_regime_2,8,policy,1.2192128387379173,0.5117407242160427,50,0.7103082413818053,1.7281174360940295,0.3774742524523865,2.060951425023448
TR_regime_2,8,fx,-2.8929955398636467,0.9587317725383488,50,-3.846413908948068,-1.9395771707792253,-4.469968973196964,-1.31602210653033
TR_regime_2,9,brent,0.0,0.0,49,0.0,0.0,0.0,0.0
TR_regime_2,9,vix,0.0,0.0,49,0.0,0.0,0.0,0.0
TR_regime_2,9,fedfunds,0.0,0.0,49,0.0,0.0,0.0,0.0
TR_regime_2,9,activity,1.2589082170480204,2.068782447366392,49,-0.7984087963814552,3.316225230477496,-2.1439360948761323,4.661752528972173
TR_regime_2,9,price,-0.00647237858887937,0.2597420596384853,49,-0.264774917397509,0.25183016021975024,-0.43371004745708747,0.4207652902793287
TR_regime_2,9,policy,1.111940893511878,0.384760116538082,49,0.7293131624758789,1.494568624547877,0.4790668203179428,1.744814966705813
TR_regime_2,9,fx,-3.5948178058515206,1.1404339943186677,49,-4.728931381782107,-2.4607042299209345,-5.470664797705336,-1.7189708139977058
TR_regime_2,10,brent,0.0,0.0,48,0.0,0.0,0.0,0.0
TR_regime_2,10,vix,0.0,0.0,48,0.0,0.0,0.0,0.0
TR_regime_2,10,fedfunds,0.0,0.0,48,0.0,0.0,0.0,0.0
TR_regime_2,10,activity,1.7527598325666711,1.6900715770300339,48,0.07205482960041376,3.4334648355329285,-1.0271605307187743,4.532680195852117
TR_regime_2,10,price,-0.3033125872308885,0.37499677804497067,48,-0.6762310893359678,0.06960591487419077,-0.9201273976932746,0.31350222323149757
TR_regime_2,10,policy,1.0380139195211808,0.2716859364807762,48,0.7678336982306486,1.308194140811713,0.5911303215090689,1.4848975175332928
TR_regime_2,10,fx,-3.4498940859684755,1.3698160227699405,48,-4.812118428359074,-2.087669743577877,-5.703040939277852,-1.1967472326590989
TR_regime_2,11,brent,0.0,0.0,47,0.0,0.0,0.0,0.0
TR_regime_2,11,vix,0.0,0.0,47,0.0,0.0,0.0,0.0
TR_regime_2,11,fedfunds,0.0,0.0,47,0.0,0.0,0.0,0.0
TR_regime_2,11,activity,-1.6122815313343606,1.3286442789878665,47,-2.9335623085553832,-0.2910007541133377,-3.797706892555876,0.5731438298871552
TR_regime_2,11,price,0.3540955806530785,0.29894481173477294,47,0.05680755597877796,0.651383605327379,-0.13762487718718774,0.8458160384933447
TR_regime_2,11,policy,0.6308236661063119,0.3686105117406465,47,0.26425603687184457,0.9973912953407793,0.024513328937271317,1.2371340032753526
TR_regime_2,11,fx,-1.505415624421381,1.3687594173140225,47,-2.8665892171868994,-0.14424203165586258,-3.7568245164143343,0.7459932675715724
TR_regime_2,12,brent,0.0,0.0,46,0.0,0.0,0.0,0.0
TR_regime_2,12,vix,0.0,0.0,46,0.0,0.0,0.0,0.0
TR_regime_2,12,fedfunds,0.0,0.0,46,0.0,0.0,0.0,0.0
TR_regime_2,12,activity,-0.5326049775618988,1.8675054579193249,46,-2.389760502127012,1.3245505470032144,-3.60437810337217,2.539168148248372
TR_regime_2,12,price,0.023861456318761024,0.28580716813966983,46,-0.26036173511558913,0.3080846477531112,-0.4462495008045041,0.49397241344202614
TR_regime_2,12,policy,0.5910159622645522,0.21834306407515755,46,0.3738829809508395,0.8081489435782649,0.2318735814008317,0.9501583431282727
TR_regime_2,12,fx,-0.5600012613038496,0.9660744903103796,46,-1.5207216539608512,0.40071913135315196,-2.1490523905961725,1.029049867988473
TR_regime_2,13,brent,0.0,0.0,45,0.0,0.0,0.0,0.0
TR_regime_2,13,vix,0.0,0.0,45,0.0,0.0,0.0,0.0
TR_regime_2,13,fedfunds,0.0,0.0,45,0.0,0.0,0.0,0.0
TR_regime_2,13,activity,-1.0952086441202946,1.45593718370363,45,-2.5430768539125763,0.3526595656719871,-3.490012201348722,1.2995949131081324
TR_regime_2,13,price,0.26721736464565804,0.5137871979556163,45,-0.2437223646535548,0.7781570939448709,-0.5778873713928714,1.1123221006841875
TR_regime_2,13,policy,0.4364794022315537,0.25674082209987825,45,0.18116146775257685,0.6917973367105306,0.014178329814066304,0.8587804746490411
TR_regime_2,13,fx,-0.7066001292200208,1.609909934500351,45,-2.3075877548415926,0.894387496401551,-3.3546663240481296,1.941466065608088
TR_regime_2,14,brent,0.0,0.0,44,0.0,0.0,0.0,0.0
TR_regime_2,14,vix,0.0,0.0,44,0.0,0.0,0.0,0.0
TR_regime_2,14,fedfunds,0.0,0.0,44,0.0,0.0,0.0,0.0
TR_regime_2,14,activity,-1.1759751379583494,2.1281857478446207,44,-3.292366231837077,0.9404159559203782,-4.676529184127005,2.324578908210306
TR_regime_2,14,price,-0.6573048224727729,0.31166797747226005,44,-0.9672454996141018,-0.34736414533144405,-1.1699530256226494,-0.1446566193228963
TR_regime_2,14,policy,0.012459841376165237,0.40927623250245404,44,-0.3945481344462881,0.4194678171986186,-0.6607396540805301,0.6856593368328607
TR_regime_2,14,fx,-2.8176638633499578,0.7580039808546402,44,-3.5714668976152297,-2.063860829084686,-4.064469460502367,-1.5708582661975488
TR_regime_2,15,brent,0.0,0.0,43,0.0,0.0,0.0,0.0
TR_regime_2,15,vix,0.0,0.0,43,0.0,0.0,0.0,0.0
TR_regime_2,15,fedfunds,0.0,0.0,43,0.0,0.0,0.0,0.0
TR_regime_2,15,activity,-0.15688601888172102,1.4987893579587916,43,-1.6473689111747263,1.3335968734112844,-2.6221751303565077,2.3084030925930654
TR_regime_2,15,price,-0.35861409454873405,0.3937182095462626,43,-0.7501502717952445,0.03292208269777641,-1.0062229195177437,0.28899473042027557
TR_regime_2,15,policy,-0.0034727065713149926,0.674872965092625,43,-0.6746054468728168,0.6676600337301867,-1.1135399509354131,1.1065945377927833
TR_regime_2,15,fx,-2.6446039507230217,0.4309738633826793,43,-3.0731893066212903,-2.216018594824753,-3.35349287302931,-1.9357150284167335
TR_regime_2,16,brent,0.0,0.0,42,0.0,0.0,0.0,0.0
TR_regime_2,16,vix,0.0,0.0,42,0.0,0.0,0.0,0.0
TR_regime_2,16,fedfunds,0.0,0.0,42,0.0,0.0,0.0,0.0
TR_regime_2,16,activity,-2.3345425161801794,0.821757248846082,42,-3.1517454903799247,-1.517339541980434,-3.6862129074183207,-0.982872124942038
TR_regime_2,16,price,-0.032756471156096575,0.27111127777224403,42,-0.30236521856377385,0.23685227625158067,-0.47869483970722015,0.413181897395027
TR_regime_2,16,policy,-0.14059003688918714,0.6017395838571148,42,-0.7389947096952515,0.4578146359168772,-1.1303635738768318,0.8491835000984576
TR_regime_2,16,fx,-0.10011847474477262,0.7627979720920015,42,-0.8586889313880771,0.6584519818985318,-1.354809485771529,1.1545725362819839
TR_regime_2,17,brent,,,0,,,,
TR_regime_2,17,vix,,,0,,,,
TR_regime_2,17,fedfunds,,,0,,,,
TR_regime_2,17,activity,,,0,,,,
TR_regime_2,17,price,,,0,,,,
TR_regime_2,17,policy,,,0,,,,
TR_regime_2,17,fx,,,0,,,,
TR_regime_2,18,brent,,,0,,,,
TR_regime_2,18,vix,,,0,,,,
TR_regime_2,18,fedfunds,,,0,,,,
TR_regime_2,18,activity,,,0,,,,
TR_regime_2,18,price,,,0,,,,
TR_regime_2,18,policy,,,0,,,,
TR_regime_2,18,fx,,,0,,,,
TR_regime_2,19,brent,,,0,,,,
TR_regime_2,19,vix,,,0,,,,
TR_regime_2,19,fedfunds,,,0,,,,
TR_regime_2,19,activity,,,0,,,,
TR_regime_2,19,price,,,0,,,,
TR_regime_2,19,policy,,,0,,,,
TR_regime_2,19,fx,,,0,,,,
TR_regime_2,20,brent,,,0,,,,
TR_regime_2,20,vix,,,0,,,,
TR_regime_2,20,fedfunds,,,0,,,,
TR_regime_2,20,activity,,,0,,,,
TR_regime_2,20,price,,,0,,,,
TR_regime_2,20,policy,,,0,,,,
TR_regime_2,20,fx,,,0,,,,
TR_regime_2,21,brent,,,0,,,,
TR_regime_2,21,vix,,,0,,,,
TR_regime_2,21,fedfunds,,,0,,,,
TR_regime_2,21,activity,,,0,,,,
TR_regime_2,21,price,,,0,,,,
TR_regime_2,21,policy,,,0,,,,
TR_regime_2,21,fx,,,0,,,,
TR_regime_2,22,brent,,,0,,,,
TR_regime_2,22,vix,,,0,,,,
TR_regime_2,22,fedfunds,,,0,,,,
TR_regime_2,22,activity,,,0,,,,
TR_regime_2,22,price,,,0,,,,
TR_regime_2,22,policy,,,0,,,,
TR_regime_2,22,fx,,,0,,,,
TR_regime_2,23,brent,,,0,,,,
TR_regime_2,23,vix,,,0,,,,
TR_regime_2,23,fedfunds,,,0,,,,
TR_regime_2,23,activity,,,0,,,,
TR_regime_2,23,price,,,0,,,,
TR_regime_2,23,policy,,,0,,,,
TR_regime_2,23,fx,,,0,,,,
TR_regime_2,24,brent,,,0,,,,
TR_regime_2,24,vix,,,0,,,,
TR_regime_2,24,fedfunds,,,0,,,,
TR_regime_2,24,activity,,,0,,,,
TR_regime_2,24,price,,,0,,,,
TR_regime_2,24,policy,,,0,,,,
TR_regime_2,24,fx,,,0,,,,
TR_regime_2,25,brent,,,0,,,,
TR_regime_2,25,vix,,,0,,,,
TR_regime_2,25,fedfunds,,,0,,,,
TR_regime_2,25,activity,,,0,,,,
TR_regime_2,25,price,,,0,,,,
TR_regime_2,25,policy,,,0,,,,
TR_regime_2,25,fx,,,0,,,,
TR_regime_2,26,brent,,,0,,,,
TR_regime_2,26,vix,,,0,,,,
TR_regime_2,26,fedfunds,,,0,,,,
TR_regime_2,26,activity,,,0,,,,
TR_regime_2,26,price,,,0,,,,
TR_regime_2,26,policy,,,0,,,,
TR_regime_2,26,fx,,,0,,,,
TR_regime_2,27,brent,,,0,,,,
TR_regime_2,27,vix,,,0,,,,
TR_regime_2,27,fedfunds,,,0,,,,
TR_regime_2,27,activity,,,0,,,,
TR_regime_2,27,price,,,0,,,,
TR_regime_2,27,policy,,,0,,,,
TR_regime_2,27,fx,,,0,,,,
TR_regime_2,28,brent,,,0,,,,
TR_regime_2,28,vix,,,0,,,,
TR_regime_2,28,fedfunds,,,0,,,,
TR_regime_2,28,activity,,,0,,,,
TR_regime_2,28,price,,,0,,,,
TR_regime_2,28,policy,,,0,,,,
TR_regime_2,28,fx,,,0,,,,
TR_regime_2,29,brent,,,0,,,,
TR_regime_2,29,vix,,,0,,,,
TR_regime_2,29,fedfunds,,,0,,,,
TR_regime_2,29,activity,,,0,,,,
TR_regime_2,29,price,,,0,,,,
TR_regime_2,29,policy,,,0,,,,
TR_regime_2,29,fx,,,0,,,,
TR_regime_2,30,brent,,,0,,,,
TR_regime_2,30,vix,,,0,,,,
TR_regime_2,30,fedfunds,,,0,,,,
TR_regime_2,30,activity,,,0,,,,
TR_regime_2,30,price,,,0,,,,
TR_regime_2,30,policy,,,0,,,,
TR_regime_2,30,fx,,,0,,,,
TR_regime_2,31,brent,,,0,,,,
TR_regime_2,31,vix,,,0,,,,
TR_regime_2,31,fedfunds,,,0,,,,
TR_regime_2,31,activity,,,0,,,,
TR_regime_2,31,price,,,0,,,,
TR_regime_2,31,policy,,,0,,,,
TR_regime_2,31,fx,,,0,,,,
TR_regime_2,32,brent,,,0,,,,
TR_regime_2,32,vix,,,0,,,,
TR_regime_2,32,fedfunds,,,0,,,,
TR_regime_2,32,activity,,,0,,,,
TR_regime_2,32,price,,,0,,,,
TR_regime_2,32,policy,,,0,,,,
TR_regime_2,32,fx,,,0,,,,
TR_regime_2,33,brent,,,0,,,,
TR_regime_2,33,vix,,,0,,,,
TR_regime_2,33,fedfunds,,,0,,,,
TR_regime_2,33,activity,,,0,,,,
TR_regime_2,33,price,,,0,,,,
TR_regime_2,33,policy,,,0,,,,
TR_regime_2,33,fx,,,0,,,,
TR_regime_2,34,brent,,,0,,,,
TR_regime_2,34,vix,,,0,,,,
TR_regime_2,34,fedfunds,,,0,,,,
TR_regime_2,34,activity,,,0,,,,
TR_regime_2,34,price,,,0,,,,
TR_regime_2,34,policy,,,0,,,,
TR_regime_2,34,fx,,,0,,,,
TR_regime_2,35,brent,,,0,,,,
TR_regime_2,35,vix,,,0,,,,
TR_regime_2,35,fedfunds,,,0,,,,
TR_regime_2,35,activity,,,0,,,,
TR_regime_2,35,price,,,0,,,,
TR_regime_2,35,policy,,,0,,,,
TR_regime_2,35,fx,,,0,,,,
TR_regime_2,36,brent,,,0,,,,
TR_regime_2,36,vix,,,0,,,,
TR_regime_2,36,fedfunds,,,0,,,,
TR_regime_2,36,activity,,,0,,,,
TR_regime_2,36,price,,,0,,,,
TR_regime_2,36,policy,,,0,,,,
TR_regime_2,36,fx,,,0,,,,
