model,variable,horizon,policy_share,lo90,lo68,hi68,hi90
EA_baseline,brent,1,0.0,0.0,0.0,0.0,0.0
EA_baseline,vix,1,0.0,0.0,0.0,0.0,0.0
EA_baseline,activity,1,0.0,0.0,0.0,0.0,0.0
EA_baseline,price,1,0.0,0.0,0.0,0.0,0.0
EA_baseline,policy,1,0.8948736585016898,0.7968262426901733,0.8274550846024119,0.915070640711841,0.9364081510266398
EA_baseline,fx,1,0.06483037165302664,0.019554998738362965,0.0331984537327318,0.1038086481784799,0.13625562539680364
EA_baseline,brent,2,0.00514930689571659,0.0002123376608667578,0.0008590623722477794,0.010623902968302517,0.016836232511968977
EA_baseline,vix,2,0.0011358243930779798,9.747651898139482e-06,0.0001353138619701387,0.006322256690226553,0.011175608876007676
EA_baseline,activity,2,4.718349702333193e-05,1.1577025669608233e-05,0.0001040853178992329,0.004114479889079177,0.008443733148377522
EA_baseline,price,2,0.010059196449603004,0.00046255629182777926,0.0024986464311116596,0.016902319128749458,0.023529811203391617
EA_baseline,policy,2,0.8372222817281355,0.6987126688485781,0.7382664358158,0.8703297601704454,0.8960494382388329
EA_baseline,fx,2,0.07402774961611037,0.019242877707358056,0.033415172105115194,0.11920199256538215,0.157480056699932
EA_baseline,brent,3,0.012677193457134767,0.0006856132673226733,0.001981968685910835,0.024147774609041932,0.03714613596561697
EA_baseline,vix,3,0.0035652995640637493,0.0008365723940320599,0.0023211420879802767,0.015253180475637973,0.024079031671697945
EA_baseline,activity,3,0.0010618610025070739,0.00018920312176782018,0.0007684978629710203,0.010694197831505079,0.02073494242576345
EA_baseline,price,3,0.009400917326013407,0.0009435895691285215,0.0022285017632695655,0.01925416152515148,0.02746303403732645
EA_baseline,policy,3,0.8213895105946587,0.6601817189494783,0.7067344157517164,0.8576452186882615,0.8921291815349738
EA_baseline,fx,3,0.06756847649624909,0.014433822940100694,0.02799934792288514,0.11493735140095326,0.16141840156583281
EA_baseline,brent,4,0.01296098305019155,0.0011903914993833112,0.002807839053650696,0.028709997399278323,0.044438430520049796
EA_baseline,vix,4,0.0032317372531103917,0.001671042515738364,0.003473327488650212,0.01935438371700602,0.0342349736413665
EA_baseline,activity,4,0.006345861249439783,0.0011073318599758208,0.002564722162603463,0.024812634665446268,0.04781102038337762
EA_baseline,price,4,0.006283591314077367,0.0014630063422969362,0.0034797770634459315,0.017725922093201462,0.026475100841327065
EA_baseline,policy,4,0.7843564887504639,0.5980023139680406,0.6541501617611104,0.8269910678466412,0.8696413342949704
EA_baseline,fx,4,0.07201850248523546,0.013223476202884145,0.029589442077105857,0.12356346555059387,0.16822130624669035
EA_baseline,brent,5,0.012064396115664792,0.0016183381781590916,0.004398783460967842,0.032326372151340516,0.049525100183324726
EA_baseline,vix,5,0.0034117512235596363,0.0022419375481484614,0.004314124397397368,0.02398166923421184,0.03753262489846809
EA_baseline,activity,5,0.020907224762027263,0.004138613086636758,0.008618190262247166,0.05589211464991393,0.08627278219319824
EA_baseline,price,5,0.004617827770525874,0.0016645534420127713,0.0037668173921163394,0.017976474979337045,0.029359546550841387
EA_baseline,policy,5,0.7615115409053103,0.5620766160677161,0.6190069539002553,0.8061750586797158,0.8508826210231509
EA_baseline,fx,5,0.06945796084709593,0.012317486904869229,0.026512169058085573,0.12390734321615027,0.16978534621419364
EA_baseline,brent,6,0.010514219597611757,0.002100807401262515,0.005214008841441458,0.03356318532326769,0.05369636498844438
EA_baseline,vix,6,0.005675608157825624,0.0036394227018957384,0.006054246683651721,0.03197247295970204,0.047999810727558316
EA_baseline,activity,6,0.033779187853517266,0.006628928567831409,0.014713881054935658,0.08221345397047847,0.11973200840597543
EA_baseline,price,6,0.0039771599609709244,0.002080576427573854,0.003594616103198581,0.019531051644836525,0.03255626440544179
EA_baseline,policy,6,0.7263439614164117,0.5162007356212688,0.5691250377545888,0.773947360358064,0.8270942369142005
EA_baseline,fx,6,0.06363815889105978,0.012825241259722415,0.024463598699941292,0.11917287476158031,0.1660881368423238
EA_baseline,brent,7,0.009744811459955515,0.0030560920542809637,0.006895535035510261,0.03489327401002533,0.055371644327392715
EA_baseline,vix,7,0.022227622262163578,0.009898982981087734,0.015410589253236481,0.0573309252665833,0.08055656333152994
EA_baseline,activity,7,0.03596158465869058,0.00779795065802379,0.015457692229379524,0.08756812162650314,0.13679382609713348
EA_baseline,price,7,0.0029418821557983363,0.0020416224112423565,0.0034347259072055234,0.019831638373236697,0.03395020033908805
EA_baseline,policy,7,0.6805632403608372,0.46412531965858483,0.5153885192042708,0.7288652458893207,0.7939307335157074
EA_baseline,fx,7,0.06057859976740199,0.01230461914666651,0.023751892538886245,0.11517819384844508,0.16943336431421033
EA_baseline,brent,8,0.0101806141703423,0.00384775373255871,0.008041347003430316,0.038523932450109856,0.05871167466834238
EA_baseline,vix,8,0.0404259682645357,0.012822664928317224,0.022648127862138327,0.08277687019281356,0.1136769465326465
EA_baseline,activity,8,0.034387590946205145,0.01053339923337766,0.01773188263662198,0.0859302808262526,0.13488386004472802
EA_baseline,price,8,0.0023648935993365195,0.0018469643793129157,0.0031482506481789753,0.020412669984437963,0.03673798777484126
EA_baseline,policy,8,0.6347597014677802,0.4092618301728582,0.46962965634610965,0.6891895846684554,0.767653779896193
EA_baseline,fx,8,0.05904558225824524,0.013759413840819641,0.02318925628259427,0.11333094344897701,0.17401325389070804
EA_baseline,brent,9,0.010556537275809255,0.00435887975978665,0.008709236685595702,0.04325683736152459,0.06428116557846135
EA_baseline,vix,9,0.05492214565454835,0.015910187499910113,0.028742852976030644,0.09905959082528239,0.13768244067196989
EA_baseline,activity,9,0.03355241515018381,0.01068203121194327,0.018020148532766463,0.08543083752308646,0.13436355483744636
EA_baseline,price,9,0.0019703742121204575,0.0017108694397426764,0.003003861930020409,0.02199592220873202,0.040359613492664
EA_baseline,policy,9,0.5910005710937559,0.36693400699699663,0.42658223828940084,0.6562884431811656,0.727261855269396
EA_baseline,fx,9,0.05860270535305533,0.013872271368747233,0.02363201195668953,0.11289752496885926,0.1741850779727982
EA_baseline,brent,10,0.010112889370829024,0.004667467264938833,0.009431872791414447,0.047219162325075704,0.07079297452719378
EA_baseline,vix,10,0.0636647235673512,0.0178444983494516,0.03075905806190081,0.10803254416706255,0.14923981172816136
EA_baseline,activity,10,0.03298796714777137,0.01074347366358772,0.01781035364535221,0.08529660276429867,0.13201135100433092
EA_baseline,price,10,0.0017821107310415512,0.0016645128679024887,0.0029886741700037834,0.02309243361196372,0.04262885132515186
EA_baseline,policy,10,0.5492476308152136,0.33035475006832976,0.3900592193969353,0.6231350990833968,0.6957314150767167
EA_baseline,fx,10,0.05883074046017172,0.014296039921698507,0.023946738524148383,0.11662033026208554,0.1782235104507807
EA_baseline,brent,11,0.009651487087898983,0.0053034261304842215,0.010413292589786547,0.047939909387614506,0.07390101868200859
EA_baseline,vix,11,0.06959933015336757,0.019382568998192996,0.033624582357358906,0.11273372561473013,0.15372438900041133
EA_baseline,activity,11,0.032652181795840576,0.011391454946755001,0.018393078214382935,0.08520514536070357,0.13321071630169457
EA_baseline,price,11,0.0017609592119737472,0.0014905673417741896,0.0028961431922016226,0.024203512302761836,0.047148388746731044
EA_baseline,policy,11,0.5131993355627958,0.2949533476421381,0.3604294744623818,0.596518355415171,0.6766453056982393
EA_baseline,fx,11,0.06074363444083552,0.014452399280491229,0.02545468158774439,0.12235815251965013,0.18083392530545148
EA_baseline,brent,12,0.009367705832107769,0.00565564919889937,0.010859162001736752,0.047832513085378725,0.07662185559850708
EA_baseline,vix,12,0.07461395008839079,0.0211362482390082,0.03575775647058189,0.11513373270659412,0.15321697655485755
EA_baseline,activity,12,0.03205829799934176,0.011532271572162911,0.0194088380872825,0.08331955926066299,0.13032742944751735
EA_baseline,price,12,0.0019582538901787186,0.0014697396542660405,0.0027546712423965926,0.025922559071715423,0.053138418202642264
EA_baseline,policy,12,0.4791608143303476,0.2654933633005029,0.33297761241923696,0.5736334099847151,0.6552795333276193
EA_baseline,fx,12,0.0632184816639317,0.015266094297614817,0.02707495223508975,0.12565446501694988,0.18535786181478833
EA_baseline,brent,13,0.009220129176417987,0.0057686632223501325,0.011373919482769555,0.04977189965242382,0.07782635110619747
EA_baseline,vix,13,0.07680035326175674,0.02142841577379661,0.036760097999494756,0.11762207271490223,0.15064091663722246
EA_baseline,activity,13,0.03164542768974968,0.011803035313733796,0.02009872274688494,0.08332101656946685,0.12927511131282615
EA_baseline,price,13,0.0021108564840930043,0.0013637518970906336,0.0026610920522216227,0.02825241088654444,0.05709861088298443
EA_baseline,policy,13,0.448215640394089,0.23834192576334703,0.3058639068112032,0.551120098233935,0.6403976826162286
EA_baseline,fx,13,0.06544679151702579,0.016434307236621582,0.028859113305395933,0.12745645830337748,0.19529388153941526
EA_baseline,brent,14,0.009201759787891828,0.006211464262571095,0.01200652034335759,0.05190495999238282,0.08118632621709007
EA_baseline,vix,14,0.07939796654656676,0.022400822643396524,0.03751228963661987,0.11917068304936625,0.15110476088529776
EA_baseline,activity,14,0.03130806801960489,0.012041790867864317,0.020392755774797905,0.08486491969586016,0.12929538234996293
EA_baseline,price,14,0.0023439669588538135,0.0014224752053755322,0.0026156669655961963,0.030638195158204776,0.05978515513428997
EA_baseline,policy,14,0.42068403412563843,0.21888313679413424,0.28492302474687975,0.5292480936714925,0.6197555410144637
EA_baseline,fx,14,0.06764348053178183,0.01683695271978614,0.030341281598551758,0.13178492039164327,0.19905809999959262
EA_baseline,brent,15,0.0091888345439242,0.006580031022298286,0.012449518051940682,0.05391856029474731,0.08298174349806088
EA_baseline,vix,15,0.08291745509030538,0.023351228619325773,0.038374063050173914,0.12375657556840763,0.15323919307489928
EA_baseline,activity,15,0.030935570200495772,0.012248879472580297,0.02149789150440579,0.08594019013887069,0.12827738175876124
EA_baseline,price,15,0.0026369318886445806,0.0014222091950368485,0.002651231638164772,0.032819101490870355,0.06482308361436313
EA_baseline,policy,15,0.3961193495582418,0.19846627224431962,0.2673054201802618,0.5055852243172233,0.6024020578170175
EA_baseline,fx,15,0.07026250989975176,0.01760642281930102,0.03215145106911206,0.13329166559342523,0.2060498317992217
EA_baseline,brent,16,0.009146628922992563,0.0065779186887598585,0.012742811868920246,0.055765352904273875,0.08374072085949452
EA_baseline,vix,16,0.0861935951258983,0.024266906005322525,0.03836614679068408,0.1269608563241,0.1594164442853437
EA_baseline,activity,16,0.03063741420791645,0.012633863182969107,0.021857196593678994,0.08583566425216829,0.12842844943088974
EA_baseline,price,16,0.002938848466859092,0.001414682412246703,0.002672898622035382,0.03483110097489477,0.06843175050914396
EA_baseline,policy,16,0.373771734085509,0.1819526620248006,0.25065375401610274,0.48135303802479723,0.5848158346159236
EA_baseline,fx,16,0.0728199409012809,0.017974871011944837,0.03395124403253145,0.1393314052092874,0.20944368465613541
EA_baseline,brent,17,0.009105686960145675,0.007010034377572314,0.01307792464906361,0.05699888133000836,0.08696838176702602
EA_baseline,vix,17,0.08956156271535,0.025064893743627626,0.03822512087278545,0.12842917262302256,0.16481324983873474
EA_baseline,activity,17,0.03044862098194403,0.013105402828507553,0.021979031972470493,0.08514980754506042,0.12794845977291605
EA_baseline,price,17,0.003214125266985752,0.0013078757708980904,0.0026622976199796073,0.0367214526097931,0.07100778219890164
EA_baseline,policy,17,0.35396616592139907,0.1673783985785152,0.23218002753755018,0.4611970162075308,0.5674165050925207
EA_baseline,fx,17,0.07537197023357484,0.018353888751556243,0.03621203099421801,0.14410652318035358,0.21612937390297157
EA_baseline,brent,18,0.009094479554390895,0.007333859486416531,0.013495934852847453,0.059063654401512775,0.08787260922639002
EA_baseline,vix,18,0.09329947041459068,0.024972800509460404,0.039924489028905906,0.13292142488006492,0.16951928344882664
EA_baseline,activity,18,0.03037501121802359,0.013249650104573032,0.022222451963386528,0.08471529859213661,0.1257310285386195
EA_baseline,price,18,0.003548274147140582,0.001227640661693372,0.0027295950653808358,0.03834300451998457,0.07335952584943894
EA_baseline,policy,18,0.3363432531053916,0.15292637970957543,0.2173242881309824,0.4465079770760725,0.5521995620533704
EA_baseline,fx,18,0.0776722984968571,0.019520020254887967,0.03707135208557504,0.14835255820391052,0.21696186655839475
EA_baseline,brent,19,0.00911362878765698,0.007794359494017823,0.013714294451884329,0.06080417047400217,0.08953778503135493
EA_baseline,vix,19,0.09686990096388051,0.026463130114307808,0.040422257738569514,0.13485684650535457,0.17234123937885437
EA_baseline,activity,19,0.030379730091126215,0.013509941570421048,0.022481674289856233,0.08528725865653909,0.12554392376875256
EA_baseline,price,19,0.003860196897332395,0.0012036693555121407,0.0029157404216346,0.04078041187000778,0.07545089862345328
EA_baseline,policy,19,0.3206803790774705,0.1406011265605257,0.20345192905154064,0.4393411725570215,0.5410067395241489
EA_baseline,fx,19,0.07997887647556429,0.0206044110232376,0.03861154638912846,0.15072520928779753,0.22250572508171346
EA_baseline,brent,20,0.009190556363093063,0.007994797856699177,0.01453124253458391,0.06309288167857847,0.09186408843348896
EA_baseline,vix,20,0.10002002055603082,0.02651353066354132,0.041186504567856344,0.13801822117301393,0.17426265226431112
EA_baseline,activity,20,0.030519849247738186,0.013898090769131108,0.022790295491409433,0.08684559202148869,0.1247663500566461
EA_baseline,price,20,0.004174185138454935,0.0012887042371624196,0.0028954341059181615,0.043362791951629426,0.08041963418856213
EA_baseline,policy,20,0.3068913020947216,0.1333984512245893,0.19295134504762995,0.428730447020715,0.5333618943465538
EA_baseline,fx,20,0.08228636013598133,0.02089925384428221,0.03987626076231352,0.15324975676189745,0.2299785431703934
EA_baseline,brent,21,0.009329912019447911,0.00818923967735785,0.014751851223741796,0.06443193546859649,0.09382072855796926
EA_baseline,vix,21,0.10276213721741217,0.026902795466560835,0.04148654881483164,0.13973542284063104,0.1787322299287212
EA_baseline,activity,21,0.030718787827423714,0.014083192352362744,0.022923930252689285,0.08819149393679691,0.12674612825402498
EA_baseline,price,21,0.004508332832861241,0.0012810356792658229,0.00297243620794496,0.046186871840134584,0.08253201328332505
EA_baseline,policy,21,0.2948239557300754,0.12783840632853108,0.18432333954908234,0.4196031954837627,0.5208421718318235
EA_baseline,fx,21,0.08458975101433586,0.02198508429318323,0.04080762535950167,0.15410751095704156,0.2304881943497211
EA_baseline,brent,22,0.009529448979110117,0.00839112221065951,0.015116023060552033,0.06608212830778278,0.09508258151296094
EA_baseline,vix,22,0.10522603485478565,0.027010020066657023,0.041786751511860384,0.14310653751508334,0.1817962452146506
EA_baseline,activity,22,0.030963976546932552,0.013972089340337713,0.02317849799273244,0.09003740520806085,0.12958960654706753
EA_baseline,price,22,0.00485298229212807,0.0013301276648389317,0.0029791159618972334,0.04848532696172448,0.08516158961713503
EA_baseline,policy,22,0.2841491499721738,0.1213769676273146,0.175218406115686,0.4073303140959739,0.5163120187259739
EA_baseline,fx,22,0.08674547013806039,0.02317111795954664,0.04099821194559232,0.1561627286593951,0.23104227432114144
EA_baseline,brent,23,0.009794784649360675,0.00851132330058547,0.01520981136095066,0.06876058623702377,0.09922554647838136
EA_baseline,vix,23,0.10747916315883564,0.02685412536900785,0.04218681315807888,0.14565618048377502,0.18582871266335402
EA_baseline,activity,23,0.031222006303490667,0.014030428024954371,0.023495620783371245,0.0912135041671989,0.13046033102799962
EA_baseline,price,23,0.005194225971219287,0.001311756546694529,0.003066401199848624,0.049782175744660824,0.09337183307791128
EA_baseline,policy,23,0.2747739252539185,0.11781470309245724,0.16837870301261953,0.397917106330771,0.5114027198148047
EA_baseline,fx,23,0.0888731017258375,0.024494901603938073,0.04200642486852494,0.1571479845009683,0.23202636329883994
EA_baseline,brent,24,0.010108867973862326,0.008579658768202617,0.015539700638996417,0.06937640601630721,0.09907458604354503
EA_baseline,vix,24,0.10968301873920443,0.02671794173063672,0.04206912306688051,0.14759559597860875,0.18941292092120096
EA_baseline,activity,24,0.03154451953728769,0.014376274331878686,0.023443540129769215,0.09245342911532231,0.13129560335543797
EA_baseline,price,24,0.005554625508792101,0.0012643418180792287,0.0032300723726801403,0.05303034448804727,0.10135585335784392
EA_baseline,policy,24,0.26650339662285116,0.11330620367700309,0.1628954684872009,0.39261130730528193,0.5015331847569419
EA_baseline,fx,24,0.09091939911858327,0.025026041536061347,0.04302833271935149,0.15889670752357365,0.2347613151631442
EA_baseline,brent,25,0.010445873390780572,0.008703043185774513,0.01575939138823903,0.07072582144372261,0.1004075697128943
EA_baseline,vix,25,0.11173318235074688,0.027097119085533538,0.042561797615181356,0.14917503160979773,0.19116866043260616
EA_baseline,activity,25,0.031940800168457406,0.014967685752789874,0.02392922981806401,0.09501421131153362,0.13268203166762996
EA_baseline,price,25,0.005911367560205206,0.001232595576255661,0.0033812472851007364,0.055104222452918426,0.10567144319286956
EA_baseline,policy,25,0.25915557797442046,0.10999689755539145,0.15741620193933484,0.38775509456921853,0.49268373703853613
EA_baseline,fx,25,0.09288693400895594,0.02610651144423878,0.04365771895302493,0.16051130598934912,0.23820334419262346
EA_baseline,brent,26,0.010817765960573756,0.008812339448885046,0.015967559104405425,0.07174534800557336,0.10072989210732211
EA_baseline,vix,26,0.11360657226646652,0.0277541873039421,0.0428282275846019,0.15183493023289496,0.1937565095930516
EA_baseline,activity,26,0.03239190377356002,0.015502285882760543,0.02435180546150986,0.09730060201255954,0.1339352432341979
EA_baseline,price,26,0.006262000989065232,0.0012360495170450274,0.0035709848483143586,0.05640915480863113,0.10625878012143329
EA_baseline,policy,26,0.2526323326013362,0.10575707323663676,0.1537640856417651,0.3830504899662466,0.48822544608389895
EA_baseline,fx,26,0.09475334655231221,0.02648842548737498,0.044682243296869345,0.1623756609819913,0.2386229287369412
EA_baseline,brent,27,0.011228903841426071,0.00896070608182079,0.01612665952371368,0.07184894519136682,0.10165021924908506
EA_baseline,vix,27,0.11538767756039409,0.027808119950355717,0.04285644444596727,0.15145054902455105,0.19677269166704495
EA_baseline,activity,27,0.03286997793043359,0.015739797323867506,0.024401368598890805,0.09754181792793695,0.13531135427974328
EA_baseline,price,27,0.006614443553300612,0.0012908046800053509,0.0035731207504515424,0.05833889012101291,0.1099848971881441
EA_baseline,policy,27,0.24683709555728559,0.10280995406349094,0.14966503717741955,0.3801127256897116,0.4871410771695341
EA_baseline,fx,27,0.09656708455855571,0.0281949917653851,0.04474430348665394,0.16407630965066328,0.2414599875982479
EA_baseline,brent,28,0.011679631181628023,0.008945519840781442,0.016177072523773334,0.07227631268419851,0.10228773963854938
EA_baseline,vix,28,0.1170314599986175,0.02771691197368214,0.04279238139645547,0.15483921627539673,0.1975185500813665
EA_baseline,activity,28,0.03338594193195201,0.01590714224281093,0.024851089629547567,0.09815839149930329,0.13704719914889132
EA_baseline,price,28,0.006968720366360703,0.0013456343116145537,0.0037459884770256265,0.06083250179552736,0.1123362251941287
EA_baseline,policy,28,0.24163985121734988,0.10145925458055867,0.14586237089859092,0.3755993017014075,0.4860966415936757
EA_baseline,fx,28,0.09828306644942672,0.02851625049728228,0.04522773591861437,0.16551384093091343,0.24463333678878874
EA_baseline,brent,29,0.012175752496094198,0.009264634196658699,0.0163830229883172,0.07248607040816679,0.10311816941540032
EA_baseline,vix,29,0.11848858168430562,0.027670640796712092,0.0430682667828928,0.15607402638626736,0.19679034704834814
EA_baseline,activity,29,0.03392407406926316,0.016004117153850732,0.02546600970855994,0.0984531213355919,0.13888307849988102
EA_baseline,price,29,0.007315781850758038,0.0013768362604615776,0.003848574967703888,0.06413886967735605,0.11483869558498656
EA_baseline,policy,29,0.23697427915315117,0.1001546381755501,0.1418509763005529,0.3736163237389524,0.485045113450966
EA_baseline,fx,29,0.09995286584756424,0.02898374659630033,0.046384395015589094,0.1668724255311977,0.24675980306189121
EA_baseline,brent,30,0.012718874751751106,0.009602269829287165,0.016637563241767975,0.0729961932364831,0.10344839516610115
EA_baseline,vix,30,0.11981299513294222,0.027545629765872184,0.043489327125033415,0.15530193317524865,0.19716050861862067
EA_baseline,activity,30,0.03448116380361936,0.016602254713960225,0.025717049197818902,0.09905421719042272,0.1399293041096806
EA_baseline,price,30,0.007662695219727685,0.0014119543326794172,0.003857017227983789,0.06528497764606016,0.11948600676487744
EA_baseline,policy,30,0.23277501658743838,0.09943485222718514,0.13902276504974967,0.36712690143809307,0.482744040366153
EA_baseline,fx,30,0.1015715707622064,0.029219293436738465,0.047586255974520854,0.16683481158454735,0.24781964918492155
EA_baseline,brent,31,0.013299234990657941,0.009882776231624198,0.01720469300622696,0.07352475077197877,0.10566347778108348
EA_baseline,vix,31,0.12100649602613084,0.02726436876999414,0.043685913152307174,0.15443005090384757,0.19717893866344408
EA_baseline,activity,31,0.035042681783174406,0.017183829764388356,0.026046617435117114,0.0996649111630167,0.14159026921758175
EA_baseline,price,31,0.008005670326051026,0.0014883875573087253,0.003967890052493202,0.06596956621826475,0.12412000458861627
EA_baseline,policy,31,0.22897101702191938,0.09615358918147329,0.13643668135807147,0.3628257419800681,0.4778072529692888
EA_baseline,fx,31,0.103147158145149,0.02917718997759542,0.04834678888430104,0.1689495125792126,0.24625951894275716
EA_baseline,brent,32,0.013915811773918655,0.010004383943670458,0.017366011373270727,0.07478917329718698,0.10698061523571625
EA_baseline,vix,32,0.12206671358175669,0.02766066753842348,0.04406336585963867,0.15447225031202683,0.19686250370476122
EA_baseline,activity,32,0.035604013232478804,0.017271582819523627,0.026528445746934623,0.10070017238679146,0.14332858391906597
EA_baseline,price,32,0.008341272929692731,0.0015012923428345466,0.00410326912592099,0.06682951706796046,0.13145694607068076
EA_baseline,policy,32,0.22551001737322734,0.09444652943983482,0.13458520274878316,0.3575969860514298,0.47282319827926783
EA_baseline,fx,32,0.1046817115197859,0.02970857511211307,0.048844332564186146,0.16904085664113533,0.24655817763081647
EA_baseline,brent,33,0.014564209258114932,0.010146137001495146,0.017496920133127418,0.07601293445963556,0.10732816655612984
EA_baseline,vix,33,0.12302438044291825,0.028117407125857124,0.0442659610859647,0.15399859535469032,0.19644109281255573
EA_baseline,activity,33,0.036164250404143755,0.01763669995510232,0.026911256387832892,0.1016705552472835,0.14494189017466474
EA_baseline,price,33,0.008671766700434277,0.0015606912664109468,0.004149078328841622,0.06765713127865584,0.13283931312824254
EA_baseline,policy,33,0.2223502732667851,0.09305087240773642,0.13374596716845394,0.3536863436788824,0.4680977388665325
EA_baseline,fx,33,0.10619326470816402,0.030298067418375353,0.04913187535142128,0.16994293553346085,0.2468059478069229
EA_baseline,brent,34,0.015233442207013174,0.010320566394867151,0.017513687704405735,0.07718811386989925,0.10752578260048981
EA_baseline,vix,34,0.12389338657187095,0.028437956657176036,0.044468938250089324,0.15383383520608213,0.19575227151617158
EA_baseline,activity,34,0.03673043728608042,0.017987807834211552,0.027357018258364008,0.10221828129008524,0.14603220431524014
EA_baseline,price,34,0.00899737435447782,0.001657469424099742,0.004219901157908751,0.06863573074498597,0.13411798956753646
EA_baseline,policy,34,0.21944258424715135,0.09191601382863566,0.13219370728614777,0.3490598000032893,0.46361732950040535
EA_baseline,fx,34,0.10766199201789346,0.03051762105519778,0.049329596637236586,0.17046780989958182,0.2500258545604882
EA_baseline,brent,35,0.0159175576207931,0.01054432656344204,0.01778067802193468,0.07800111089269811,0.10909774014425021
EA_baseline,vix,35,0.12466867103498074,0.028838935645293516,0.04429421790812656,0.15352321800867694,0.19444335408183325
EA_baseline,activity,35,0.03729801578800729,0.018342835258244556,0.027563090032598807,0.10347083736021653,0.1473918846352396
EA_baseline,price,35,0.009313479332346298,0.0016554563628438353,0.004247061550530912,0.07015226438719593,0.1374763584788437
EA_baseline,policy,35,0.21675405647297036,0.09161126045582292,0.1304562055366288,0.34392232570032,0.4593832798827408
EA_baseline,fx,35,0.10909483282777643,0.030651737572638095,0.049695995026227964,0.17059535039175938,0.2530348873678926
EA_baseline,brent,36,0.016615075397969456,0.010565578910055218,0.01785435060979051,0.0788413135664704,0.11015298559967014
EA_baseline,vix,36,0.12536851006449581,0.02883191773840486,0.04429191448322949,0.15362960976718693,0.19338825543120494
EA_baseline,activity,36,0.03786394639067292,0.01846094717367235,0.027875170725670872,0.105370713392658,0.1485806570096637
EA_baseline,price,36,0.009621471491581745,0.0017299715632831372,0.0042955492539288945,0.07037826981444015,0.1422890360029029
EA_baseline,policy,36,0.21426002641946926,0.09068836220440472,0.1291530292826076,0.34096181348116716,0.45537661126065815
EA_baseline,fx,36,0.11048960175571379,0.030815373861977274,0.05023628140307091,0.17110854032164108,0.2530520728866484
TR_baseline,brent,1,0.0,0.0,0.0,0.0,0.0
TR_baseline,vix,1,0.0,0.0,0.0,0.0,0.0
TR_baseline,fedfunds,1,0.0,0.0,0.0,0.0,0.0
TR_baseline,activity,1,0.0,0.0,0.0,0.0,0.0
TR_baseline,price,1,0.0,0.0,0.0,0.0,0.0
TR_baseline,policy,1,0.9528955772242098,0.8332201195964961,0.8828920509282506,0.9673899655854818,0.9830378574923835
TR_baseline,fx,1,0.016503582389904792,0.00026231437364560267,0.002339832322670437,0.0388542332279894,0.06800849450921198
TR_baseline,brent,2,0.0,0.0,0.0,0.0,0.0
TR_baseline,vix,2,0.0,0.0,0.0,0.0,0.0
TR_baseline,fedfunds,2,0.0,0.0,0.0,0.0,0.0
TR_baseline,activity,2,0.0024666801420532066,4.5559174067785395e-05,0.0003430111701524532,0.016853455879372675,0.031245232063384417
TR_baseline,price,2,0.0002812395847685345,6.161444226202058e-05,0.0004364027729100309,0.022458522422712214,0.03862545639035852
TR_baseline,policy,2,0.9018442283781426,0.7225732180256185,0.7824148654245081,0.9124389499943156,0.9406669049292441
TR_baseline,fx,2,0.005771438083259291,0.0020811761884858226,0.003944581860122884,0.029702768124373984,0.056741501072152124
TR_baseline,brent,3,0.0,0.0,0.0,0.0,0.0
TR_baseline,vix,3,0.0,0.0,0.0,0.0,0.0
TR_baseline,fedfunds,3,0.0,0.0,0.0,0.0,0.0
TR_baseline,activity,3,0.004050286772063147,0.0007147412189333867,0.0026733772525311585,0.025866183244859918,0.04341672330567673
TR_baseline,price,3,0.010926084508389932,0.0018336142588484606,0.005562499658351389,0.050083728113838634,0.09425935222808965
TR_baseline,policy,3,0.8515390592760592,0.6283731797815219,0.6908540429926656,0.8599859224932986,0.8991974648569399
TR_baseline,fx,3,0.003998839656050812,0.0021137400252513486,0.004106278344918174,0.03945754934406715,0.07111186918530023
TR_baseline,brent,4,0.0,0.0,0.0,0.0,0.0
TR_baseline,vix,4,0.0,0.0,0.0,0.0,0.0
TR_baseline,fedfunds,4,0.0,0.0,0.0,0.0,0.0
TR_baseline,activity,4,0.003819720082991767,0.0020712562505879606,0.004494883070115465,0.027486440877252247,0.047455187674515745
TR_baseline,price,4,0.02233807122373536,0.003912545445486652,0.010592468944662693,0.06921457757738715,0.10428561708621588
TR_baseline,policy,4,0.7772653339723004,0.4948362074220186,0.5684748400433592,0.795405148655638,0.8474527495319256
TR_baseline,fx,4,0.0037828914638720415,0.0028772863100466448,0.006390242498411852,0.05283752753585724,0.08781857509709232
TR_baseline,brent,5,0.0,0.0,0.0,0.0,0.0
TR_baseline,vix,5,0.0,0.0,0.0,0.0,0.0
TR_baseline,fedfunds,5,0.0,0.0,0.0,0.0,0.0
TR_baseline,activity,5,0.008090347392562909,0.004945656867861741,0.008205870025632188,0.03320570191428019,0.04875896258487413
TR_baseline,price,5,0.022550930803397807,0.007634455389695973,0.014851368814248053,0.07150582164073911,0.10647253374956729
TR_baseline,policy,5,0.7499453402736869,0.4259561369523322,0.5142595922767174,0.7658860474346949,0.8134164216080103
TR_baseline,fx,5,0.003520972561572796,0.0035549687988479495,0.00722624977812682,0.060332697293676275,0.09752037179374005
TR_baseline,brent,6,0.0,0.0,0.0,0.0,0.0
TR_baseline,vix,6,0.0,0.0,0.0,0.0,0.0
TR_baseline,fedfunds,6,0.0,0.0,0.0,0.0,0.0
TR_baseline,activity,6,0.007876647911325944,0.0050495124674107845,0.00834359250279355,0.03373728062308534,0.048506691150505404
TR_baseline,price,6,0.025020401062904485,0.010716474105454373,0.018809072629920466,0.07853061581737963,0.1079631084387203
TR_baseline,policy,6,0.7297782537274866,0.37408089989321,0.4728590632917759,0.73518342641758,0.7900023212869921
TR_baseline,fx,6,0.00348033375630042,0.00455539021153727,0.009217832231550862,0.06255517563024383,0.10108019214450134
TR_baseline,brent,7,0.0,0.0,0.0,0.0,0.0
TR_baseline,vix,7,0.0,0.0,0.0,0.0,0.0
TR_baseline,fedfunds,7,0.0,0.0,0.0,0.0,0.0
TR_baseline,activity,7,0.007842989801291738,0.005459144787207932,0.008646553199687393,0.03495579720746195,0.051325436053429006
TR_baseline,price,7,0.024280931312612157,0.01233200017565275,0.020770864181970293,0.07851943696178733,0.10943141589537612
TR_baseline,policy,7,0.7174396804280347,0.35473059286195613,0.43971030163547925,0.7043905178285105,0.7738520163147249
TR_baseline,fx,7,0.004609042185733207,0.005388821553405302,0.01029663777767919,0.06363418816818883,0.1011809164177634
TR_baseline,brent,8,0.0,0.0,0.0,0.0,0.0
TR_baseline,vix,8,0.0,0.0,0.0,0.0,0.0
TR_baseline,fedfunds,8,0.0,0.0,0.0,0.0,0.0
TR_baseline,activity,8,0.010583303680783142,0.00778058847762617,0.012234255341470263,0.04055462064360165,0.059104045388635326
TR_baseline,price,8,0.0287202739410185,0.01455222219149259,0.024288379245988714,0.08472463803622621,0.1108007348700348
TR_baseline,policy,8,0.7156930363094529,0.33185112500091507,0.4198710703028171,0.6834269946687982,0.7607932657102695
TR_baseline,fx,8,0.00697422645731549,0.00585370311929361,0.011043660324521162,0.06847974314127019,0.10185296126251113
TR_baseline,brent,9,0.0,0.0,0.0,0.0,0.0
TR_baseline,vix,9,0.0,0.0,0.0,0.0,0.0
TR_baseline,fedfunds,9,0.0,0.0,0.0,0.0,0.0
TR_baseline,activity,9,0.01681426093104012,0.01070430151494545,0.015328631967355134,0.04738986061616755,0.06711585045363765
TR_baseline,price,9,0.030046939286330523,0.015380200879260519,0.02521484026863872,0.08335437601431553,0.11144151082339931
TR_baseline,policy,9,0.7116902286959529,0.30547716470854214,0.4015181189115059,0.6641583324417367,0.7436754890459901
TR_baseline,fx,9,0.011044518669072759,0.0066258919260543826,0.013183000230689648,0.06863126639246282,0.09886487599754999
TR_baseline,brent,10,0.0,0.0,0.0,0.0,0.0
TR_baseline,vix,10,0.0,0.0,0.0,0.0,0.0
TR_baseline,fedfunds,10,0.0,0.0,0.0,0.0,0.0
TR_baseline,activity,10,0.018529357055738938,0.011615382864891569,0.01543992216353924,0.04830769419958112,0.06920402900140613
TR_baseline,price,10,0.029494886951531046,0.016385132480675055,0.025801302584628063,0.08210269018583576,0.1110794651252901
TR_baseline,policy,10,0.7012063459806774,0.2851065174828267,0.38142202683860643,0.6430923852918037,0.7225013634856169
TR_baseline,fx,10,0.015890648787672972,0.0074003181531732175,0.014299095165767328,0.07472418633994285,0.10621119356193129
TR_baseline,brent,11,0.0,0.0,0.0,0.0,0.0
TR_baseline,vix,11,0.0,0.0,0.0,0.0,0.0
TR_baseline,fedfunds,11,0.0,0.0,0.0,0.0,0.0
TR_baseline,activity,11,0.021366045728656295,0.011964270523363338,0.016573427790422816,0.0520996667721633,0.07373327254471018
TR_baseline,price,11,0.02922112097964264,0.017100806128672336,0.02638953126718168,0.07956701844491339,0.11272671386710638
TR_baseline,policy,11,0.6885391495946611,0.26321794453860675,0.35535422141497186,0.6215282384895596,0.7016450136743514
TR_baseline,fx,11,0.01847574746493574,0.008188029892170181,0.014477507034633392,0.07393593117313836,0.11204821479389189
TR_baseline,brent,12,0.0,0.0,0.0,0.0,0.0
TR_baseline,vix,12,0.0,0.0,0.0,0.0,0.0
TR_baseline,fedfunds,12,0.0,0.0,0.0,0.0,0.0
TR_baseline,activity,12,0.022451887276986732,0.011864319936731156,0.016693186029203208,0.05274696853361864,0.07597349607242158
TR_baseline,price,12,0.03140916023783265,0.019007404540798054,0.028010528686155063,0.08164780890537066,0.11120104926963717
TR_baseline,policy,12,0.6699691403527342,0.24008192255933505,0.3274296476370418,0.601457336774863,0.678203578945668
TR_baseline,fx,12,0.018823849138661565,0.008319615475867103,0.013888456635706781,0.07149106309081678,0.11070062610491607
TR_baseline,brent,13,0.0,0.0,0.0,0.0,0.0
TR_baseline,vix,13,0.0,0.0,0.0,0.0,0.0
TR_baseline,fedfunds,13,0.0,0.0,0.0,0.0,0.0
TR_baseline,activity,13,0.02139167518764887,0.011952864849190939,0.01665639833057595,0.05014940209448149,0.0759761164341908
TR_baseline,price,13,0.030963755172341734,0.019103442534930477,0.027897133053550443,0.08156118993971531,0.11494974024216116
TR_baseline,policy,13,0.6511362413084938,0.21846745319689803,0.3076501271921876,0.5761108575757273,0.6556266171806427
TR_baseline,fx,13,0.01913912341663005,0.0078223068182473,0.013627570194055331,0.06830108164272537,0.10708889952169653
TR_baseline,brent,14,0.0,0.0,0.0,0.0,0.0
TR_baseline,vix,14,0.0,0.0,0.0,0.0,0.0
TR_baseline,fedfunds,14,0.0,0.0,0.0,0.0,0.0
TR_baseline,activity,14,0.0209864829191152,0.012736662633144245,0.018096442425085457,0.04910576996831826,0.07088873901689495
TR_baseline,price,14,0.032182095799819725,0.020440284366694064,0.029128080399609898,0.08289741531823493,0.11376582157248528
TR_baseline,policy,14,0.6289042133047377,0.2032518156452102,0.2874128492086033,0.5559490489323659,0.6267282057029072
TR_baseline,fx,14,0.02002616370041798,0.007857032087845174,0.013570258387613894,0.06904820072034452,0.10469660016205733
TR_baseline,brent,15,0.0,0.0,0.0,0.0,0.0
TR_baseline,vix,15,0.0,0.0,0.0,0.0,0.0
TR_baseline,fedfunds,15,0.0,0.0,0.0,0.0,0.0
TR_baseline,activity,15,0.021328984258863606,0.013449719529973833,0.018737219226415032,0.04913570656415194,0.07074682381308946
TR_baseline,price,15,0.03595957894095542,0.02197216616361066,0.031579090056266995,0.0851688174588155,0.11728828718456355
TR_baseline,policy,15,0.6035917565086825,0.1903778571098379,0.2680540147516533,0.5300520010247044,0.5999647988178949
TR_baseline,fx,15,0.02224321824732421,0.008686758723718532,0.014017828362693809,0.07102490613582525,0.10652425945125109
TR_baseline,brent,16,0.0,0.0,0.0,0.0,0.0
TR_baseline,vix,16,0.0,0.0,0.0,0.0,0.0
TR_baseline,fedfunds,16,0.0,0.0,0.0,0.0,0.0
TR_baseline,activity,16,0.021939098808267568,0.013691378882511908,0.018709442993133586,0.049466963132027475,0.06844295077292648
TR_baseline,price,16,0.036492228136611106,0.022845217195144003,0.032749974675708816,0.085385311518622,0.11602499708847311
TR_baseline,policy,16,0.5769292172575531,0.18060216964127637,0.24801046099961863,0.5084756865532578,0.5787600622668043
TR_baseline,fx,16,0.02414198858492421,0.008716272929929202,0.01446862098970517,0.07304096197993873,0.11405571005114437
TR_baseline,brent,17,0.0,0.0,0.0,0.0,0.0
TR_baseline,vix,17,0.0,0.0,0.0,0.0,0.0
TR_baseline,fedfunds,17,0.0,0.0,0.0,0.0,0.0
TR_baseline,activity,17,0.024273496104252043,0.014274845008579702,0.01885495136688801,0.049253681212725574,0.07199406544443952
TR_baseline,price,17,0.036158038430859955,0.02280778336207637,0.03290876970548921,0.0849013122294223,0.11502722473547858
TR_baseline,policy,17,0.5452023663254844,0.16741791777942572,0.23226086737221366,0.4781732503854481,0.5570875238140615
TR_baseline,fx,17,0.024691349637770962,0.008825353309430406,0.014244757558379742,0.07336725168424549,0.11937463586677986
TR_baseline,brent,18,0.0,0.0,0.0,0.0,0.0
TR_baseline,vix,18,0.0,0.0,0.0,0.0,0.0
TR_baseline,fedfunds,18,0.0,0.0,0.0,0.0,0.0
TR_baseline,activity,18,0.027690308834741006,0.014993579220385477,0.01945499655931141,0.05122869179166651,0.07162521198614809
TR_baseline,price,18,0.036028557713208426,0.02279377026948113,0.03234883899995176,0.08497635777885841,0.11279456923886702
TR_baseline,policy,18,0.5109416968910545,0.15290370878924045,0.21142296836532326,0.44782181391695774,0.5289954105363224
TR_baseline,fx,18,0.02498674080582246,0.008605079337238308,0.01420215853567686,0.07440381325902207,0.12221312071760146
TR_baseline,brent,19,0.0,0.0,0.0,0.0,0.0
TR_baseline,vix,19,0.0,0.0,0.0,0.0,0.0
TR_baseline,fedfunds,19,0.0,0.0,0.0,0.0,0.0
TR_baseline,activity,19,0.03277836978700218,0.014999711631005044,0.020062604369936204,0.054746378894265105,0.07648783909140604
TR_baseline,price,19,0.03771533693622767,0.023507913064654967,0.03419398820630303,0.08622968688488264,0.11350965663156962
TR_baseline,policy,19,0.47557944462364277,0.13941727938457185,0.1932023670916216,0.41938112586740245,0.49809812853560465
TR_baseline,fx,19,0.025240729454693328,0.00804243732466177,0.013728793730091152,0.07135803112693487,0.12437919820218418
TR_baseline,brent,20,0.0,0.0,0.0,0.0,0.0
TR_baseline,vix,20,0.0,0.0,0.0,0.0,0.0
TR_baseline,fedfunds,20,0.0,0.0,0.0,0.0,0.0
TR_baseline,activity,20,0.03706582731523796,0.015234088680383475,0.0206392307469985,0.05777147034311493,0.08089636352430236
TR_baseline,price,20,0.040161340814616225,0.023940242697860218,0.034850150185058396,0.08768509941012126,0.1133639474348438
TR_baseline,policy,20,0.4390758054348882,0.1277504480205312,0.1747547153273411,0.3870289818637909,0.471972316008436
TR_baseline,fx,20,0.025469928117144394,0.007934616505074503,0.013462560893627698,0.07194136325445645,0.12356445108863437
TR_baseline,brent,21,0.0,0.0,0.0,0.0,0.0
TR_baseline,vix,21,0.0,0.0,0.0,0.0,0.0
TR_baseline,fedfunds,21,0.0,0.0,0.0,0.0,0.0
TR_baseline,activity,21,0.03908444536357096,0.014633110271315993,0.020745717870243728,0.05798984764082053,0.08118042408775243
TR_baseline,price,21,0.04080813525331399,0.023891589888125977,0.03513006624091376,0.08748212057793317,0.11488432887592526
TR_baseline,policy,21,0.40153400190967653,0.11492067068434351,0.15886697316731488,0.3597410530089069,0.44647112977995057
TR_baseline,fx,21,0.025697697630205536,0.007696348114171264,0.01301669970900753,0.07181095451640715,0.12399598428507107
TR_baseline,brent,22,0.0,0.0,0.0,0.0,0.0
TR_baseline,vix,22,0.0,0.0,0.0,0.0,0.0
TR_baseline,fedfunds,22,0.0,0.0,0.0,0.0,0.0
TR_baseline,activity,22,0.039554891861665,0.014153324685617377,0.019830048394346995,0.057326766327007665,0.08138841815345388
TR_baseline,price,22,0.040566485636935476,0.023401737150199813,0.03481315624887778,0.0862575070433818,0.11518847760980915
TR_baseline,policy,22,0.3628806716191396,0.1012895169889486,0.13950016972326398,0.3330087523103988,0.4136167200265049
TR_baseline,fx,22,0.02603542043203749,0.007731634990440872,0.012972408380707406,0.07072632022592582,0.12260213001116295
TR_baseline,brent,23,0.0,0.0,0.0,0.0,0.0
TR_baseline,vix,23,0.0,0.0,0.0,0.0,0.0
TR_baseline,fedfunds,23,0.0,0.0,0.0,0.0,0.0
TR_baseline,activity,23,0.0396864563658838,0.013689528807743316,0.019202314298648708,0.05612850350068944,0.0798410743541672
TR_baseline,price,23,0.04026755560273074,0.023551632672369135,0.03440046463096783,0.0855255002412975,0.11392208064301618
TR_baseline,policy,23,0.3264238118970119,0.09075329996140036,0.12259382054938223,0.3026122952818622,0.3849127221986222
TR_baseline,fx,23,0.026368208781476304,0.007427091507124965,0.012661298510326309,0.06941500494757046,0.11894513817997779
TR_baseline,brent,24,0.0,0.0,0.0,0.0,0.0
TR_baseline,vix,24,0.0,0.0,0.0,0.0,0.0
TR_baseline,fedfunds,24,0.0,0.0,0.0,0.0,0.0
TR_baseline,activity,24,0.039459252443429495,0.013287152183706812,0.0186151171935435,0.05541752703715613,0.08060610893536517
TR_baseline,price,24,0.040556807427905885,0.023505705477071977,0.03457967581842485,0.08537663186167158,0.11201623045559428
TR_baseline,policy,24,0.2933249350568855,0.07951911628943431,0.10751884957779116,0.2770942593807292,0.35612411498551544
TR_baseline,fx,24,0.026641223231571247,0.007095397990779128,0.01239530386100125,0.06870717689436033,0.11785848847989924
TR_baseline,brent,25,0.0,0.0,0.0,0.0,0.0
TR_baseline,vix,25,0.0,0.0,0.0,0.0,0.0
TR_baseline,fedfunds,25,0.0,0.0,0.0,0.0,0.0
TR_baseline,activity,25,0.038724546875454464,0.012921726057032847,0.017899299386797223,0.05475047840132635,0.07965368836224578
TR_baseline,price,25,0.04078802319800643,0.023439290721643077,0.03417246619440076,0.08486417986593393,0.1120864081891624
TR_baseline,policy,25,0.2633702511448685,0.07105704434853821,0.09502506826308689,0.25703607487714575,0.3283976732099669
TR_baseline,fx,25,0.026864827667191084,0.006792635446910183,0.012111187394976505,0.06957428327707288,0.11627827615464084
TR_baseline,brent,26,0.0,0.0,0.0,0.0,0.0
TR_baseline,vix,26,0.0,0.0,0.0,0.0,0.0
TR_baseline,fedfunds,26,0.0,0.0,0.0,0.0,0.0
TR_baseline,activity,26,0.0374327024681744,0.01235459648853424,0.01721282257723827,0.05394405548030693,0.07842838779523056
TR_baseline,price,26,0.040274475875557304,0.023145753063075827,0.03385640650360307,0.08454576994595304,0.11169340794193229
TR_baseline,policy,26,0.23687816206620668,0.06450398931650707,0.08477449450077859,0.23773281912577715,0.3063682698715609
TR_baseline,fx,26,0.026868992118316358,0.006390911019285498,0.0116447281111563,0.0690566229898409,0.11709339517046094
TR_baseline,brent,27,0.0,0.0,0.0,0.0,0.0
TR_baseline,vix,27,0.0,0.0,0.0,0.0,0.0
TR_baseline,fedfunds,27,0.0,0.0,0.0,0.0,0.0
TR_baseline,activity,27,0.0356014384005329,0.011701466159447225,0.01625438503117949,0.052321126551270435,0.07641446264428889
TR_baseline,price,27,0.039404617028645415,0.0227251596614369,0.03334427911465581,0.08376173460129677,0.11056446960582152
TR_baseline,policy,27,0.21404211230728298,0.058987265784082255,0.07707943788366263,0.22240940278558102,0.28762724633201253
TR_baseline,fx,27,0.026729391635808477,0.005997906975136388,0.01088444717585252,0.06890741757377358,0.11271871962864527
TR_baseline,brent,28,0.0,0.0,0.0,0.0,0.0
TR_baseline,vix,28,0.0,0.0,0.0,0.0,0.0
TR_baseline,fedfunds,28,0.0,0.0,0.0,0.0,0.0
TR_baseline,activity,28,0.03365576541790793,0.011283495623164564,0.015380788156135597,0.05102954052527245,0.0735535008601175
TR_baseline,price,28,0.03850829103358896,0.021935744478556497,0.03323851304762346,0.08220633548070684,0.11019747322757584
TR_baseline,policy,28,0.19463377424615877,0.052527094543860176,0.06999474076400859,0.20717234956042646,0.27066906408759744
TR_baseline,fx,28,0.026498931747183065,0.005662691947477818,0.010293638926198551,0.06740408147472281,0.10805040259734881
TR_baseline,brent,29,0.0,0.0,0.0,0.0,0.0
TR_baseline,vix,29,0.0,0.0,0.0,0.0,0.0
TR_baseline,fedfunds,29,0.0,0.0,0.0,0.0,0.0
TR_baseline,activity,29,0.031790043912065705,0.010678933607494539,0.01443851723724304,0.04970495375605484,0.0716792824576353
TR_baseline,price,29,0.03767679906489331,0.021776180607946918,0.03248914333634534,0.08113265461803595,0.10910920233898669
TR_baseline,policy,29,0.17844578314980164,0.04827373761703244,0.0646081849263769,0.1934239639828636,0.2655798632299764
TR_baseline,fx,29,0.02610984145717385,0.005360902661839048,0.00983005358017297,0.0659889634454528,0.10466947677815722
TR_baseline,brent,30,0.0,0.0,0.0,0.0,0.0
TR_baseline,vix,30,0.0,0.0,0.0,0.0,0.0
TR_baseline,fedfunds,30,0.0,0.0,0.0,0.0,0.0
TR_baseline,activity,30,0.030021629858731365,0.010148163632970029,0.013687424481417562,0.04880423105115926,0.06880846503599063
TR_baseline,price,30,0.03683616573711289,0.02175980061591179,0.031410988526524054,0.08046137953889396,0.10869373587243271
TR_baseline,policy,30,0.16509698588515867,0.04450153382562667,0.059117677651563345,0.18436013956004166,0.259076108021176
TR_baseline,fx,30,0.025528047851671287,0.0050729558439886815,0.009134529765005119,0.06297130284505321,0.10565091686214916
TR_baseline,brent,31,0.0,0.0,0.0,0.0,0.0
TR_baseline,vix,31,0.0,0.0,0.0,0.0,0.0
TR_baseline,fedfunds,31,0.0,0.0,0.0,0.0,0.0
TR_baseline,activity,31,0.02830022458894553,0.00957480376320799,0.013017883292508874,0.04786559513463687,0.06792704861874425
TR_baseline,price,31,0.03600620084468907,0.021736925503179023,0.030507376147763648,0.08011098690727507,0.1073076671084724
TR_baseline,policy,31,0.1543266228118858,0.04172338049861071,0.05683782070812095,0.1772536292920053,0.2523633635956349
TR_baseline,fx,31,0.02477714069475332,0.004660384896423362,0.008677183247858962,0.06021519368334533,0.10577510717804445
TR_baseline,brent,32,0.0,0.0,0.0,0.0,0.0
TR_baseline,vix,32,0.0,0.0,0.0,0.0,0.0
TR_baseline,fedfunds,32,0.0,0.0,0.0,0.0,0.0
TR_baseline,activity,32,0.026702429527588493,0.009177524357465943,0.012494460107062835,0.046144905570167774,0.06836506457362015
TR_baseline,price,32,0.03534604334830698,0.021562450181601585,0.03036636941846153,0.07909133427541722,0.10667108417231021
TR_baseline,policy,32,0.1458305529567812,0.039020087782850446,0.053832487091565205,0.17072511244568583,0.2470916627577984
TR_baseline,fx,32,0.023863048526735476,0.004181746021780263,0.008078131689206272,0.05738765487374168,0.09994464850085642
TR_baseline,brent,33,0.0,0.0,0.0,0.0,0.0
TR_baseline,vix,33,0.0,0.0,0.0,0.0,0.0
TR_baseline,fedfunds,33,0.0,0.0,0.0,0.0,0.0
TR_baseline,activity,33,0.025198444881138878,0.00867498610196962,0.011940010786209885,0.044879178467335565,0.06499502299268145
TR_baseline,price,33,0.03472439213385884,0.021247056643053337,0.030158734244354418,0.07840202377909158,0.10445804282875366
TR_baseline,policy,33,0.1392327017246066,0.03698649774223785,0.051624552076712016,0.16733528963727506,0.24031377879735388
TR_baseline,fx,33,0.02284099913937062,0.0037882108361830605,0.007491966266400443,0.05523549026778115,0.09612087223355345
TR_baseline,brent,34,0.0,0.0,0.0,0.0,0.0
TR_baseline,vix,34,0.0,0.0,0.0,0.0,0.0
TR_baseline,fedfunds,34,0.0,0.0,0.0,0.0,0.0
TR_baseline,activity,34,0.023724861333498555,0.008262203794338379,0.011443857310586966,0.043588652301313674,0.06313848034414853
TR_baseline,price,34,0.03398409036177945,0.02099028454430453,0.029832099493395586,0.07773524144036684,0.10310011937344712
TR_baseline,policy,34,0.13422300886194877,0.035472895990896515,0.05013264987955433,0.16449302307878524,0.23305467511280079
TR_baseline,fx,34,0.021790575120562334,0.0035275318122198343,0.006955056941965677,0.05321640722948928,0.08967103885854226
TR_baseline,brent,35,0.0,0.0,0.0,0.0,0.0
TR_baseline,vix,35,0.0,0.0,0.0,0.0,0.0
TR_baseline,fedfunds,35,0.0,0.0,0.0,0.0,0.0
TR_baseline,activity,35,0.02229862796059646,0.007920805873012757,0.010924268425168672,0.04125084478437233,0.06021978159691592
TR_baseline,price,35,0.03318780982440079,0.02069439882660889,0.029339406469617968,0.07703150933526816,0.10277807796349772
TR_baseline,policy,35,0.13046343060788543,0.03355788935997058,0.04904108888224449,0.16457313077166588,0.22571826507455986
TR_baseline,fx,35,0.020714338048074564,0.0031699097422867484,0.006540515759779983,0.05055628534235714,0.08407242253169592
TR_baseline,brent,36,0.0,0.0,0.0,0.0,0.0
TR_baseline,vix,36,0.0,0.0,0.0,0.0,0.0
TR_baseline,fedfunds,36,0.0,0.0,0.0,0.0,0.0
TR_baseline,activity,36,0.020909126300018517,0.0074311836666063865,0.01026945389131149,0.03959070881257142,0.058656785947819964
TR_baseline,price,36,0.03240897579090132,0.020679385779459828,0.028805855707298718,0.07626557631236307,0.10233134173332539
TR_baseline,policy,36,0.12766921060781936,0.03218221692761083,0.048421283671825625,0.16343819374948598,0.22388721195288794
TR_baseline,fx,36,0.01960872267281158,0.002788183196665054,0.006066987235391043,0.04736910536973511,0.07927733336140012
TR_announced,brent,1,0.0,0.0,0.0,0.0,0.0
TR_announced,vix,1,0.0,0.0,0.0,0.0,0.0
TR_announced,fedfunds,1,0.0,0.0,0.0,0.0,0.0
TR_announced,activity,1,0.0,0.0,0.0,0.0,0.0
TR_announced,price,1,0.0,0.0,0.0,0.0,0.0
TR_announced,policy,1,0.9958794977986103,0.9315013495489534,0.9519280671636805,0.9874502628827859,0.9926105235549305
TR_announced,fx,1,0.0008013853010758626,2.4427789326756824e-05,0.00029963987386146234,0.01087024726076716,0.02203462465147982
TR_announced,brent,2,0.0,0.0,0.0,0.0,0.0
TR_announced,vix,2,0.0,0.0,0.0,0.0,0.0
TR_announced,fedfunds,2,0.0,0.0,0.0,0.0,0.0
TR_announced,activity,2,0.002008039561772089,9.495931521500408e-06,0.0001092438359389465,0.006428703878599539,0.01414820889972849
TR_announced,price,2,0.017605938836633306,0.00024338011841228436,0.0020523722339366376,0.03657489959595745,0.05451502316088528
TR_announced,policy,2,0.9571854916517378,0.8385135077486705,0.8779678254697649,0.948226874143363,0.9625357180946666
TR_announced,fx,2,0.01564983963361424,0.0012618845041232228,0.0031733776256303668,0.030366603559662805,0.04682112558924959
TR_announced,brent,3,0.0,0.0,0.0,0.0,0.0
TR_announced,vix,3,0.0,0.0,0.0,0.0,0.0
TR_announced,fedfunds,3,0.0,0.0,0.0,0.0,0.0
TR_announced,activity,3,0.0028850807447676026,0.0001489770439719192,0.0005647961191846394,0.009504179245919262,0.01890579524145943
TR_announced,price,3,0.031147826255407938,0.0023521262627413564,0.007236989725573769,0.052529178675664506,0.07918546167539905
TR_announced,policy,3,0.9016069969513928,0.7316048429914142,0.7859194887236285,0.8973552485647487,0.9186195052593675
TR_announced,fx,3,0.014485912279870351,0.0018848032868441287,0.004389416575820202,0.030204497777691974,0.0486347384301257
TR_announced,brent,4,0.0,0.0,0.0,0.0,0.0
TR_announced,vix,4,0.0,0.0,0.0,0.0,0.0
TR_announced,fedfunds,4,0.0,0.0,0.0,0.0,0.0
TR_announced,activity,4,0.002559143807665215,0.0009835821354054607,0.002339058331064953,0.013349568767761133,0.021150997931418555
TR_announced,price,4,0.03080062874861862,0.004570374477341906,0.012086904677063972,0.06561504336760268,0.08978243797159646
TR_announced,policy,4,0.8562313522087949,0.6483979957601733,0.7163404361630649,0.8493899674765879,0.885597062618604
TR_announced,fx,4,0.011155820069083744,0.003354502289650453,0.006129693758934656,0.03553194473046733,0.054602876326313186
TR_announced,brent,5,0.0,0.0,0.0,0.0,0.0
TR_announced,vix,5,0.0,0.0,0.0,0.0,0.0
TR_announced,fedfunds,5,0.0,0.0,0.0,0.0,0.0
TR_announced,activity,5,0.005501755365660524,0.0029412382851213203,0.004820406538315411,0.022167508121777695,0.03491413578062309
TR_announced,price,5,0.030425934973485686,0.006032528830168312,0.013772082871824706,0.06616058720601808,0.0930510738643915
TR_announced,policy,5,0.8428615670262557,0.6105462418217157,0.6819663619841174,0.8331321818430258,0.869227149950752
TR_announced,fx,5,0.009230260512658607,0.003575560255240313,0.006669276261869709,0.035661395560432296,0.05712949530303734
TR_announced,brent,6,0.0,0.0,0.0,0.0,0.0
TR_announced,vix,6,0.0,0.0,0.0,0.0,0.0
TR_announced,fedfunds,6,0.0,0.0,0.0,0.0,0.0
TR_announced,activity,6,0.005697970681700299,0.003140845204137327,0.0058445390709458925,0.026066176779241994,0.042550947556559984
TR_announced,price,6,0.033127153480085256,0.009292737667588069,0.01770880606280279,0.07084963369506195,0.09748230475399626
TR_announced,policy,6,0.8307037592287708,0.5822960706414775,0.6489676032112647,0.8192803594350115,0.8590440214408304
TR_announced,fx,6,0.010696429840034329,0.005053647016190085,0.009053636085778664,0.038675043798187085,0.0578291936908361
TR_announced,brent,7,0.0,0.0,0.0,0.0,0.0
TR_announced,vix,7,0.0,0.0,0.0,0.0,0.0
TR_announced,fedfunds,7,0.0,0.0,0.0,0.0,0.0
TR_announced,activity,7,0.008170054310690593,0.004158719560941057,0.0071992649698815895,0.03400390034297154,0.050280632646638394
TR_announced,price,7,0.03787505042529387,0.011826924740099368,0.02091472009422606,0.07651366533678804,0.10341579027872878
TR_announced,policy,7,0.8211413418067368,0.5478369208815514,0.6137269899071597,0.8028861214276034,0.8444776610780979
TR_announced,fx,7,0.014826453665900621,0.006741379456671272,0.011129969539384763,0.0446015229690152,0.07173337452773386
TR_announced,brent,8,0.0,0.0,0.0,0.0,0.0
TR_announced,vix,8,0.0,0.0,0.0,0.0,0.0
TR_announced,fedfunds,8,0.0,0.0,0.0,0.0,0.0
TR_announced,activity,8,0.010072854568483107,0.004541129999537595,0.007889481303452836,0.041202721334400456,0.05899306294764771
TR_announced,price,8,0.046117151890098906,0.015499707121772024,0.0256224177061227,0.08335354777537235,0.1123181530479799
TR_announced,policy,8,0.8170659521419842,0.5266788852250235,0.5933056784294051,0.7921565175047535,0.8330498309360267
TR_announced,fx,8,0.020697403957912423,0.007985221712072376,0.013229584376630165,0.05119067725716066,0.08021840032880789
TR_announced,brent,9,0.0,0.0,0.0,0.0,0.0
TR_announced,vix,9,0.0,0.0,0.0,0.0,0.0
TR_announced,fedfunds,9,0.0,0.0,0.0,0.0,0.0
TR_announced,activity,9,0.011319160726136075,0.004666649656319738,0.0077791089127292505,0.04503116266464582,0.06857610504337822
TR_announced,price,9,0.054647388604413816,0.017748610665610398,0.030677863890641165,0.09210229209324869,0.12130080373076915
TR_announced,policy,9,0.8129713661453626,0.5004670984394954,0.5664206251629823,0.7793578831712423,0.8225596573236081
TR_announced,fx,9,0.02767403548397953,0.008413117080298687,0.015106413684889977,0.06322938631180927,0.09558007368755123
TR_announced,brent,10,0.0,0.0,0.0,0.0,0.0
TR_announced,vix,10,0.0,0.0,0.0,0.0,0.0
TR_announced,fedfunds,10,0.0,0.0,0.0,0.0,0.0
TR_announced,activity,10,0.012735422107267389,0.00478215223935178,0.008408704494991856,0.04931166846060086,0.07604671293056621
TR_announced,price,10,0.059944012401135366,0.019523566470281247,0.03342795780933194,0.09738122310654654,0.12586091993227255
TR_announced,policy,10,0.8077009874277118,0.478443760138309,0.5416526687407398,0.7650722888857644,0.8144772217051287
TR_announced,fx,10,0.03513060642364981,0.008997767771012504,0.01667625969111269,0.07339104571215138,0.10978479199337805
TR_announced,brent,11,0.0,0.0,0.0,0.0,0.0
TR_announced,vix,11,0.0,0.0,0.0,0.0,0.0
TR_announced,fedfunds,11,0.0,0.0,0.0,0.0,0.0
TR_announced,activity,11,0.01443199624713391,0.004842776294722824,0.00875422490796185,0.053173868205910066,0.08054236476303094
TR_announced,price,11,0.06334691477077911,0.020663034679187568,0.0346290597411929,0.10131395961969498,0.12911937137252189
TR_announced,policy,11,0.8014427873525453,0.4494594879773301,0.5177437192424938,0.7497996034783051,0.804882518881062
TR_announced,fx,11,0.042432582155188525,0.009162318106835338,0.01843074477057346,0.08314206982562365,0.12938655715570663
TR_announced,brent,12,0.0,0.0,0.0,0.0,0.0
TR_announced,vix,12,0.0,0.0,0.0,0.0,0.0
TR_announced,fedfunds,12,0.0,0.0,0.0,0.0,0.0
TR_announced,activity,12,0.016429002693665328,0.005043595503298198,0.009359415538309688,0.057156430459250875,0.08646299770309443
TR_announced,price,12,0.06606166756309544,0.020429043767784805,0.03525242466609565,0.10372339964625737,0.13374679601807524
TR_announced,policy,12,0.7952568057399769,0.4342111588901035,0.499736712316431,0.7362313139499091,0.7939350204571165
TR_announced,fx,12,0.049450988684359605,0.009597192557800043,0.019165305841392758,0.09263121630961517,0.1458779340747445
TR_announced,brent,13,0.0,0.0,0.0,0.0,0.0
TR_announced,vix,13,0.0,0.0,0.0,0.0,0.0
TR_announced,fedfunds,13,0.0,0.0,0.0,0.0,0.0
TR_announced,activity,13,0.018745379818209385,0.005414676533199993,0.009959031676427373,0.06214244278115145,0.09376672267581258
TR_announced,price,13,0.06819879033317387,0.020772091884682084,0.03587085968167091,0.1055618195767019,0.13537236721617474
TR_announced,policy,13,0.7896536321119815,0.41259955059225645,0.4851035312500842,0.7242206606009025,0.7804957152457087
TR_announced,fx,13,0.056611631591950894,0.009976051999610476,0.019926090466004753,0.10202635920287581,0.15844591330134866
TR_announced,brent,14,0.0,0.0,0.0,0.0,0.0
TR_announced,vix,14,0.0,0.0,0.0,0.0,0.0
TR_announced,fedfunds,14,0.0,0.0,0.0,0.0,0.0
TR_announced,activity,14,0.020907488470921977,0.00568764711353635,0.010076549225464717,0.06657293498589782,0.09822167860097791
TR_announced,price,14,0.07039313492199273,0.021477970641265668,0.03636571583857649,0.10601945517136224,0.1353597801584983
TR_announced,policy,14,0.7844451971679638,0.3951442797884354,0.47155154050065756,0.712149199376438,0.7680616824394935
TR_announced,fx,14,0.06393697285261554,0.010236637318646078,0.02083298593084624,0.11390108169844984,0.17083106647181762
TR_announced,brent,15,0.0,0.0,0.0,0.0,0.0
TR_announced,vix,15,0.0,0.0,0.0,0.0,0.0
TR_announced,fedfunds,15,0.0,0.0,0.0,0.0,0.0
TR_announced,activity,15,0.022863372926156277,0.006054448191945697,0.01105170374325487,0.06954188837525652,0.10328354935319232
TR_announced,price,15,0.07212504549582102,0.021944329253405153,0.037158225766171116,0.10710240776523612,0.13720057922634682
TR_announced,policy,15,0.779116151422381,0.38521350773608887,0.4576727565723042,0.6971295508796598,0.7516284075237022
TR_announced,fx,15,0.07078306601285346,0.010814276671510874,0.022746070809079224,0.12463855109932509,0.17838175670633807
TR_announced,brent,16,0.0,0.0,0.0,0.0,0.0
TR_announced,vix,16,0.0,0.0,0.0,0.0,0.0
TR_announced,fedfunds,16,0.0,0.0,0.0,0.0,0.0
TR_announced,activity,16,0.02459939985627237,0.006361251502158277,0.011554400669444633,0.07161972754265489,0.10842806308726975
TR_announced,price,16,0.07286017515912246,0.022463325787693788,0.03788132169143463,0.10935121662052856,0.13621421779536397
TR_announced,policy,16,0.7725564049127566,0.37184035869420884,0.4488369586672487,0.6825167094201868,0.741358071334837
TR_announced,fx,16,0.07669383110514222,0.01128756951095018,0.023902472574646977,0.13355489133834134,0.18436327533245198
TR_announced,brent,17,0.0,0.0,0.0,0.0,0.0
TR_announced,vix,17,0.0,0.0,0.0,0.0,0.0
TR_announced,fedfunds,17,0.0,0.0,0.0,0.0,0.0
TR_announced,activity,17,0.026110403722390707,0.006420505735935182,0.01183259567798551,0.07375671174915159,0.111256143574001
TR_announced,price,17,0.07301919160384764,0.022359148426817466,0.037828611733339866,0.11130004498643473,0.13546252055904554
TR_announced,policy,17,0.76333573949296,0.36743504571106983,0.43732424899419303,0.6669007367883073,0.7312621535409799
TR_announced,fx,17,0.08166770468848183,0.011190159322588628,0.024449700951741815,0.1413522722645738,0.18852983108034999
TR_announced,brent,18,0.0,0.0,0.0,0.0,0.0
TR_announced,vix,18,0.0,0.0,0.0,0.0,0.0
TR_announced,fedfunds,18,0.0,0.0,0.0,0.0,0.0
TR_announced,activity,18,0.02739652705040212,0.006513711834611657,0.011673579033139888,0.07589231857033538,0.1164202870335932
TR_announced,price,18,0.07293195674716149,0.022343673479196583,0.03786012269948333,0.11101895129079496,0.13557370804162888
TR_announced,policy,18,0.750309532148131,0.34975428217187926,0.4236994324366353,0.6508233571437683,0.7136944018308056
TR_announced,fx,18,0.08574337021548635,0.011104670075331443,0.02472865596018451,0.1452951415826672,0.19114972729636137
TR_announced,brent,19,0.0,0.0,0.0,0.0,0.0
TR_announced,vix,19,0.0,0.0,0.0,0.0,0.0
TR_announced,fedfunds,19,0.0,0.0,0.0,0.0,0.0
TR_announced,activity,19,0.028481589314625536,0.006714253878589,0.011850835367978563,0.07761152101942653,0.11509302247142375
TR_announced,price,19,0.07275863625846153,0.022672391730564703,0.037883069552906636,0.11114183797280174,0.13621387216835207
TR_announced,policy,19,0.7328259159899395,0.33489277775695453,0.41032464828901205,0.6320792117771785,0.6996320153143025
TR_announced,fx,19,0.08897425113761948,0.01107396257871784,0.02484246911820145,0.14698810152013686,0.19679117289514075
TR_announced,brent,20,0.0,0.0,0.0,0.0,0.0
TR_announced,vix,20,0.0,0.0,0.0,0.0,0.0
TR_announced,fedfunds,20,0.0,0.0,0.0,0.0,0.0
TR_announced,activity,20,0.029342005179074596,0.0066441707243858564,0.011959071626717242,0.07715893173593846,0.11387869840660902
TR_announced,price,20,0.07259909774020999,0.02289438080442589,0.038013694221245585,0.11055615911531151,0.13682312911875524
TR_announced,policy,20,0.710930445030445,0.3177533473833918,0.39382392892114243,0.6118766425030006,0.6741083471305714
TR_announced,fx,20,0.09146483387477633,0.010477138808563144,0.025447905195990113,0.1488295886828628,0.20035409156099715
TR_announced,brent,21,0.0,0.0,0.0,0.0,0.0
TR_announced,vix,21,0.0,0.0,0.0,0.0,0.0
TR_announced,fedfunds,21,0.0,0.0,0.0,0.0,0.0
TR_announced,activity,21,0.02995941665570253,0.006400948735818519,0.012172213473889243,0.07769329311732427,0.11218632282278235
TR_announced,price,21,0.07247858504574681,0.022860686946663676,0.03798269328160722,0.11005872623343366,0.1367321868825252
TR_announced,policy,21,0.6853580267541599,0.3008953623734853,0.371130095738571,0.5894554080158916,0.6552622353168215
TR_announced,fx,21,0.0932840445687301,0.010398835723156518,0.024960370844623842,0.14969861683268637,0.19984881952006203
TR_announced,brent,22,0.0,0.0,0.0,0.0,0.0
TR_announced,vix,22,0.0,0.0,0.0,0.0,0.0
TR_announced,fedfunds,22,0.0,0.0,0.0,0.0,0.0
TR_announced,activity,22,0.03034313095054447,0.006232701188993535,0.012067598634596206,0.07734680785136862,0.10949625577358044
TR_announced,price,22,0.07241393070395535,0.022820513367607414,0.038187406375253065,0.109807754524345,0.136419297454883
TR_announced,policy,22,0.6571839695177134,0.2850773822588373,0.3427162784259189,0.5649037913603085,0.6415151720392934
TR_announced,fx,22,0.09447938707173946,0.010106516863038397,0.02458113395128841,0.14890553780798457,0.20313107079375664
TR_announced,brent,23,0.0,0.0,0.0,0.0,0.0
TR_announced,vix,23,0.0,0.0,0.0,0.0,0.0
TR_announced,fedfunds,23,0.0,0.0,0.0,0.0,0.0
TR_announced,activity,23,0.030518467687403482,0.006336529261493939,0.01202361454453538,0.07657625233797181,0.10749617951697811
TR_announced,price,23,0.07240889858648857,0.022774358734184756,0.03847322737437666,0.10943675671752795,0.13660098416411745
TR_announced,policy,23,0.6275970663875058,0.268531613856268,0.31639868896176065,0.5448457834605012,0.6166563435771819
TR_announced,fx,23,0.09511660792826916,0.009794390296569953,0.024300988846204276,0.1498682554265091,0.2021867831854807
TR_announced,brent,24,0.0,0.0,0.0,0.0,0.0
TR_announced,vix,24,0.0,0.0,0.0,0.0,0.0
TR_announced,fedfunds,24,0.0,0.0,0.0,0.0,0.0
TR_announced,activity,24,0.030519372333503304,0.0066117658275172755,0.012094859972529248,0.07580934411453959,0.10581721588806242
TR_announced,price,24,0.07244998690844595,0.022730354623894587,0.038462804387726666,0.10971859144788076,0.1376039819752976
TR_announced,policy,24,0.5977463197236228,0.24796256024441768,0.2957603483648637,0.5260521098523121,0.5966229106994064
TR_announced,fx,24,0.09527829490076599,0.009557815308467643,0.02381069167877902,0.14948491033361294,0.20265974293556924
TR_announced,brent,25,0.0,0.0,0.0,0.0,0.0
TR_announced,vix,25,0.0,0.0,0.0,0.0,0.0
TR_announced,fedfunds,25,0.0,0.0,0.0,0.0,0.0
TR_announced,activity,25,0.03038103766584046,0.006604847382371405,0.011848558468194065,0.07449252029597053,0.10388625861612655
TR_announced,price,25,0.07251066847892253,0.02279630793672747,0.038477192272518126,0.10919912721568376,0.1378979988370083
TR_announced,policy,25,0.5686101404300702,0.23236673084690646,0.27691393680383297,0.5070464162028196,0.5772829982818475
TR_announced,fx,25,0.0950611791035963,0.009877537774901822,0.022874469370806717,0.14880782923461544,0.20366609555651624
TR_announced,brent,26,0.0,0.0,0.0,0.0,0.0
TR_announced,vix,26,0.0,0.0,0.0,0.0,0.0
TR_announced,fedfunds,26,0.0,0.0,0.0,0.0,0.0
TR_announced,activity,26,0.03013250621864919,0.006383517433104002,0.011778886207020505,0.07208474217871262,0.10334791605789764
TR_announced,price,26,0.07255849820520768,0.022841538398896907,0.03882064582664095,0.10932742142186783,0.1377639186831581
TR_announced,policy,26,0.540970479441547,0.2185524806617136,0.2580323539121085,0.4889212338706989,0.5614928137426768
TR_announced,fx,26,0.09455949320001644,0.009925431008794748,0.02223521530619803,0.1482842161882347,0.204010748299475
TR_announced,brent,27,0.0,0.0,0.0,0.0,0.0
TR_announced,vix,27,0.0,0.0,0.0,0.0,0.0
TR_announced,fedfunds,27,0.0,0.0,0.0,0.0,0.0
TR_announced,activity,27,0.029800910984727542,0.006173229525481033,0.011333290266136048,0.070485527479526,0.10172134000772952
TR_announced,price,27,0.07257814029392458,0.022873850346529275,0.0388382787547453,0.1089794486321472,0.13761491873826073
TR_announced,policy,27,0.5153994309712825,0.20131969210746392,0.24341596710663763,0.47304508131066264,0.5455694377323346
TR_announced,fx,27,0.09385060398126224,0.009346606233962936,0.021693184493710948,0.14703788683742375,0.20242886172326316
TR_announced,brent,28,0.0,0.0,0.0,0.0,0.0
TR_announced,vix,28,0.0,0.0,0.0,0.0,0.0
TR_announced,fedfunds,28,0.0,0.0,0.0,0.0,0.0
TR_announced,activity,28,0.029410097553798097,0.006023598455769182,0.011278656334384678,0.06859876818251019,0.09751036229585058
TR_announced,price,28,0.07256757424179625,0.022900985438378818,0.03882232912031075,0.10873624318296628,0.1372897381661235
TR_announced,policy,28,0.49225371560978093,0.18937703194341535,0.2320978972111466,0.4578205986890144,0.5244808851477554
TR_announced,fx,28,0.09299716973460395,0.009236254367873755,0.021369816892870916,0.14500723672763824,0.20269758644772803
TR_announced,brent,29,0.0,0.0,0.0,0.0,0.0
TR_announced,vix,29,0.0,0.0,0.0,0.0,0.0
TR_announced,fedfunds,29,0.0,0.0,0.0,0.0,0.0
TR_announced,activity,29,0.028980863734100446,0.005803159774410987,0.010995135787756205,0.06699883629739768,0.09486496865077852
TR_announced,price,29,0.07252682464180549,0.022892227622873518,0.03888720395305928,0.10871797683988876,0.1367032864550563
TR_announced,policy,29,0.4716986095119703,0.17892588665239323,0.22165379335379237,0.44364229062304344,0.5074708771623908
TR_announced,fx,29,0.09205108976456786,0.009276766283464938,0.020886835506152498,0.1448571553515453,0.19940619556248643
TR_announced,brent,30,0.0,0.0,0.0,0.0,0.0
TR_announced,vix,30,0.0,0.0,0.0,0.0,0.0
TR_announced,fedfunds,30,0.0,0.0,0.0,0.0,0.0
TR_announced,activity,30,0.02853290210601737,0.005625660962274011,0.010906340521934732,0.06565899165976584,0.09267478243254541
TR_announced,price,30,0.07245973107345784,0.022866082705004957,0.03879010557364368,0.10833864165614863,0.13588791931667157
TR_announced,policy,30,0.45374812585418034,0.16906238055582837,0.21295803686685436,0.43192416975366743,0.4976859358117727
TR_announced,fx,30,0.09105489631888249,0.009515548805495797,0.020613677171994863,0.14379150283142197,0.20025187350372387
TR_announced,brent,31,0.0,0.0,0.0,0.0,0.0
TR_announced,vix,31,0.0,0.0,0.0,0.0,0.0
TR_announced,fedfunds,31,0.0,0.0,0.0,0.0,0.0
TR_announced,activity,31,0.028083410110893603,0.005531863845780999,0.010608197367674894,0.06426674052232158,0.09071217746252938
TR_announced,price,31,0.072374374672154,0.02284320913826776,0.038709120357155256,0.10786344040408712,0.1349881703596637
TR_announced,policy,31,0.43830455737912594,0.1604627374579497,0.20562280327967733,0.4233081771347434,0.48800030133748534
TR_announced,fx,31,0.09004431056539701,0.009284570884667439,0.020104797154860358,0.14285113592413798,0.20045939972721527
TR_announced,brent,32,0.0,0.0,0.0,0.0,0.0
TR_announced,vix,32,0.0,0.0,0.0,0.0,0.0
TR_announced,fedfunds,32,0.0,0.0,0.0,0.0,0.0
TR_announced,activity,32,0.02764577893671546,0.005436700543919982,0.010317916430234013,0.06332946300163521,0.08903184573768154
TR_announced,price,32,0.07228267722718439,0.022833453336260218,0.03865414500097656,0.1075801999921749,0.13474025159373107
TR_announced,policy,32,0.42519434865333317,0.15413229309790102,0.19872094821086084,0.41517211449938574,0.48109909196027345
TR_announced,fx,32,0.08904923939524856,0.009048966105947465,0.019533905048125036,0.14195497651034739,0.20012125270291947
TR_announced,brent,33,0.0,0.0,0.0,0.0,0.0
TR_announced,vix,33,0.0,0.0,0.0,0.0,0.0
TR_announced,fedfunds,33,0.0,0.0,0.0,0.0,0.0
TR_announced,activity,33,0.027229971025672657,0.005206564980318688,0.010043848788217768,0.06279711341497309,0.08675207829835396
TR_announced,price,33,0.07219903531436417,0.02283770050973484,0.03862355048725219,0.10742002178653788,0.13431220013352663
TR_announced,policy,33,0.41419614821900685,0.15232871157322234,0.19255701133247352,0.4081854775070837,0.4749766235077478
TR_announced,fx,33,0.08809300890119334,0.00882522103293259,0.018894100438869157,0.13863935875431677,0.19858950195033595
TR_announced,brent,34,0.0,0.0,0.0,0.0,0.0
TR_announced,vix,34,0.0,0.0,0.0,0.0,0.0
TR_announced,fedfunds,34,0.0,0.0,0.0,0.0,0.0
TR_announced,activity,34,0.02684262402381944,0.005039905463209724,0.009999979258115107,0.06124355095120412,0.0850264392916974
TR_announced,price,34,0.0721361793425053,0.022856359080590603,0.03861588389624962,0.10739277584478862,0.13375852312836042
TR_announced,policy,34,0.405061427904364,0.1483168420319775,0.18923174502690593,0.4028035780106402,0.4670684080566185
TR_announced,fx,34,0.08719209296510662,0.008798630906168033,0.018698412311840513,0.13803543137796237,0.19833099877314583
TR_announced,brent,35,0.0,0.0,0.0,0.0,0.0
TR_announced,vix,35,0.0,0.0,0.0,0.0,0.0
TR_announced,fedfunds,35,0.0,0.0,0.0,0.0,0.0
TR_announced,activity,35,0.026487664853557923,0.00498840365338109,0.009870762731843024,0.06039988652128158,0.08328346352807965
TR_announced,price,35,0.07210236550490733,0.02291953894517099,0.03862916233702726,0.10739242684455194,0.13348593268217296
TR_announced,policy,35,0.39753166062733636,0.14520941166225135,0.1860286353626422,0.3989600654621915,0.46098541479189153
TR_announced,fx,35,0.08635659603593507,0.008588928537085254,0.01812969302693813,0.136855176302689,0.19927550419560894
TR_announced,brent,36,0.0,0.0,0.0,0.0,0.0
TR_announced,vix,36,0.0,0.0,0.0,0.0,0.0
TR_announced,fedfunds,36,0.0,0.0,0.0,0.0,0.0
TR_announced,activity,36,0.026167094253526764,0.004935454265270872,0.009658301748855281,0.05967013731466846,0.08141851372424722
TR_announced,price,36,0.0721006821682442,0.022914521723095112,0.03865425745351596,0.1074054917573306,0.13419179262394068
TR_announced,policy,36,0.3913538722188174,0.14162476897447843,0.18283608148048078,0.3972287556579275,0.4544899813797633
TR_announced,fx,36,0.08559119869073428,0.008693021500269526,0.01784430193270432,0.13552655939999222,0.19824939154780358
EA_overnight_long,brent,1,0.0,0.0,0.0,0.0,0.0
EA_overnight_long,vix,1,0.0,0.0,0.0,0.0,0.0
EA_overnight_long,activity,1,0.0,0.0,0.0,0.0,0.0
EA_overnight_long,price,1,0.0,0.0,0.0,0.0,0.0
EA_overnight_long,policy,1,0.882009494033413,0.7727930244082994,0.8096526382649756,0.9165441336409955,0.9470136344255525
EA_overnight_long,fx,1,0.015242313354584494,0.00025640956437884827,0.002686368375050427,0.04073498731175143,0.06882436947362496
EA_overnight_long,brent,2,0.00016185262966819409,4.8139515240576405e-06,9.46316077384168e-05,0.005578050259593886,0.009661414377000403
EA_overnight_long,vix,2,8.949643802814621e-06,7.233812558463627e-06,0.00011313623085844645,0.005646214826216048,0.010424611904784695
EA_overnight_long,activity,2,0.01863304149935597,0.0015291455363822806,0.006148761989413628,0.032967406466909946,0.04466227027951814
EA_overnight_long,price,2,0.0027348532724742747,2.484282722707341e-05,0.00042543678453977826,0.011666120484179563,0.018860109510479867
EA_overnight_long,policy,2,0.7859263541250187,0.6321911721520637,0.6929584425184938,0.8411264468397208,0.8750007122155736
EA_overnight_long,fx,2,0.005601185801235185,0.002353063739962002,0.004106827585539433,0.024717889572051597,0.046489513073834234
EA_overnight_long,brent,3,0.0003561872095511802,0.00017237149639086734,0.0005593096223586037,0.011201425694826473,0.019529243664290808
EA_overnight_long,vix,3,0.0010420038047963599,0.00035287756453835034,0.0012164450637057397,0.015295193249982233,0.02750148409627857
EA_overnight_long,activity,3,0.062219940431446755,0.02050112276989929,0.03401919834280123,0.09287254173250918,0.11736329198745464
EA_overnight_long,price,3,0.007926105953493611,0.0005609529291400534,0.0019051012143782397,0.02532080696474117,0.041885329777277956
EA_overnight_long,policy,3,0.6738485623775748,0.49693463576009517,0.5612092547983959,0.7442593591939105,0.7936728860473141
EA_overnight_long,fx,3,0.0075975828230166855,0.003800255673683551,0.0070215543903973075,0.03422448079886422,0.05115823480918213
EA_overnight_long,brent,4,0.0010365773381982796,0.0005411719495533431,0.0013260787213440564,0.01728907782917726,0.0346521694126066
EA_overnight_long,vix,4,0.003003429626625359,0.0010990030615894092,0.0031391178320113178,0.03243211630963818,0.05333364484047592
EA_overnight_long,activity,4,0.06717925668202586,0.018811435139001884,0.03402171466828234,0.09627846391458392,0.1281179910770282
EA_overnight_long,price,4,0.011750612342863434,0.0012529003984598002,0.0034243817647456837,0.0406822099401112,0.06622684941434259
EA_overnight_long,policy,4,0.5887265370570354,0.4025320294485679,0.45741786321994804,0.6764082314232365,0.7382524876078423
EA_overnight_long,fx,4,0.015876769901200658,0.0053807078055636195,0.00894594969362957,0.05472890050995124,0.08027155207473538
EA_overnight_long,brent,5,0.003404902925130667,0.001152417400402957,0.0029117932258596675,0.02796818193511207,0.05481194068212358
EA_overnight_long,vix,5,0.005198784623874633,0.002891829595283903,0.0057473215457870385,0.05042113201979595,0.08183696883869007
EA_overnight_long,activity,5,0.0678010785213039,0.01767138683751375,0.028490569249822316,0.10027890714376549,0.13368498904191534
EA_overnight_long,price,5,0.018596311766436384,0.0027221210768142955,0.007082150544540641,0.06251656571191253,0.09410936795746958
EA_overnight_long,policy,5,0.5113190866129401,0.3131888162849494,0.37093310607817664,0.6117204218257737,0.6837868679934846
EA_overnight_long,fx,5,0.02272554940173385,0.0053453188013313346,0.009659981619142135,0.06855717245447593,0.10632478225915368
EA_overnight_long,brent,6,0.006119585827094955,0.0018453389728160519,0.003684413805552554,0.03554445897327334,0.0741780529846558
EA_overnight_long,vix,6,0.021611798610511615,0.00988076786094535,0.01742783563012053,0.08752210617293514,0.12957281564935202
EA_overnight_long,activity,6,0.06744366255743561,0.015060250677969735,0.024612629720302995,0.1008706454626318,0.13791795007023674
EA_overnight_long,price,6,0.017711867667771133,0.0033818005910364866,0.007426268459874432,0.06622681700009668,0.10318584335766973
EA_overnight_long,policy,6,0.43942581300514955,0.23834052366804795,0.30646361094794633,0.5401323479227017,0.6217592258806576
EA_overnight_long,fx,6,0.02791178640806112,0.005743722767769703,0.010170145725089098,0.08335790679786965,0.12938603631745213
EA_overnight_long,brent,7,0.01100637481198048,0.0028773049575567147,0.005135642716649887,0.05126560312137303,0.09405120171298235
EA_overnight_long,vix,7,0.035959470393598966,0.01554094509443759,0.025472552044492624,0.11470486884348668,0.16713481935759086
EA_overnight_long,activity,7,0.058205287326063046,0.0185811850130351,0.02615293779631104,0.09345573308190099,0.125287052011315
EA_overnight_long,price,7,0.014603484537381452,0.004065567769736285,0.007827343190729185,0.05999996682752922,0.0970403234881419
EA_overnight_long,policy,7,0.3939757836313628,0.1956542238997412,0.2630021524733771,0.49423574764685063,0.5795163898858585
EA_overnight_long,fx,7,0.03157603144558887,0.005738315646971314,0.010256648379985465,0.09543002608474538,0.1440432004376792
EA_overnight_long,brent,8,0.016144852733726803,0.0031404397797967424,0.007066695963561431,0.06492605310905761,0.12121308233672669
EA_overnight_long,vix,8,0.05178513225596778,0.02021395566713286,0.03396138227223569,0.13570296772043694,0.19579511610019457
EA_overnight_long,activity,8,0.05137440551305509,0.02002339947886818,0.026094872053940364,0.0889160638677927,0.11664255450876462
EA_overnight_long,price,8,0.012736751732859734,0.003966933762047969,0.007656571538419965,0.0586309325740495,0.0994407812554667
EA_overnight_long,policy,8,0.35668356369715365,0.1681126901655977,0.22772523681161372,0.45656965826409773,0.5393818598203142
EA_overnight_long,fx,8,0.03596831114535561,0.005640593657591221,0.011224619642011385,0.10693397786313996,0.1555046951093304
EA_overnight_long,brent,9,0.02169962042396489,0.0032791609317235028,0.008996746400105081,0.0773154043750342,0.13980445602124328
EA_overnight_long,vix,9,0.07196111577662365,0.028331283448593026,0.04732324907719635,0.15686458447639418,0.21659827547833294
EA_overnight_long,activity,9,0.046051976497483015,0.020541067699366082,0.027537797341696344,0.08422293245480367,0.11205798258284454
EA_overnight_long,price,9,0.012109330869106255,0.004214825902209279,0.007768831369106227,0.061364721779344794,0.10258958125071253
EA_overnight_long,policy,9,0.32769544511326537,0.14831785814362516,0.2016759852943655,0.4237503571179023,0.5026744223299158
EA_overnight_long,fx,9,0.042651159293064934,0.006766240184335706,0.012814032909332893,0.12291475870872312,0.18014160798742906
EA_overnight_long,brent,10,0.027861972790930428,0.0036000241119614387,0.009968845790829465,0.09250311669545187,0.15318500815105238
EA_overnight_long,vix,10,0.08818609112716244,0.03435106096933872,0.05526256949586137,0.1749751233643356,0.23142960409916818
EA_overnight_long,activity,10,0.04231988206163305,0.02139433235959158,0.02999724146688998,0.08365062260376192,0.11273475147106092
EA_overnight_long,price,10,0.01230831472506161,0.003955213906882261,0.007745885612602078,0.06456046405545306,0.1060830757262169
EA_overnight_long,policy,10,0.30434064056426297,0.13095803887755308,0.17950200268046612,0.3947905501540771,0.47216723875199434
EA_overnight_long,fx,10,0.05078738428847522,0.007866527786558686,0.014733702481828734,0.13550543949941757,0.19810889782965663
EA_overnight_long,brent,11,0.035322843847045315,0.004252958138963166,0.01114018274233096,0.10925330245331698,0.17580746561666785
EA_overnight_long,vix,11,0.10075973774547749,0.03942665939049134,0.06305166638334017,0.18569193689324065,0.24834705205083865
EA_overnight_long,activity,11,0.03967304962595111,0.021928691684803978,0.032283346879583126,0.08352727027949565,0.11303352854939312
EA_overnight_long,price,11,0.015254299217964793,0.0047680175178831195,0.008807876074965635,0.07332903419657048,0.12096313325546917
EA_overnight_long,policy,11,0.28375766881565995,0.11798499705593447,0.16287626392826843,0.3734548890505568,0.45060559976120995
EA_overnight_long,fx,11,0.05785243555368933,0.007592161040966998,0.01675620398104037,0.1468306497979562,0.21831659695935812
EA_overnight_long,brent,12,0.04273668491996165,0.00523307928600409,0.012711144688473758,0.12800563475336696,0.19431140293534846
EA_overnight_long,vix,12,0.11686702083730843,0.046204331766816334,0.07372520973340023,0.20069794426139265,0.26711213084114244
EA_overnight_long,activity,12,0.03822493779537941,0.023609714281862728,0.03414906431550542,0.08865315707584685,0.12996879944296694
EA_overnight_long,price,12,0.016705637521672086,0.005154966367182124,0.009093358874168981,0.07901488186521632,0.13740924356269038
EA_overnight_long,policy,12,0.2648450701829175,0.10875048374286454,0.14935728380600224,0.35279596586210327,0.4305099125680309
EA_overnight_long,fx,12,0.06367956066196116,0.007619802180137704,0.017521348486002775,0.15689794986396516,0.22513616494487573
EA_overnight_long,brent,13,0.05080375943695267,0.006904774311377453,0.015052915403339948,0.14416468209205058,0.21172347016476614
EA_overnight_long,vix,13,0.12938143748164524,0.050696441691762927,0.0793020547344029,0.21370814674816213,0.27860137174781013
EA_overnight_long,activity,13,0.03884850883426403,0.026361846274966662,0.038130099071159634,0.09776725480969128,0.14583760146074007
EA_overnight_long,price,13,0.01710978637879974,0.005003167628765087,0.009342187570296699,0.08275688787994995,0.1461268259390837
EA_overnight_long,policy,13,0.24868815991633483,0.10429086699262059,0.1389051933359825,0.3376304560190389,0.41102275975026364
EA_overnight_long,fx,13,0.06785091617026512,0.007638338713798687,0.018225779003233588,0.16496875869234864,0.2362323550466729
EA_overnight_long,brent,14,0.05876499279513512,0.0076429789472858565,0.017821939550957903,0.15334890396334674,0.22539690163764206
EA_overnight_long,vix,14,0.14133457978738234,0.0534414326494424,0.08434272905576402,0.22564823142756948,0.2838203060263192
EA_overnight_long,activity,14,0.040694992280040705,0.027910790460569875,0.041020067863089545,0.11032679045388352,0.15463863848612
EA_overnight_long,price,14,0.01776065754026323,0.0052455056943564865,0.009201268067487748,0.08689752632287642,0.155858886913349
EA_overnight_long,policy,14,0.23503583065572262,0.10045433158784473,0.13247911341571825,0.32502470715409476,0.39097101580133264
EA_overnight_long,fx,14,0.07085504630777804,0.00783904072165816,0.018438638841048273,0.16941482073807365,0.24247266571934104
EA_overnight_long,brent,15,0.06644441932202283,0.008600878263184257,0.0193151789083186,0.1650552136310667,0.2383235848385015
EA_overnight_long,vix,15,0.1520198846927504,0.05596526577279228,0.08866898688773196,0.2326675859444828,0.2920699896594633
EA_overnight_long,activity,15,0.0439342566674164,0.029621752433670382,0.043131606798305015,0.12349538321565441,0.1741911530209715
EA_overnight_long,price,15,0.01862950098648286,0.005256235538484784,0.008988812753194757,0.09228284056951122,0.1656505413082039
EA_overnight_long,policy,15,0.2236889900078704,0.09864484477949197,0.12904027307652385,0.31729785185285386,0.3753416829266716
EA_overnight_long,fx,15,0.07369401851162892,0.00814933299159871,0.018574831620488466,0.17444124244543227,0.2470399926649083
EA_overnight_long,brent,16,0.07367084639983752,0.009410222707202952,0.02099251172996209,0.17818395824936933,0.2584757674092146
EA_overnight_long,vix,16,0.15994152434245162,0.05897559944897073,0.09089265670020809,0.2380207673430025,0.29653243759578035
EA_overnight_long,activity,16,0.048645532215818604,0.031170336892761188,0.0451965267071607,0.13628036466234197,0.1864355464633801
EA_overnight_long,price,16,0.019694522375133017,0.005126863440871906,0.008959893450141393,0.09657980538863578,0.17595302515520492
EA_overnight_long,policy,16,0.21452645892223815,0.09784844089453153,0.1279135810446454,0.30540443701568887,0.3660204124465656
EA_overnight_long,fx,16,0.07635190233126238,0.008069231573042323,0.018837779281235485,0.177763758707655,0.25872177932952645
EA_overnight_long,brent,17,0.0807395215818044,0.010317783440324448,0.02326617049775154,0.18741093823466237,0.26916106688528657
EA_overnight_long,vix,17,0.16586159176805731,0.05946981572481867,0.09111550480325989,0.24049315398281687,0.3000303634427144
EA_overnight_long,activity,17,0.053280132658153956,0.033915811458682915,0.04727335758380411,0.14867161629702416,0.2063165822867584
EA_overnight_long,price,17,0.02201542958899926,0.005372129718371861,0.00972460720121715,0.10619580185644395,0.19009378588852335
EA_overnight_long,policy,17,0.20709480778726463,0.09600026493297772,0.12511615656636726,0.2925544616867426,0.36337310543631174
EA_overnight_long,fx,17,0.07836244609999513,0.008320647930080314,0.01970207413310523,0.17934166189042625,0.26638931332198723
EA_overnight_long,brent,18,0.08725175203973197,0.011174426438859365,0.02529146641390636,0.19628646033315458,0.2791652720090746
EA_overnight_long,vix,18,0.1712960238205945,0.05946277640504124,0.09245537154501411,0.24161566884287214,0.29810882843892367
EA_overnight_long,activity,18,0.058410570443759684,0.035132694494755944,0.04863899035466508,0.16017538866008746,0.22607148778474542
EA_overnight_long,price,18,0.024100784350985227,0.005463014119690219,0.010319414154701802,0.11525014187398319,0.20187758357729704
EA_overnight_long,policy,18,0.20114996996488882,0.09630550238091289,0.1246731822196402,0.28843925631839695,0.35797998993067565
EA_overnight_long,fx,18,0.07982090481026818,0.00858646052697631,0.020060342655441793,0.18155559573949304,0.27525847303855394
EA_overnight_long,brent,19,0.09341037627501228,0.01191481305965209,0.026682662977506707,0.20255089152705594,0.28127850816199945
EA_overnight_long,vix,19,0.1752690316030767,0.05918766889325863,0.09387842592494687,0.242306948562086,0.2996854372029122
EA_overnight_long,activity,19,0.06397100120467022,0.03625259891840584,0.05148348083484117,0.1693720109397922,0.23536387051255972
EA_overnight_long,price,19,0.02584714678336822,0.005519567007622905,0.01044672981732141,0.12387552611129321,0.20970631758979502
EA_overnight_long,policy,19,0.19652088585394914,0.09595149268558259,0.12548271504098277,0.2873632010566921,0.3556993873072458
EA_overnight_long,fx,19,0.08065653880353914,0.008790228057901315,0.019718387072302796,0.18368289753938574,0.279252627973086
EA_overnight_long,brent,20,0.09898921665643926,0.013214202108060737,0.02817717118166679,0.20890397263059068,0.28586850116663154
EA_overnight_long,vix,20,0.17830103748155451,0.05877403009023938,0.09350689495069334,0.24131277870418588,0.29956370858099074
EA_overnight_long,activity,20,0.0695686431296756,0.037449787858461044,0.052965207999276086,0.17537086386653372,0.24917230203513113
EA_overnight_long,price,20,0.02759693375883058,0.0053101542377847685,0.010981116058111421,0.12927129957415082,0.21937059419561536
EA_overnight_long,policy,20,0.19320915856374718,0.09873109387203204,0.12744646929248613,0.28610946815148486,0.3578231576223993
EA_overnight_long,fx,20,0.08101276610100487,0.009025557863005523,0.02019816432971735,0.18315146394737128,0.27621061163858085
EA_overnight_long,brent,21,0.10404414089670032,0.013274835110537111,0.030534994562399834,0.2143991284627826,0.2861939280293485
EA_overnight_long,vix,21,0.18037886842204728,0.05810719892458339,0.09213752623431856,0.24154950742484085,0.2978217101334737
EA_overnight_long,activity,21,0.07517323951244015,0.037956723673487174,0.055511521845858856,0.18330829661695405,0.25817422016227615
EA_overnight_long,price,21,0.029282227237599993,0.00528625696428394,0.011171990237780796,0.13205483871766163,0.23147072201094993
EA_overnight_long,policy,21,0.19094289079081206,0.09853350603423283,0.1269599794753979,0.28613238610552205,0.3588047886925288
EA_overnight_long,fx,21,0.08115997705055822,0.01018427512137302,0.020624752042812285,0.1831202230537033,0.2802774443910048
EA_overnight_long,brent,22,0.10847675263633008,0.01433044632199574,0.031261370973663216,0.2154081179421169,0.28398429568991107
EA_overnight_long,vix,22,0.18149221326410178,0.05803004100842283,0.09189182444966812,0.23981455932907014,0.29620357545069864
EA_overnight_long,activity,22,0.08080238359009556,0.039728434951583486,0.056597298479093935,0.18783035373607856,0.2732675881773583
EA_overnight_long,price,22,0.030883046511149394,0.0049642067008189945,0.011306580289381621,0.1374662842724621,0.24077393818904239
EA_overnight_long,policy,22,0.18971863531837546,0.09808656926764543,0.12877057426004074,0.28764850418184057,0.35761382387200663
EA_overnight_long,fx,22,0.08121361414485602,0.01085333130010099,0.021051751105301234,0.18158428045250663,0.28022245558937536
EA_overnight_long,brent,23,0.11241757931015373,0.01481966990170044,0.03300867985981293,0.2200958524736923,0.28833268323761957
EA_overnight_long,vix,23,0.18168729401247216,0.058648573568425476,0.0913731659281133,0.2403483926225312,0.2921961684893571
EA_overnight_long,activity,23,0.0857423292457813,0.039966970382916175,0.05691849912293114,0.1954956948250803,0.2779444445151927
EA_overnight_long,price,23,0.032906701834651254,0.005134130592218731,0.01190732110023269,0.14399456229712923,0.25278296301294123
EA_overnight_long,policy,23,0.1893002683120532,0.09756772460234897,0.12963245136983195,0.2894408788710718,0.3591345451851993
EA_overnight_long,fx,23,0.0811335448659528,0.011966793850084373,0.021132702592244444,0.18170205184057875,0.27979283290253815
EA_overnight_long,brent,24,0.11582215820214461,0.014379843445349988,0.03325132349900358,0.21971009749430348,0.2891387862146837
EA_overnight_long,vix,24,0.18145248443024156,0.05813522705217616,0.09130473211283432,0.2367084129039915,0.2889673256416293
EA_overnight_long,activity,24,0.09019414257260566,0.0400299519201075,0.057616922720421127,0.1985423568443561,0.2778754792898562
EA_overnight_long,price,24,0.034865412678244244,0.0052467700138877265,0.013063937514612293,0.14830885600369056,0.25626237435580207
EA_overnight_long,policy,24,0.18968153294029608,0.09683649202392011,0.1314401788685524,0.29467102618110275,0.3593424543332973
EA_overnight_long,fx,24,0.08094390851221633,0.012099957339700436,0.021334627977535627,0.18290966072812334,0.27965084035334004
EA_overnight_long,brent,25,0.11877472431105818,0.01418223863261264,0.03393053447005854,0.22088857955393693,0.2961031948661461
EA_overnight_long,vix,25,0.1807547900791749,0.057906422880887966,0.09165840976141827,0.23624999069525074,0.28901889153795557
EA_overnight_long,activity,25,0.09415081077157701,0.03966586555398976,0.057818403484057736,0.2059020625951845,0.27628083221416183
EA_overnight_long,price,25,0.036672500327087326,0.005395062877690584,0.01325446375931062,0.1541665048218483,0.2599322203926483
EA_overnight_long,policy,25,0.19064780064724643,0.09784129850991015,0.13345871857136585,0.29614025236030966,0.36277834451445035
EA_overnight_long,fx,25,0.08063565088129611,0.012281729980757815,0.02208228995293427,0.18076919028510008,0.27959083117476313
EA_overnight_long,brent,26,0.12127396204524427,0.014172235518822764,0.03424911042910207,0.22258846791979983,0.2989885528286351
EA_overnight_long,vix,26,0.17974782450984575,0.05846330350312618,0.09221312234819111,0.23601392512967886,0.2877302312695427
EA_overnight_long,activity,26,0.09749535843847924,0.03918779088635931,0.05832598045035489,0.20632094790949712,0.2807582307771206
EA_overnight_long,price,26,0.03841795771347227,0.005267146267458045,0.01363948275042615,0.1595522586421825,0.26242481314112015
EA_overnight_long,policy,26,0.1921853737573848,0.09864370099687286,0.13194171779242103,0.29809248670986593,0.36502716451348044
EA_overnight_long,fx,26,0.08023600482213346,0.012408211003469392,0.02261085376107613,0.17924588691178622,0.2793432164404655
EA_overnight_long,brent,27,0.1233729208337516,0.01429046446825252,0.03435258853726143,0.22296518239169363,0.30321690450192273
EA_overnight_long,vix,27,0.17854583568818425,0.05908559010561184,0.09151627912776164,0.23554534753798637,0.2835602833740471
EA_overnight_long,activity,27,0.10028640194605372,0.03876015103261514,0.05895865661254347,0.20549107541461673,0.28115976396229325
EA_overnight_long,price,27,0.04005269151612901,0.0056865879368139405,0.014257414205167959,0.16343692318672046,0.26917625215662905
EA_overnight_long,policy,27,0.19406164051416297,0.09969076259532098,0.13289535415995998,0.296655315069488,0.3649886767994653
EA_overnight_long,fx,27,0.0798034339668906,0.013077661123646474,0.022147045613955904,0.1791158097900731,0.2788756057616153
EA_overnight_long,brent,28,0.12507092777252676,0.014102648191827466,0.03461193753992552,0.22415030864936838,0.30616186782674554
EA_overnight_long,vix,28,0.1771492422685229,0.05924678611100367,0.09232411219092593,0.23366803751712834,0.27949831185623675
EA_overnight_long,activity,28,0.10263587516296889,0.03854289769903661,0.060301383095533435,0.20665582866637813,0.27914140072882393
EA_overnight_long,price,28,0.041540760490876176,0.005753620797856127,0.014470722712571448,0.16731890086386544,0.2767887752138318
EA_overnight_long,policy,28,0.19620223860530825,0.09850363090490834,0.13327810269535922,0.2971088003250691,0.36778640184695416
EA_overnight_long,fx,28,0.07938476361093488,0.01292014163666297,0.0227812377083133,0.1784309233344169,0.2782797901064417
EA_overnight_long,brent,29,0.12644354072321368,0.01393979415452555,0.03441271981852206,0.22625825882191536,0.3084901479396532
EA_overnight_long,vix,29,0.17561678998396038,0.059093313592066744,0.09300202640711709,0.23191217018390645,0.2780598548497789
EA_overnight_long,activity,29,0.10435762176263394,0.03872180745406797,0.05903618965230144,0.20718316818079985,0.27661949853543655
EA_overnight_long,price,29,0.04309363213906469,0.005701574412836935,0.014568040667956136,0.17505709954882762,0.27959546464917717
EA_overnight_long,policy,29,0.19844171639333277,0.09726912001525052,0.13307750759929776,0.2972264498246958,0.3692422242628024
EA_overnight_long,fx,29,0.07897628721232913,0.012853796849756485,0.023168932435045912,0.17638048055924815,0.27780350668875625
EA_overnight_long,brent,30,0.12750237769914136,0.013911291145862223,0.03480344415153731,0.22771324794983996,0.3086659031207742
EA_overnight_long,vix,30,0.17407421388005406,0.058927755564074605,0.0927164042027519,0.23052757982082878,0.2799724521499901
EA_overnight_long,activity,30,0.1055838763517331,0.038606012828354776,0.05905959190888243,0.20463853747164126,0.2780549790891351
EA_overnight_long,price,30,0.0445612909272924,0.005687577968312221,0.014304242048780813,0.18021245005941708,0.28102067035667283
EA_overnight_long,policy,30,0.2007190373123225,0.09713662721305581,0.13240619640217918,0.29820788877367005,0.36998557693611916
EA_overnight_long,fx,30,0.0785850911557977,0.012621855287990815,0.023544261984869006,0.17567430953012178,0.27760692660623637
EA_overnight_long,brent,31,0.12829535174168788,0.014054690333977085,0.035034452200499104,0.22882578297568434,0.3067186669641191
EA_overnight_long,vix,31,0.17254803536144003,0.058763515296861975,0.09219109829226607,0.2285307954603894,0.2788868279727158
EA_overnight_long,activity,31,0.10636714629896468,0.03829025582609521,0.05946690306014599,0.20315525060090103,0.27732572946864836
EA_overnight_long,price,31,0.04590754227012079,0.0057310360430773795,0.01448044875109183,0.18644142191117644,0.2848174989555935
EA_overnight_long,policy,31,0.20289968046025586,0.09759959790206961,0.13141798694508056,0.29905795706685184,0.37101071552522386
EA_overnight_long,fx,31,0.07820776130034163,0.012414040730741772,0.023783508808360346,0.17686437359625487,0.27772107806985213
EA_overnight_long,brent,32,0.12884378635769184,0.014158352658820542,0.035152998101445704,0.2295515064923848,0.30407155434051236
EA_overnight_long,vix,32,0.17109327292528562,0.059082932101361535,0.09306289513594296,0.2267087206466246,0.2781974138783832
EA_overnight_long,activity,32,0.10671802661625385,0.03800621979953499,0.05966397957838591,0.20227298224859122,0.2763323501408304
EA_overnight_long,price,32,0.04716347853603428,0.005856631838500425,0.015165570549165907,0.18635035227163335,0.28778099008746283
EA_overnight_long,policy,32,0.20495696361378266,0.09650608356635353,0.13148688345706558,0.2969851618915167,0.3702738594446512
EA_overnight_long,fx,32,0.07784507911387895,0.012470105820450364,0.024213864499938093,0.17746508263927438,0.278832983454478
EA_overnight_long,brent,33,0.12918449375549318,0.014301908974582276,0.03566971238413635,0.22939502924445831,0.3014424614329654
EA_overnight_long,vix,33,0.16975625647207926,0.05884321094006593,0.09312209977323052,0.22584470734811793,0.2795527939046711
EA_overnight_long,activity,33,0.10671367488422719,0.037794516481167224,0.059814752330737436,0.20206624407099327,0.27726985848334684
EA_overnight_long,price,33,0.048307174426634084,0.005890220686087509,0.014926397537157935,0.1911417677255234,0.2887626166100449
EA_overnight_long,policy,33,0.20678016968776994,0.09605368404434544,0.1304966620305004,0.29608277177270237,0.3748502133636355
EA_overnight_long,fx,33,0.07750891148340515,0.012674573752340572,0.024874475032148534,0.178017857713421,0.27798352722217123
EA_overnight_long,brent,34,0.12933685233513909,0.014404326126117608,0.03617589965070131,0.22858197304187042,0.2995902646861347
EA_overnight_long,vix,34,0.16856718900898193,0.05833960252925175,0.09350363965643206,0.22421735410486748,0.27788962466716627
EA_overnight_long,activity,34,0.10643685033160133,0.03763319572330061,0.05980081241121214,0.20176311882761466,0.27816584667609084
EA_overnight_long,price,34,0.049319176588698756,0.005962715909418607,0.015173748560095589,0.19537987559638065,0.2914531454191492
EA_overnight_long,policy,34,0.20833888911948512,0.09550955485353572,0.12883151811947957,0.2943534431397051,0.3726898727579687
EA_overnight_long,fx,34,0.0772123607886891,0.012829876332696962,0.02549213054458425,0.17744768944840844,0.27734435119516326
EA_overnight_long,brent,35,0.12933660146567744,0.014506279692107908,0.03687385374743414,0.227499814233034,0.2979247344191821
EA_overnight_long,vix,35,0.16755362276795377,0.05852065237241566,0.09358268957591286,0.22455507637092756,0.2793312224043165
EA_overnight_long,activity,35,0.10589241070980852,0.037462782496204536,0.06008638371204056,0.20200842638962246,0.27756917187453495
EA_overnight_long,price,35,0.05028137970160335,0.0060302994443324235,0.01548439057178043,0.19820247177234773,0.2929959355192572
EA_overnight_long,policy,35,0.2095814433448426,0.09489167593846035,0.12760127717835065,0.2943515059304683,0.3691205804063591
EA_overnight_long,fx,35,0.07695273081758885,0.01314825392972629,0.025715114112142504,0.17831429050648895,0.2767733962285439
EA_overnight_long,brent,36,0.1292032125119918,0.015092236049051362,0.03708453108537673,0.22774717822514393,0.29616053560387584
EA_overnight_long,vix,36,0.16672783130486524,0.05842629714083277,0.09382202647956106,0.22443421340583639,0.27861169355871235
EA_overnight_long,activity,36,0.1051543397935775,0.03715656717766115,0.06059591961376197,0.20072719609204168,0.27596051040900327
EA_overnight_long,price,36,0.0511528393680951,0.006256160307314421,0.015888579800661055,0.2007917128617211,0.29435548910851494
EA_overnight_long,policy,36,0.21050211716038114,0.0937654535537778,0.1263632149977716,0.29376408942796034,0.3650872766969894
EA_overnight_long,fx,36,0.07673125233746939,0.013335193769870315,0.02637090466035033,0.17739750203764024,0.2761564591154859
EA_bundesbank_long,brent,1,0.0,0.0,0.0,0.0,0.0
EA_bundesbank_long,vix,1,0.0,0.0,0.0,0.0,0.0
EA_bundesbank_long,activity,1,0.0,0.0,0.0,0.0,0.0
EA_bundesbank_long,price,1,0.0,0.0,0.0,0.0,0.0
EA_bundesbank_long,policy,1,0.8861186759761766,0.7815022270837909,0.8173264080639829,0.9082402562599152,0.9298715673592115
EA_bundesbank_long,fx,1,0.007598719286689739,6.633136885543324e-05,0.000802913587641902,0.03053584005604372,0.05164467288554362
EA_bundesbank_long,brent,2,0.007513489820584223,0.0005625002648393062,0.002005503509403929,0.015175308754878575,0.021769566651828325
EA_bundesbank_long,vix,2,9.774704908383827e-05,7.571417418893871e-06,6.0217690830532167e-05,0.0032007136533157778,0.006243179523491619
EA_bundesbank_long,activity,2,0.0003276952221273862,8.081683181118496e-06,9.929373927006977e-05,0.003994677374341868,0.008349204629936805
EA_bundesbank_long,price,2,0.014156917243993922,0.0018079484839155942,0.0051131867909927214,0.023306387370295913,0.030751256833711264
EA_bundesbank_long,policy,2,0.8468945739479845,0.7170810404653359,0.7645009158348632,0.8801036445409248,0.9013964184749157
EA_bundesbank_long,fx,2,0.014961353002848982,0.0008173391925502528,0.002792362386132757,0.041191903025046515,0.06743935723924045
EA_bundesbank_long,brent,3,0.02039616811667685,0.0028890936848487915,0.007094441972067448,0.03856201605988219,0.05369932227963771
EA_bundesbank_long,vix,3,0.005374401183497349,0.0010362775155460331,0.002385213917309359,0.018386481474174605,0.02621521177024458
EA_bundesbank_long,activity,3,0.00406731184106175,0.0008743834190378777,0.00189962343436254,0.014913640942909668,0.02613768995892592
EA_bundesbank_long,price,3,0.021277514379069083,0.003401699422945661,0.007894016463510638,0.03330053913716678,0.04611003504817293
EA_bundesbank_long,policy,3,0.8232349799771053,0.6844991678288092,0.729767415950337,0.8630312719536359,0.8905053146777818
EA_bundesbank_long,fx,3,0.022523124494423032,0.0013666586677031454,0.005085191165054688,0.05195939945204323,0.08453131372008152
EA_bundesbank_long,brent,4,0.034927056342434,0.005722091633728338,0.012748069355691642,0.06232947831734819,0.0820662041835674
EA_bundesbank_long,vix,4,0.008427546809303844,0.001295916415203498,0.002884990367829278,0.02754431339488743,0.039736571985201294
EA_bundesbank_long,activity,4,0.013114916033091428,0.0021973434853041454,0.004418271266365276,0.030471406091062265,0.050900003007765204
EA_bundesbank_long,price,4,0.02508744632002029,0.003917707617237081,0.009066872637511767,0.041439915540159876,0.05628929967497613
EA_bundesbank_long,policy,4,0.8064789422916215,0.6502747374513761,0.70593291697544,0.8534798520500929,0.8785715511747486
EA_bundesbank_long,fx,4,0.02879600078947978,0.0019495596682058513,0.00621982241110746,0.06426176232306717,0.09797368292235019
EA_bundesbank_long,brent,5,0.043948059568830584,0.006955716656908605,0.01567812326123575,0.07507844970695139,0.09966237938409105
EA_bundesbank_long,vix,5,0.00947362632104132,0.0013381931088186363,0.0032182857312966448,0.03125120025514779,0.045407113780483545
EA_bundesbank_long,activity,5,0.018681702369354757,0.0023368027054873662,0.00528726130082382,0.03931106024484259,0.06619200417826576
EA_bundesbank_long,price,5,0.027826710912063245,0.004001428163587539,0.00873216925710001,0.04622714872331616,0.06514595227568311
EA_bundesbank_long,policy,5,0.7960531501100712,0.625989235174929,0.687396980586666,0.8449421743847114,0.8739563195614111
EA_bundesbank_long,fx,5,0.03307158857832646,0.0023520514272737454,0.006823553794641141,0.0736509187860877,0.10455080541494635
EA_bundesbank_long,brent,6,0.04888679801127457,0.007180119953920964,0.016531282399531607,0.08206514141184906,0.10976414083771395
EA_bundesbank_long,vix,6,0.009769984282299195,0.0016931585472423757,0.003544919645002846,0.03243642380843805,0.04729690755095347
EA_bundesbank_long,activity,6,0.02142392938204527,0.0025005808361675138,0.005420781701202476,0.04450668240076945,0.0744719568824289
EA_bundesbank_long,price,6,0.028958094955385857,0.003966127918173459,0.007869610237102734,0.04839773687710307,0.06687920259757679
EA_bundesbank_long,policy,6,0.7889460815377509,0.606926699638506,0.6690069064210691,0.838927217592879,0.8661115385026907
EA_bundesbank_long,fx,6,0.03594640187825613,0.0023483791297838077,0.007160830330046117,0.07923788800748356,0.11563221490270087
EA_bundesbank_long,brent,7,0.05224069878662141,0.0071503564937450146,0.016963475429166843,0.08503220191300026,0.11456435987651038
EA_bundesbank_long,vix,7,0.009589644975107302,0.00205305830603326,0.004315471679636006,0.03344706131081065,0.04940889109789667
EA_bundesbank_long,activity,7,0.023087796973376946,0.0027042335546919043,0.005520968596549711,0.04729158405174943,0.0823358270765401
EA_bundesbank_long,price,7,0.029311483713754187,0.003614213679101885,0.007586292064231622,0.04975389769615365,0.0696702168136948
EA_bundesbank_long,policy,7,0.7830830304480407,0.5896406404257278,0.6522788051694743,0.8303337699587799,0.863513015803586
EA_bundesbank_long,fx,7,0.03785795021217588,0.0022530622775810403,0.0077525985794762555,0.08334508713770654,0.12495159599802745
EA_bundesbank_long,brent,8,0.05466236950925745,0.007195769866582828,0.01699215288680301,0.08660302763369032,0.11853321499529101
EA_bundesbank_long,vix,8,0.009288863466901968,0.0028598311076424333,0.005449630077622073,0.03386526488059406,0.0499787709757566
EA_bundesbank_long,activity,8,0.024124513652450448,0.002930909590865754,0.005837182931276551,0.04829734597543337,0.08469111935133403
EA_bundesbank_long,price,8,0.029357708628567233,0.0033297616033811143,0.007245967423143149,0.04961433972342791,0.07113222642209255
EA_bundesbank_long,policy,8,0.7778159865894404,0.5792760518473067,0.6395619276606537,0.8213994445018314,0.8598433191196757
EA_bundesbank_long,fx,8,0.03917841503488515,0.002158692337625051,0.00808312104221908,0.08695070073414256,0.1324950367657889
EA_bundesbank_long,brent,9,0.0563277679344069,0.007046410652783342,0.017251513270797773,0.08905383121202481,0.12098549561152704
EA_bundesbank_long,vix,9,0.009088460067112005,0.0034090429176667695,0.006779435181240624,0.035077680460923605,0.051242398829405865
EA_bundesbank_long,activity,9,0.02467564635116697,0.0031169472411068573,0.005903721199230137,0.048800103575582364,0.08543355852818228
EA_bundesbank_long,price,9,0.02919698950079778,0.00306470230388928,0.006623954212569845,0.04844202273486924,0.07037930789394242
EA_bundesbank_long,policy,9,0.7728520708490594,0.5678346335524593,0.6270111752043243,0.8140429056327065,0.8560041418420087
EA_bundesbank_long,fx,9,0.040164734100367076,0.0023649301438421417,0.00876675538016641,0.08902792773001204,0.13620664679910954
EA_bundesbank_long,brent,10,0.057430005742621186,0.007144212479651603,0.016964021907047114,0.0885431157428166,0.12243508082539646
EA_bundesbank_long,vix,10,0.009103956895466916,0.0040468939660777805,0.0077079811032373996,0.037151621813634274,0.05248247877484854
EA_bundesbank_long,activity,10,0.024879177818326617,0.0031755098564133035,0.006224152517965311,0.04894099546172827,0.08689000653923648
EA_bundesbank_long,price,10,0.028921623939481465,0.0030798973013097582,0.00637732344063296,0.04870127246301048,0.06943287514451028
EA_bundesbank_long,policy,10,0.768026167378053,0.5550515546653214,0.6124525482104601,0.8066204949390751,0.8499235798637808
EA_bundesbank_long,fx,10,0.04094266567608537,0.0024638752076679127,0.008951342919584347,0.09197220479290909,0.1421605683378724
EA_bundesbank_long,brent,11,0.058132820960458964,0.0072999368207709615,0.016943691407411015,0.08922158946701204,0.1240679171298205
EA_bundesbank_long,vix,11,0.009388982676378402,0.004478298884328409,0.00875407628196977,0.04076185517802449,0.054631928618593756
EA_bundesbank_long,activity,11,0.024857537539947634,0.0034887518519542923,0.006641411628767624,0.04982965506435043,0.08640251291883223
EA_bundesbank_long,price,11,0.028607105703853344,0.003238425682192557,0.0064013738966690594,0.04853842935755047,0.07004550412973894
EA_bundesbank_long,policy,11,0.7632689492169719,0.5435538916834953,0.5976289274078108,0.8008035230313185,0.8464853627613005
EA_bundesbank_long,fx,11,0.041581247408792654,0.0026375692419349033,0.009299699033671541,0.09477961772232307,0.1489613212956765
EA_bundesbank_long,brent,12,0.05855345993772317,0.007558957282417019,0.017027126781626375,0.08888422285471449,0.1252812062372228
EA_bundesbank_long,vix,12,0.009954178951878605,0.005042551533841591,0.009753062164176622,0.04360922874101158,0.05911352856185958
EA_bundesbank_long,activity,12,0.024701358254270483,0.003604194897303663,0.007318916896961834,0.05118857588983926,0.08655450499061056
EA_bundesbank_long,price,12,0.02829367298878637,0.003314929113177453,0.006171012502839156,0.049265782693941156,0.07096271864685108
EA_bundesbank_long,policy,12,0.7585479657849966,0.530087699653696,0.5863055890914722,0.7940659400064449,0.8410495018194393
EA_bundesbank_long,fx,12,0.04212779569168267,0.00294411988910927,0.009599208524580304,0.09690858351733149,0.15096054449885304
EA_bundesbank_long,brent,13,0.05877277498232657,0.00774084239421548,0.017390647943223345,0.0912584083871282,0.12492461424215538
EA_bundesbank_long,vix,13,0.010785785298537015,0.005720041466344306,0.010780681990783254,0.04528934252525973,0.06560025484973932
EA_bundesbank_long,activity,13,0.024472357418078017,0.003951374025710371,0.007457660098688409,0.052898345340223245,0.0863927894489576
EA_bundesbank_long,price,13,0.028001550968155542,0.0033492064714047073,0.00610061116113018,0.04869917445260187,0.07272141041265891
EA_bundesbank_long,policy,13,0.75384588240554,0.5191873789130306,0.5765494988839247,0.7865230931849003,0.8381241439017583
EA_bundesbank_long,fx,13,0.04261493412068057,0.0029133661911572794,0.009946109084086045,0.09988342337172786,0.15555266534536236
EA_bundesbank_long,brent,14,0.05884735726478948,0.007873623905638153,0.01730293504216105,0.0923720438085157,0.12630460370274754
EA_bundesbank_long,vix,14,0.011855382419271933,0.005874287932440471,0.011653605998672711,0.04938565461144642,0.07054614708764931
EA_bundesbank_long,activity,14,0.024213121323302746,0.004370220857759266,0.007886814328449714,0.05293745241629708,0.08650773124820559
EA_bundesbank_long,price,14,0.02773990971878032,0.003500866068395116,0.0061124130412923685,0.0501033188710924,0.07312187500851082
EA_bundesbank_long,policy,14,0.7491554557284904,0.5082613278531813,0.5679408166838259,0.7785566453671401,0.8330223280697524
EA_bundesbank_long,fx,14,0.04306496979055143,0.0032213272495222457,0.0102346199705104,0.1017560911110081,0.1625392783249406
EA_bundesbank_long,brent,15,0.05881885491437842,0.008716467261567622,0.017751778637181203,0.09355228227509339,0.12766085068106683
EA_bundesbank_long,vix,15,0.01312737857261795,0.006330766267824319,0.01276293770536253,0.0531290901845226,0.0762145878509905
EA_bundesbank_long,activity,15,0.02395383437937301,0.00462375818626743,0.008359368589685447,0.05399642661226111,0.08787181233409971
EA_bundesbank_long,price,15,0.02751163898639995,0.0036409390598467883,0.005993057355937704,0.05034996772791017,0.07330714220184668
EA_bundesbank_long,policy,15,0.7444753406653813,0.4933715279372982,0.556485433144258,0.7731941854449397,0.8270533640578814
EA_bundesbank_long,fx,15,0.04349324551640706,0.0037348274779374054,0.010578381651423146,0.10568252163081951,0.1664139450386364
EA_bundesbank_long,brent,16,0.05871866808721461,0.009066121816083702,0.01765185279787837,0.09505184826855255,0.129792594602676
EA_bundesbank_long,vix,16,0.014564220624933033,0.0067461804808503605,0.013388001937929581,0.05849988337395705,0.08140680844266183
EA_bundesbank_long,activity,16,0.023715713868888925,0.004745790207763431,0.00893376331680544,0.05493332051292872,0.09021848357025364
EA_bundesbank_long,price,16,0.027316266169666047,0.003528356581038679,0.0059146218487963935,0.05028500761644637,0.07424118060536676
EA_bundesbank_long,policy,16,0.7398074010336242,0.48116276736720837,0.5454267527658125,0.7648448511924992,0.8204865290263927
EA_bundesbank_long,fx,16,0.04391032995965456,0.004184315013829279,0.010767545577623225,0.11035819075501693,0.16988135421166564
EA_bundesbank_long,brent,17,0.05857053135888229,0.009055450147603153,0.01783115848705555,0.09435386280672345,0.1311904450926264
EA_bundesbank_long,vix,17,0.01612930410116395,0.007090284057017032,0.013968796604073292,0.06199136806667218,0.08811809164156123
EA_bundesbank_long,activity,17,0.023513270458104026,0.004742105434127022,0.009556117163188955,0.056318977433948605,0.093079770673992
EA_bundesbank_long,price,17,0.027151408693596307,0.0034575774085953085,0.005784805162862558,0.05118017793866862,0.07748607656195758
EA_bundesbank_long,policy,17,0.7351551341532768,0.4688956653762335,0.5359231800484581,0.7599043507905409,0.8157727432651696
EA_bundesbank_long,fx,17,0.04432355273011297,0.004727453592599491,0.01155974496979962,0.11169797443236475,0.17420784474978465
EA_bundesbank_long,brent,18,0.058392450798281356,0.009338904037661888,0.018188440436521222,0.09429629537466216,0.13360956762763035
EA_bundesbank_long,vix,18,0.017788744039974536,0.007401194885737808,0.01469084685501937,0.06716730172990479,0.09443447499752186
EA_bundesbank_long,activity,18,0.02335599355605494,0.004871359162645223,0.01016526608806594,0.056919427252097504,0.09314317018936594
EA_bundesbank_long,price,18,0.0270136860968065,0.0033531591079379794,0.005725592495073709,0.05109483696845481,0.07716354158808227
EA_bundesbank_long,policy,18,0.730522677421319,0.45845260996585435,0.5296650726554413,0.7531233895002148,0.8129537807469397
EA_bundesbank_long,fx,18,0.0447380080192081,0.004652057250124949,0.011817990643336855,0.11447889644594196,0.18024730905788172
EA_bundesbank_long,brent,19,0.05819813686014159,0.00944549047976643,0.018375161551467237,0.09422564265206217,0.13815338169032992
EA_bundesbank_long,vix,19,0.019512314836527607,0.007751050096374136,0.015486843608366158,0.07099383743282482,0.09959531907773156
EA_bundesbank_long,activity,19,0.02324959114939656,0.004915669183678984,0.010644884658399368,0.05917548385640586,0.09624353928012327
EA_bundesbank_long,price,19,0.02689933858418738,0.003236255188786573,0.005682641717278614,0.05231690474738741,0.0780976990043492
EA_bundesbank_long,policy,19,0.7259142748441414,0.4523261180786895,0.5213414023237246,0.7455832170720478,0.8098808035330544
EA_bundesbank_long,fx,19,0.04515720507501645,0.004916838593872264,0.01198542370173248,0.11740328348321641,0.18108969014367785
EA_bundesbank_long,brent,20,0.057998033340439105,0.00934311778013512,0.0183976080523855,0.0941793580440929,0.14005340696408522
EA_bundesbank_long,vix,20,0.02127379120194333,0.008282873542526957,0.016197759688156524,0.07465528218415289,0.10357367906327912
EA_bundesbank_long,activity,20,0.02319691180682972,0.004917792322285994,0.011131861559460964,0.06205665449005447,0.09540196160731813
EA_bundesbank_long,price,20,0.026804587977368753,0.003094798860066929,0.005638295926626894,0.05322227534924648,0.07818127468240096
EA_bundesbank_long,policy,20,0.7213340016181425,0.44394930178137143,0.510930827626779,0.7438752659854354,0.8062650618099679
EA_bundesbank_long,fx,20,0.045583515467520395,0.004976624630020956,0.01225422285344236,0.11794971778323067,0.1857246602037587
EA_bundesbank_long,brent,21,0.05780007279507318,0.0095564895365072,0.01852674777882362,0.09597494879094783,0.143699096495656
EA_bundesbank_long,vix,21,0.023050937364769524,0.008499089725537881,0.016531316462443543,0.07802675278405666,0.10900621969835605
EA_bundesbank_long,activity,21,0.02319864404585186,0.004937627593165799,0.011511091690645125,0.06495831193903463,0.09870797413991071
EA_bundesbank_long,price,21,0.02672583779425624,0.002888067392633875,0.00550395772912596,0.05295074694437658,0.07838479253475186
EA_bundesbank_long,policy,21,0.7167856171478378,0.43238926970894026,0.5039320364110147,0.7399527315086185,0.802924656055963
EA_bundesbank_long,fx,21,0.04601848567995237,0.0051045263799633705,0.012708173362599315,0.12114083875952997,0.191866776906692
EA_bundesbank_long,brent,22,0.05761024020202679,0.009762078804692178,0.019018924008459476,0.09768989714236058,0.14644709166285136
EA_bundesbank_long,vix,22,0.024825282036889745,0.008686854177834498,0.01682218037395452,0.08129348994802706,0.11195777792499567
EA_bundesbank_long,activity,22,0.023253857525983405,0.00518904852773995,0.012138900435847701,0.06761804524127192,0.10200130175683687
EA_bundesbank_long,price,22,0.02665977940879254,0.002936081984430698,0.005500643019388367,0.054192743228549244,0.08156470112247699
EA_bundesbank_long,policy,22,0.7122724984688732,0.4240033662617547,0.49515370009486603,0.7365871426964966,0.8007548395617899
EA_bundesbank_long,fx,22,0.04646305759346549,0.0051434446216144965,0.013264335963029597,0.12453359131915435,0.19895831262889738
EA_bundesbank_long,brent,23,0.05743300047872752,0.009795699546629339,0.01935661770622022,0.09797501646773943,0.14972893814124183
EA_bundesbank_long,vix,23,0.026581775015637573,0.008829773407379721,0.017170424118420485,0.08422685479765847,0.11655726152909152
EA_bundesbank_long,activity,23,0.023360427796644375,0.005221334538280917,0.012584073498669733,0.07008566949493578,0.10491803546981435
EA_bundesbank_long,price,23,0.026603439754389346,0.0029281199777556636,0.005559980209572264,0.05503633958386635,0.08374332330881032
EA_bundesbank_long,policy,23,0.7077976234196361,0.4142320343834397,0.4840451420623635,0.733766039002191,0.7977874920258261
EA_bundesbank_long,fx,23,0.04691772669626266,0.0051124838847017,0.013637586837819692,0.12837376002218345,0.20172533290839967
EA_bundesbank_long,brent,24,0.057271627536368115,0.010080066485740268,0.01962005620090372,0.09878727674882139,0.15226534245461648
EA_bundesbank_long,vix,24,0.028308394174005814,0.009049545225718785,0.017705593917577676,0.0874430679644801,0.12155524650454064
EA_bundesbank_long,activity,24,0.02351537239746663,0.005498075524304872,0.0128279624957598,0.07446273926900591,0.10725445358445264
EA_bundesbank_long,price,24,0.02655419385282633,0.002789434113983197,0.005642774411483445,0.05635196565059491,0.08546413477715052
EA_bundesbank_long,policy,24,0.7033635823702954,0.4035633280258832,0.47610713239573377,0.729032405444367,0.7933915822727903
EA_bundesbank_long,fx,24,0.04738265686417242,0.005164324694297148,0.013754089396945774,0.13247653451033709,0.2060848354048877
EA_bundesbank_long,brent,25,0.057128459767888454,0.010541680918989459,0.019648364128871644,0.0993657993688983,0.1536523534437132
EA_bundesbank_long,vix,25,0.029995744184920334,0.009104073817882887,0.018126298815909964,0.09024066824460694,0.12540291324118058
EA_bundesbank_long,activity,25,0.023715118142609893,0.00561583358354429,0.013114751734300987,0.07710881318614561,0.10937816664258691
EA_bundesbank_long,price,25,0.026509756648381004,0.0027285696951889044,0.005764988472289087,0.05820609223864266,0.08544636621111397
EA_bundesbank_long,policy,25,0.6989726057271107,0.39500763676915196,0.4690947534734041,0.7268000351135526,0.7915537674532155
EA_bundesbank_long,fx,25,0.047857764471477895,0.005369517218059749,0.014584454602063483,0.13628029309789394,0.20829197221050536
EA_bundesbank_long,brent,26,0.05700509980700095,0.01055220648111113,0.0201457135982827,0.1004163435941734,0.15566297418116462
EA_bundesbank_long,vix,26,0.03163667186433397,0.009231772737387373,0.01834335519984249,0.09304193558439561,0.12985482420307357
EA_bundesbank_long,activity,26,0.02395571388463006,0.005741518425751523,0.013405207953098092,0.08066033018026511,0.11415236735788839
EA_bundesbank_long,price,26,0.026468163085846035,0.002709160054053923,0.005827456786074677,0.05980334939110475,0.088712214543705
EA_bundesbank_long,policy,26,0.6946265990482597,0.3878753364620071,0.4639360420301805,0.7231515833850036,0.78914091943591
EA_bundesbank_long,fx,26,0.04834278072602492,0.005737083197563285,0.014794873717503371,0.1369444965280796,0.2114863216802342
EA_bundesbank_long,brent,27,0.05690257164146533,0.010560919872535001,0.020526967536275115,0.1003999878307903,0.15684905475263292
EA_bundesbank_long,vix,27,0.03322591222205102,0.009580540726366512,0.018519908613031905,0.09499055056645003,0.13365079860954812
EA_bundesbank_long,activity,27,0.024232999358079717,0.005948675682923399,0.013969212313902602,0.08218906326648916,0.11420900329995101
EA_bundesbank_long,price,27,0.026427742202243514,0.0027703328945406533,0.005757518699591081,0.061411904773705756,0.0919339133462818
EA_bundesbank_long,policy,27,0.6903271807032196,0.38118369949970343,0.45746347165055995,0.7185080141883432,0.7843164752626735
EA_bundesbank_long,fx,27,0.04883729834195073,0.006123178005321037,0.01489597109940985,0.13780483107110322,0.21508113436137216
EA_bundesbank_long,brent,28,0.05682144470865019,0.010575020075849801,0.020773676292079653,0.10022059001548164,0.15796470165761436
EA_bundesbank_long,vix,28,0.03475977169217485,0.009661674761283727,0.018619357115558025,0.0964438432590734,0.1372375287079695
EA_bundesbank_long,activity,28,0.024542738257271896,0.0061912377552536604,0.014365714231916179,0.08470439225589894,0.11554202647010957
EA_bundesbank_long,price,28,0.026387088824624736,0.002819763991086522,0.005860233002544938,0.06186686333728339,0.09568514661007577
EA_bundesbank_long,policy,28,0.6860757190885499,0.3748708458835883,0.4506780281167029,0.714484305698945,0.7820261640371777
EA_bundesbank_long,fx,28,0.04934080682554813,0.006330579862723627,0.01497742426954468,0.14097647956731582,0.2168786119955051
EA_bundesbank_long,brent,29,0.05676193221677409,0.010572522226560514,0.021016035409024546,0.10064493804709108,0.16110994910572346
EA_bundesbank_long,vix,29,0.036235850300942736,0.009772959855477003,0.018773446630617547,0.09848180668810609,0.13964325628043028
EA_bundesbank_long,activity,29,0.02488072196669546,0.006346324211218092,0.01479032747532748,0.08669755364878398,0.11592926524765179
EA_bundesbank_long,price,29,0.026345035043963596,0.002777707895034955,0.005892738696928706,0.062339345524290365,0.09902453103918661
EA_bundesbank_long,policy,29,0.6818733676673482,0.3679018958608316,0.4436526988521206,0.7102270920056438,0.7795392152011347
EA_bundesbank_long,fx,29,0.049852719407456225,0.006388108675271106,0.015065534654914966,0.14402638572362242,0.21831059003280692
EA_bundesbank_long,brent,30,0.0567239692223684,0.010575453775376773,0.021079725540882038,0.10286006940297622,0.1637822541267469
EA_bundesbank_long,vix,30,0.03765280170656663,0.00987699447723959,0.01897458933307786,0.100618164239784,0.14279215132056605
EA_bundesbank_long,activity,30,0.025242849107956798,0.006489064907465867,0.015200461909892243,0.08844562045864586,0.11736699151714525
EA_bundesbank_long,price,30,0.026300622746857467,0.002717847246196566,0.005911247500920019,0.06435013102761018,0.10325830684469255
EA_bundesbank_long,policy,30,0.6777210969016589,0.35939779495378926,0.4379625963295902,0.707307821626306,0.7762672367517598
EA_bundesbank_long,fx,30,0.050372393789346916,0.006738734524050789,0.015550207146136027,0.14656965105936443,0.22008650770293756
EA_bundesbank_long,brent,31,0.05670727472645161,0.010625924185146999,0.021471120769725512,0.10384150177119975,0.16615476772677767
EA_bundesbank_long,vix,31,0.039010128437446265,0.009980087808744225,0.019170855083994173,0.10213828191239238,0.14330836047084514
EA_bundesbank_long,activity,31,0.02562518513594663,0.006619476815010095,0.01569592319797827,0.09034870504492831,0.1223783237923031
EA_bundesbank_long,price,31,0.026253077914667453,0.002647171335777395,0.006224503133334937,0.06548323214726315,0.10541635365693316
EA_bundesbank_long,policy,31,0.6736197226669445,0.3509500797818295,0.43237284043593094,0.703542495932941,0.7738999811184494
EA_bundesbank_long,fx,31,0.05089914827247215,0.006944892169383575,0.015665994973193438,0.14890297602039726,0.22539085726746128
EA_bundesbank_long,brent,32,0.05671140110687385,0.010713598398165164,0.021382018466180278,0.10482071668236705,0.17128922861951348
EA_bundesbank_long,vix,32,0.040308008877489386,0.010040572691899223,0.019430738889541267,0.1032702236292522,0.14342344302071236
EA_bundesbank_long,activity,32,0.026024005499364514,0.006743180054123256,0.016076125325509432,0.09106413734766285,0.12550122972993755
EA_bundesbank_long,price,32,0.026201787035486257,0.002543791351914311,0.006289188325863797,0.0664443309799571,0.10887048861582684
EA_bundesbank_long,policy,32,0.6695699310621606,0.34317790984011176,0.42676822056448055,0.7015311667943246,0.7717593737990991
EA_bundesbank_long,fx,32,0.05143227441135654,0.007193794348391471,0.015799863360272524,0.1510349692760428,0.2288668793443428
EA_bundesbank_long,brent,33,0.056735773488329616,0.010636236249504993,0.02163121958342158,0.10624725517705833,0.17576345336314703
EA_bundesbank_long,vix,33,0.041547152289105174,0.010046778291773409,0.019699549832788595,0.1038597019658572,0.1435161346660587
EA_bundesbank_long,activity,33,0.026435825312800337,0.006858878264024617,0.017094147051517745,0.0935232180032663,0.12760146700573768
EA_bundesbank_long,price,33,0.02614627574774258,0.0025167014368270044,0.006391562911033818,0.06657684362142884,0.1127785112538312
EA_bundesbank_long,policy,33,0.6655722997276421,0.3375380959714821,0.4213969797710979,0.6980477996864678,0.7698838628369508
EA_bundesbank_long,fx,33,0.051971047032185747,0.007479873926784897,0.016368288246536213,0.15343818494946457,0.2327717063625169
EA_bundesbank_long,brent,34,0.05677972110151707,0.010962635478306245,0.02146809249511288,0.1073253140299769,0.1762880147679169
EA_bundesbank_long,vix,34,0.04272867821652358,0.010054625710635387,0.019913321424193137,0.10474621108892541,0.14468793858565318
EA_bundesbank_long,activity,34,0.026857418026678632,0.00696376662983234,0.017301708704774498,0.09501557070113047,0.12936165396799842
EA_bundesbank_long,price,34,0.026086189695807463,0.002605682314520678,0.006456367500100895,0.06737016722317961,0.11578369064762097
EA_bundesbank_long,policy,34,0.6616273158992949,0.3325561657206498,0.41674171110381536,0.6950946983237895,0.7683788255429451
EA_bundesbank_long,fx,34,0.05251473223660269,0.007976762972406726,0.016442901836264776,0.1562082956085453,0.23684914873488477
EA_bundesbank_long,brent,35,0.056842502256440816,0.011170885483031464,0.022027341432381668,0.10834677784717296,0.17669009536270255
EA_bundesbank_long,vix,35,0.04385401684124822,0.01006165077816472,0.020192853664887326,0.10575071596998858,0.14678386345042613
EA_bundesbank_long,activity,35,0.02728582519937609,0.007013935118318696,0.01755351633898681,0.09724647554070247,0.1310500923396312
EA_bundesbank_long,price,35,0.026021277496809207,0.0025114179141043067,0.006524598070714862,0.06841742104393007,0.11875804058111435
EA_bundesbank_long,policy,35,0.6577353914891821,0.3279476209615242,0.41116448580533715,0.6933305721295739,0.7653374320579005
EA_bundesbank_long,fx,35,0.05306259385267397,0.008049931273966417,0.01646257842742958,0.15792103330412283,0.24095156072873636
EA_bundesbank_long,brent,36,0.056923324221284856,0.011278946394712903,0.022065158982581483,0.10924543764423575,0.18217749554287932
EA_bundesbank_long,vix,36,0.044924827178951035,0.01006792875152856,0.02056947654354413,0.10739638844589788,0.14871502285723165
EA_bundesbank_long,activity,36,0.02771835915437569,0.007108565140343932,0.017717060160061405,0.0983040858784988,0.13283664961062097
EA_bundesbank_long,price,36,0.02595137567379859,0.0024961415416223606,0.006548073249416537,0.06961717295127724,0.1198872324119269
EA_bundesbank_long,policy,36,0.6538968755087422,0.32109235279771714,0.40602770881033606,0.6920020726427107,0.762259841530034
EA_bundesbank_long,fx,36,0.053613898678401724,0.00804629495224954,0.01666281622691301,0.1595740492417911,0.24586763519734744
EA_overnight_common,brent,1,0.0,0.0,0.0,0.0,0.0
EA_overnight_common,vix,1,0.0,0.0,0.0,0.0,0.0
EA_overnight_common,activity,1,0.0,0.0,0.0,0.0,0.0
EA_overnight_common,price,1,0.0,0.0,0.0,0.0,0.0
EA_overnight_common,policy,1,0.9482855845088475,0.8648321330932679,0.8983178574827768,0.9661725373073808,0.9770420573573877
EA_overnight_common,fx,1,0.04821349172250853,0.007909953654476842,0.020010483606889673,0.08322676158896171,0.11227886881126879
EA_overnight_common,brent,2,4.2036635868396764e-05,1.3583133380606753e-05,9.056443227407531e-05,0.004409766902597824,0.007946677516330018
EA_overnight_common,vix,2,0.004393746582228993,5.6133138016390315e-05,0.0007112908224367517,0.01372871799355465,0.020380096969005782
EA_overnight_common,activity,2,0.00016092100490980023,8.859969462085316e-06,8.749647355778284e-05,0.00524486502653366,0.011702708974572863
EA_overnight_common,price,2,0.0004217193584598499,9.597398314014905e-06,9.981503810761065e-05,0.005836986325168944,0.01138823925213487
EA_overnight_common,policy,2,0.9178957805714456,0.7988128571207669,0.8486685949839678,0.9441751233389062,0.9611097374683131
EA_overnight_common,fx,2,0.035929521876444985,0.004287223175478758,0.011644811536553903,0.06649454411835852,0.09648255284577711
EA_overnight_common,brent,3,0.0021295154740878204,0.00031216905941258146,0.000892472212521107,0.010535153482398349,0.018352368000121855
EA_overnight_common,vix,3,0.004882018591686849,0.0006555722807951069,0.0018197927786309455,0.016988192920928277,0.02816640763280087
EA_overnight_common,activity,3,0.009797699723139583,0.0014492258631431298,0.003959315462407119,0.034481412664984216,0.05035331634685153
EA_overnight_common,price,3,0.0007741276597322744,0.00026693262109354454,0.0008117073528509257,0.010970669913835891,0.0200151705523628
EA_overnight_common,policy,3,0.8741187813312885,0.7213018776052285,0.7835085020060917,0.9076667653524433,0.9358011197738614
EA_overnight_common,fx,3,0.0346933352259944,0.004006212254919144,0.009904426590629336,0.06413349434037173,0.09596606175970873
EA_overnight_common,brent,4,0.004584326326681555,0.0006882279257065719,0.0015994327993400993,0.01731153315233504,0.031989816485584174
EA_overnight_common,vix,4,0.007508393071590509,0.0014161284703604511,0.0031892364749722475,0.022376715912803446,0.03945225217128883
EA_overnight_common,activity,4,0.027727561063366216,0.005596591015972465,0.011562988212261531,0.0655160890636225,0.10179209622549598
EA_overnight_common,price,4,0.0005261133307407792,0.0004519701587395802,0.0011422312893658877,0.013869363805160021,0.024721670292324607
EA_overnight_common,policy,4,0.830865721068357,0.6410573845974759,0.7226598255239192,0.8824361165671872,0.9163808244939335
EA_overnight_common,fx,4,0.03452561526859457,0.004594352726511611,0.009630769736351881,0.06495961561477726,0.09871431714149662
EA_overnight_common,brent,5,0.006862198991411559,0.0009494162996737806,0.0021821149808235237,0.023629353057621157,0.04517268284862304
EA_overnight_common,vix,5,0.010698640274370348,0.001866557217525411,0.00387129614973336,0.03148667854840691,0.05330978402526169
EA_overnight_common,activity,5,0.04527405263169861,0.008554358440945115,0.018013875064505143,0.09481913242546215,0.14067347138910805
EA_overnight_common,price,5,0.0004291750482995257,0.0005547030392422845,0.0013348626476769212,0.017238054253492376,0.030705612977231837
EA_overnight_common,policy,5,0.7974305752686813,0.5893122675257262,0.672239924970107,0.8577573091891687,0.9060784053305672
EA_overnight_common,fx,5,0.035600221655815896,0.004948615501414895,0.009266291472686566,0.0682417104461957,0.10596407306549209
EA_overnight_common,brent,6,0.008419934992341309,0.0011444626503371478,0.002822443277103927,0.030648626675384434,0.053079729487148036
EA_overnight_common,vix,6,0.012824467561325202,0.002202167643640306,0.004323123195949562,0.037555287630140335,0.06634723302915024
EA_overnight_common,activity,6,0.06177007977345105,0.01160034334136114,0.024956467510407802,0.1215971467829556,0.17672777200404466
EA_overnight_common,price,6,0.00034435340667635436,0.0006004222021174337,0.001420435885048377,0.021568273460868898,0.04022928671297144
EA_overnight_common,policy,6,0.7748377451617603,0.5498879253097145,0.6323082840638075,0.8417935753388658,0.8955872219817013
EA_overnight_common,fx,6,0.03730799529604643,0.004903236795185849,0.009753462055593076,0.07665443441871696,0.11912243340495385
EA_overnight_common,brent,7,0.009315440393177747,0.0012030617498675932,0.0036355923183220085,0.034892635777167315,0.05745176122674055
EA_overnight_common,vix,7,0.014099274026211509,0.002270018536423102,0.004808139737463756,0.04084404017228526,0.07301976478697435
EA_overnight_common,activity,7,0.0746382129696309,0.013192932987133173,0.029415027745123157,0.13855519985812362,0.1980014326877313
EA_overnight_common,price,7,0.0003171294714232821,0.0005981540601236914,0.0013915156591768976,0.025995214414578978,0.045798425399833344
EA_overnight_common,policy,7,0.7573078799457997,0.5170167259603229,0.5988561207620076,0.8289914446368253,0.8898295907621977
EA_overnight_common,fx,7,0.03893731283602678,0.004898254724349519,0.010154504129730612,0.08445667293888821,0.12692888537559543
EA_overnight_common,brent,8,0.009897020341323493,0.0015937498727948375,0.004047249141330342,0.037740612427870364,0.06442845868098306
EA_overnight_common,vix,8,0.014574098442797683,0.0024625993191936912,0.005251737558536176,0.04294113347386403,0.07726484027684725
EA_overnight_common,activity,8,0.08470758897450155,0.014004978282792516,0.032251581860816066,0.15244303353745614,0.22006333810839254
EA_overnight_common,price,8,0.0003024793331459022,0.0006793432100079388,0.001497301501488445,0.029818428228578372,0.05435786201012287
EA_overnight_common,policy,8,0.7424881884262005,0.48599268170796495,0.5768135315750563,0.8167623438543655,0.8811816031103255
EA_overnight_common,fx,8,0.04038348266762853,0.004641002516201104,0.011046318932203964,0.09110544014542334,0.13585564782404502
EA_overnight_common,brent,9,0.010315005197897324,0.0017839035638543678,0.0045139353853487114,0.041463065424565515,0.07153825102773703
EA_overnight_common,vix,9,0.014552263358467746,0.0030592527167343274,0.005595481048635659,0.04331455415912891,0.07974342465020276
EA_overnight_common,activity,9,0.092821712861557,0.013771871110634283,0.0330647519562657,0.16222270567860214,0.23158402648829793
EA_overnight_common,price,9,0.00027262777331012075,0.0007757460956912457,0.001603158881674314,0.03441259951955378,0.06256857953780723
EA_overnight_common,policy,9,0.7291594279025504,0.46346319449117385,0.5582243377075561,0.7983880501187447,0.8714152519358785
EA_overnight_common,fx,9,0.041722129486589696,0.004702880788426385,0.0111687118321501,0.09491348942080803,0.14280575660523057
EA_overnight_common,brent,10,0.010603394705676755,0.0021785849553447867,0.004770142058664827,0.043231487377585566,0.07520427852437485
EA_overnight_common,vix,10,0.014271198685017703,0.0032847541872655928,0.006243102403005887,0.04309567461378815,0.07959207570302566
EA_overnight_common,activity,10,0.09909983226099212,0.013915406465151046,0.03447886000056342,0.16940803280169636,0.2419750487204905
EA_overnight_common,price,10,0.00024304608393591767,0.0007392950664328694,0.0017347969229234061,0.037104357168635645,0.06751471361685467
EA_overnight_common,policy,10,0.7162251286400562,0.43822534301168475,0.5402743622201226,0.7849350027985637,0.8637690738937503
EA_overnight_common,fx,10,0.042973642165071387,0.004917982913769113,0.012003003302424934,0.09880926182511343,0.14998128748924616
EA_overnight_common,brent,11,0.010777143305763707,0.002612491693879548,0.005027841595835861,0.04610728265519809,0.07827208881936441
EA_overnight_common,vix,11,0.013952092598935923,0.003440471241516829,0.006932592624986772,0.04389638825981062,0.07835574452283385
EA_overnight_common,activity,11,0.10366207181688132,0.013860501643149037,0.03488446071482996,0.17350788758393765,0.24824717407809546
EA_overnight_common,price,11,0.0002145076721298209,0.0007213076371942662,0.0018524203839604782,0.0385945357876691,0.07401844172826622
EA_overnight_common,policy,11,0.703153128492676,0.425827364351055,0.523777081837236,0.772653591714082,0.8529994565142409
EA_overnight_common,fx,11,0.04418637685515092,0.005061655661461365,0.012600397135306488,0.10299688133566928,0.1638463880513629
EA_overnight_common,brent,12,0.010860103773358604,0.002857698267612898,0.005297363404417089,0.048861223813600446,0.08097867573697828
EA_overnight_common,vix,12,0.01374454469321828,0.003681123011242484,0.007921223873356923,0.04579086644008833,0.07700607330917758
EA_overnight_common,activity,12,0.10670477501222793,0.014388439843121088,0.03533285933707071,0.17678913325679518,0.2503267172519682
EA_overnight_common,price,12,0.0001886157439903076,0.0007846472821987895,0.0020365938167319383,0.040756177363586596,0.08163128173291834
EA_overnight_common,policy,12,0.6897366947235775,0.41379743981484335,0.5119355406429797,0.7665445041643502,0.8379606048311085
EA_overnight_common,fx,12,0.04544439779087426,0.005047563101827682,0.013073988320172711,0.107166186089846,0.17256562480839727
EA_overnight_common,brent,13,0.010882750035200301,0.0031345269860199106,0.0056988965576634625,0.05064067868414787,0.0841352740249095
EA_overnight_common,vix,13,0.013730105528642924,0.004086594774582074,0.008609480916920115,0.048609668658847964,0.08097676951367215
EA_overnight_common,activity,13,0.1084423960423125,0.015375225882273292,0.03566076576331401,0.17848858567287848,0.25224520739524037
EA_overnight_common,price,13,0.0001669320185339516,0.0008382298557668207,0.0021897422550111066,0.044604484649921415,0.08412133360001756
EA_overnight_common,policy,13,0.6759033146986093,0.39590225844772353,0.4903461512395962,0.7573987585287827,0.822547450559175
EA_overnight_common,fx,13,0.04679171388870352,0.006393549003435176,0.01424798133687889,0.11099313209127859,0.17745933258713814
EA_overnight_common,brent,14,0.010872762472441665,0.00321358283758405,0.006087099503130445,0.052724397649780555,0.08884783059286105
EA_overnight_common,vix,14,0.013935017207557495,0.004500250699063706,0.009347529648319737,0.05063573010741226,0.083738346150003
EA_overnight_common,activity,14,0.10915705450335979,0.01597317235980462,0.03633515138454117,0.17883560949187322,0.251654079062833
EA_overnight_common,price,14,0.00014979808757332785,0.0009033582345089891,0.00237298077180352,0.04757377975625028,0.08823789990613784
EA_overnight_common,policy,14,0.6617379915034232,0.37907610110033363,0.4748987016131254,0.7404313358688529,0.8121424646314013
EA_overnight_common,fx,14,0.04825954179355028,0.00657158697725985,0.015752209674512716,0.11591846844367057,0.18286766788846437
EA_overnight_common,brent,15,0.010849302152063192,0.0033806716924999806,0.006490371103463634,0.05429819512185419,0.09030842231725747
EA_overnight_common,vix,15,0.014344190124072726,0.004534518157828784,0.010028510986514493,0.05184623484461185,0.08835193180393813
EA_overnight_common,activity,15,0.10911904504906893,0.016238498069824227,0.036744140713866745,0.17786951396103037,0.25004745015958935
EA_overnight_common,price,15,0.00013684002839526416,0.0009466686319637431,0.0024254932807804422,0.04995519238354567,0.0941388533683472
EA_overnight_common,policy,15,0.647421277880907,0.36681084704194833,0.4571291738041049,0.7259974992887246,0.8039501192040992
EA_overnight_common,fx,15,0.04988231448234445,0.00672666930947626,0.016650300876377647,0.1223114752447557,0.19134628574530418
EA_overnight_common,brent,16,0.01082457287851281,0.003638792195861335,0.006724861195825812,0.056638303135712234,0.09475944771373061
EA_overnight_common,vix,16,0.014926802941823712,0.004673839648490636,0.0109140284241529,0.05520319731266952,0.0910971456878849
EA_overnight_common,activity,16,0.1085572499742563,0.015952782925640004,0.03718690061468684,0.1757574073894948,0.24659423515694537
EA_overnight_common,price,16,0.0001270640151019126,0.0010542104474030544,0.002577645455448956,0.053010939071985286,0.1001836424621469
EA_overnight_common,policy,16,0.6331584927358838,0.35014394437854424,0.4401773478708273,0.7086053276669881,0.7891633988372101
EA_overnight_common,fx,16,0.05168405462214223,0.0075473546339477286,0.017238601216371142,0.1275424620854225,0.19386408939064628
EA_overnight_common,brent,17,0.01080642768080391,0.003850235489628883,0.006797127417328023,0.05836057302445638,0.0980876742350825
EA_overnight_common,vix,17,0.015644759110088356,0.005149651538573135,0.011922289419333557,0.058859475307548835,0.09425994419426113
EA_overnight_common,activity,17,0.10766278520984128,0.015698964331450915,0.03745268478216041,0.17355055895459276,0.24277599822819654
EA_overnight_common,price,17,0.00011934704683791265,0.0010692894583490616,0.0027376531619769597,0.05361831819862174,0.1024345584073482
EA_overnight_common,policy,17,0.6191532669514183,0.3354141584863286,0.42703246114067844,0.6946758429856306,0.7826874109608318
EA_overnight_common,fx,17,0.05368087830632015,0.00800562123219981,0.01887868689034846,0.13449128076782893,0.19654472778648038
EA_overnight_common,brent,18,0.010800293586488414,0.003997795871996235,0.007376016041845322,0.06218107746231185,0.09902912482903674
EA_overnight_common,vix,18,0.01645980402111151,0.0054667048710395575,0.012741377162835363,0.06157852826551874,0.09862716484406069
EA_overnight_common,activity,18,0.10658639403172414,0.016107489289948932,0.03841194986698857,0.16972210456309308,0.24101545988634807
EA_overnight_common,price,18,0.00011261805413501464,0.0011134157500566856,0.0027663157830761917,0.05615417487055858,0.10436185325916472
EA_overnight_common,policy,18,0.6055834497774106,0.32703448694955845,0.4083017702001988,0.6787011553457492,0.7761446112418352
EA_overnight_common,fx,18,0.05588241563506443,0.008643825145822159,0.02050437592975645,0.14238085671417813,0.20164617084405514
EA_overnight_common,brent,19,0.010810471168930625,0.004276164193547391,0.007700362592279051,0.064095865202011,0.103422057704338
EA_overnight_common,vix,19,0.01733944701384859,0.0054828933240386,0.013405286089709211,0.06650852902064697,0.1003738774988552
EA_overnight_common,activity,19,0.10544309965099129,0.01797046828193681,0.039076587028324894,0.16752818797710348,0.24013467012740408
EA_overnight_common,price,19,0.000106156841714562,0.001093061273734164,0.00287575790532353,0.059776634694834636,0.11224824042143786
EA_overnight_common,policy,19,0.5925888884706281,0.31587565454128225,0.39772409357759037,0.6673574788076391,0.7714375153043729
EA_overnight_common,fx,19,0.058289614609347916,0.009599363815810889,0.022018025839446075,0.149630086743442,0.21048593067276833
EA_overnight_common,brent,20,0.01084058032429157,0.004444890353598925,0.00812119737642337,0.06690907089228042,0.10772119504200003
EA_overnight_common,vix,20,0.018257869289302658,0.005651674897742398,0.014100924951957512,0.06928548216468122,0.10304725349297854
EA_overnight_common,activity,20,0.1043168972348871,0.018813840644883322,0.03925090757288194,0.16801520986892662,0.2384568226039272
EA_overnight_common,price,20,9.968987353282381e-05,0.001109982822334952,0.003025797703306316,0.06123705615766067,0.11695916155947342
EA_overnight_common,policy,20,0.580271939615983,0.3101274575411076,0.3872471998821886,0.6584509520740766,0.7644237390337373
EA_overnight_common,fx,20,0.06089585588747649,0.010734176043267766,0.02304941624484886,0.15704342363643553,0.21896844266628235
EA_overnight_common,brent,21,0.010893610260579648,0.004517048177533756,0.008464742515821739,0.0673140607685836,0.11333184219712206
EA_overnight_common,vix,21,0.019196103188595517,0.006458613826722113,0.014849814700115524,0.07231515299406828,0.10706447058451109
EA_overnight_common,activity,21,0.10326559836620718,0.01976259692934946,0.039937860387536155,0.16759912055352416,0.23791844962197178
EA_overnight_common,price,21,9.336670140149811e-05,0.001225647578295124,0.0032523954677618422,0.06441382163041598,0.11967934611908543
EA_overnight_common,policy,21,0.5686999383619182,0.3004726484752389,0.375365058194854,0.6538601087470814,0.7585520142932776
EA_overnight_common,fx,21,0.06368778236651054,0.011413296408751245,0.025091255019642808,0.1608761375482114,0.22863459650028378
EA_overnight_common,brent,22,0.010971943413334162,0.004777176775048256,0.008889493827599414,0.06978572093118394,0.11867027498869444
EA_overnight_common,vix,22,0.020141235466378315,0.006854199559763757,0.015570529712127607,0.07546627901027474,0.11080328125136295
EA_overnight_common,activity,22,0.10232703807983684,0.02033725692137283,0.04054301180878218,0.16704755058533288,0.23641310222019463
EA_overnight_common,price,22,8.772818624684717e-05,0.0013266994636265583,0.0035374487415303687,0.06686768642305657,0.12278786356258523
EA_overnight_common,policy,22,0.5579099220432354,0.2940652981602932,0.3630300463462337,0.646040392744293,0.7465608673762079
EA_overnight_common,fx,22,0.0666462142336018,0.011920770556856196,0.02631610794355494,0.16471223640498137,0.23419340679067863
EA_overnight_common,brent,23,0.011077354325865594,0.004846311334729918,0.009412153549635071,0.07131456363855122,0.12247279721640499
EA_overnight_common,vix,23,0.02108492201782696,0.007155343205860497,0.016156817014593167,0.07803018631798977,0.11443845960514876
EA_overnight_common,activity,23,0.10152422598693513,0.02054284593904664,0.04130896766244377,0.16923362026683678,0.235838375905491
EA_overnight_common,price,23,8.362139174862688e-05,0.0013318736947609377,0.0038405250752488298,0.07052408433754459,0.12653478476251664
EA_overnight_common,policy,23,0.5479145540580468,0.2888758965628318,0.3552951265615707,0.6383021248077168,0.742586101984698
EA_overnight_common,fx,23,0.06974769749052459,0.012500771690179588,0.02887719235669076,0.16839945280929747,0.23949062924249623
EA_overnight_common,brent,24,0.011211025568953632,0.005193888603382604,0.010065410988429209,0.07247564320755276,0.12520249775230113
EA_overnight_common,vix,24,0.02202219590349849,0.0071948036739087765,0.0171996900675307,0.08182569737025486,0.11685530542136355
EA_overnight_common,activity,24,0.10086959270510075,0.020890496255334328,0.04195797823285173,0.16911223732119263,0.23662786043774284
EA_overnight_common,price,24,8.210562424404701e-05,0.001293738047932243,0.0038054724631488793,0.07240352380679603,0.12965168426551507
EA_overnight_common,policy,24,0.538707483762334,0.2795649283377091,0.34782406365627433,0.631084522929107,0.7357360122592129
EA_overnight_common,fx,24,0.07296576659551039,0.013331800603803396,0.030023922899974253,0.17391034432940095,0.2468590154170688
EA_overnight_common,brent,25,0.0113735898798793,0.005205809958645109,0.010520473526047649,0.07470017828467788,0.1280569985713891
EA_overnight_common,vix,25,0.022950369396854794,0.0072652292679152896,0.01763013742234795,0.08444471938797565,0.11899484974697436
EA_overnight_common,activity,25,0.10036833435930291,0.021719809386780947,0.04261133577975601,0.1698187608907924,0.2379107624506055
EA_overnight_common,price,25,8.435710524250906e-05,0.0014734213992854,0.004043313332402368,0.07409799124165617,0.13597678516683617
EA_overnight_common,policy,25,0.530268280138358,0.27138737397628143,0.339255370826295,0.625548262116589,0.7290944581908929
EA_overnight_common,fx,25,0.07627226273420601,0.014566613246671467,0.03131200508052003,0.17929932984477742,0.25231529501018124
EA_overnight_common,brent,26,0.01156516783323903,0.005627527987074908,0.010884659526168416,0.07478880179490167,0.13030169290517454
EA_overnight_common,vix,26,0.023868132222165078,0.007648632416497766,0.01809099494879363,0.08637121979741973,0.12287861904328423
EA_overnight_common,activity,26,0.10002076571063706,0.022521867339304738,0.043033840530051076,0.16894633532424688,0.23845386167361013
EA_overnight_common,price,26,9.158447165578384e-05,0.0015230066623736114,0.0042506324071040266,0.07610488248146408,0.141227873025107
EA_overnight_common,policy,26,0.5225666664964952,0.26690631146981747,0.33253626094011896,0.6215808272673743,0.7222876613664584
EA_overnight_common,fx,26,0.07963863143976428,0.015054898402300997,0.032653972289471846,0.18387428875780965,0.2560648785051196
EA_overnight_common,brent,27,0.011785412347299446,0.005825098391340827,0.011351872884577778,0.07604012329057577,0.1315922809818084
EA_overnight_common,vix,27,0.024774922871118234,0.00797119230934006,0.018486301391438326,0.08785086232594301,0.1274160040569377
EA_overnight_common,activity,27,0.09982397358116174,0.022587326601270274,0.043374516193040266,0.1689890922339957,0.2379176115068459
EA_overnight_common,price,27,0.00010496217047469102,0.0015648622279096738,0.004596459369961922,0.07787644143388113,0.14491658745689665
EA_overnight_common,policy,27,0.5155658724013956,0.26169927679899674,0.3243114286455744,0.6157181811992103,0.7161074183053536
EA_overnight_common,fx,27,0.08303694011361322,0.015855990299246482,0.03444541727362877,0.18839561614186692,0.2574697796215431
EA_overnight_common,brent,28,0.012033566439947891,0.005929024888638183,0.011601568374044864,0.07640617371154704,0.13212058270648183
EA_overnight_common,vix,28,0.02567044761859731,0.008114351693303306,0.01908100903140326,0.08965554121168422,0.13093402235501012
EA_overnight_common,activity,28,0.09977291773041258,0.02310408173725016,0.04422717906329224,0.16898112208963986,0.23716709448099713
EA_overnight_common,price,28,0.00012557888146015787,0.0015463478139296316,0.0047428624744417424,0.08007289883168338,0.14922359393551649
EA_overnight_common,policy,28,0.5092252538931615,0.25829327684032566,0.3201567107565971,0.6128084201229829,0.7116648852994145
EA_overnight_common,fx,28,0.08644070968717703,0.016084009489976323,0.03549541807652687,0.19181178409169816,0.26229237805846317
EA_overnight_common,brent,29,0.012308528226992082,0.006047271681396758,0.012024350627581119,0.07772632314067822,0.13261724217042642
EA_overnight_common,vix,29,0.026554354939005223,0.008764847508295384,0.01950383434216973,0.09209734090977449,0.13352512067744587
EA_overnight_common,activity,29,0.09986114043224656,0.023180914000679627,0.044712471241033204,0.17002025524761882,0.23915070669841532
EA_overnight_common,price,29,0.00015440393277657815,0.001572256415466858,0.004881896787968774,0.0819430794567856,0.1519578008565855
EA_overnight_common,policy,29,0.5035022576186259,0.2522688824965767,0.3168258723488552,0.6093833821882212,0.704532459881035
EA_overnight_common,fx,29,0.08982553166186731,0.016856451542353414,0.03751448599392049,0.19421023247254474,0.2653920181487479
EA_overnight_common,brent,30,0.012608919738923368,0.006107652395597825,0.012246761975911137,0.07979861221091576,0.135301605942708
EA_overnight_common,vix,30,0.027426051282115328,0.009165422769841315,0.020023840319945543,0.09300967805374144,0.13778411880066788
EA_overnight_common,activity,30,0.10008121469651196,0.023245781621800857,0.04602187680113733,0.17272368012186098,0.23949797016756144
EA_overnight_common,price,30,0.0001922675572463957,0.0015808814101451836,0.0051675303688586815,0.08490092721759517,0.15685037403946045
EA_overnight_common,policy,30,0.498353835447933,0.25015295448272873,0.313795448067091,0.6048060882216445,0.6981709873757231
EA_overnight_common,fx,30,0.09316945123966862,0.017211734880642898,0.03831169825828543,0.19755811766771703,0.2687613447616409
EA_overnight_common,brent,31,0.012933152093573786,0.006169631146166099,0.012698188168584455,0.08152795189548644,0.13703778658168364
EA_overnight_common,vix,31,0.02828460873249752,0.009248916625189422,0.020114627530109164,0.09475161638276573,0.14128166240374074
EA_overnight_common,activity,31,0.10042500874637364,0.02350599701757266,0.04666497736208172,0.17342151914334383,0.24019165555949296
EA_overnight_common,price,31,0.00023985176248966767,0.0017095454604482642,0.005410080067207286,0.08730635788981943,0.1582412729301276
EA_overnight_common,policy,31,0.493737438368749,0.2459262373831335,0.3099507877351741,0.6015780819127106,0.6954316097789115
EA_overnight_common,fx,31,0.09645317750411998,0.01737252408916152,0.03900137008180945,0.20153725973611342,0.2695705623691456
EA_overnight_common,brent,32,0.01327948127906196,0.006339423237101217,0.013055312666648293,0.08251399700994914,0.13945457753782242
EA_overnight_common,vix,32,0.02912874800342772,0.009685048087230481,0.02058290167574041,0.09699695238632935,0.14308556004246498
EA_overnight_common,activity,32,0.10088384804785278,0.02410760949464764,0.047176385721658255,0.17593267189621076,0.2410880842733069
EA_overnight_common,price,32,0.00029769042673591075,0.001709108538609004,0.005780308582663501,0.09028472589568406,0.1620775959705079
EA_overnight_common,policy,32,0.48961167972094777,0.24208342343632153,0.30654421031614576,0.5985875561203203,0.6901568513011289
EA_overnight_common,fx,32,0.09966014777682453,0.01815374006820871,0.03927808514079118,0.20156904333233883,0.27142067134253667
EA_overnight_common,brent,33,0.01364605357459216,0.006367008406827667,0.013263079463460765,0.08342686802024844,0.14044214386801343
EA_overnight_common,vix,33,0.029956875335326365,0.009968303716929272,0.02077177946910365,0.0980654319545588,0.14485162501663906
EA_overnight_common,activity,33,0.10144862505720699,0.024656090515848952,0.04799421617245685,0.17741874560567908,0.24166493792462124
EA_overnight_common,price,33,0.0003661751331121595,0.001839983092425242,0.005996373189272588,0.093275496592793,0.1721121397073353
EA_overnight_common,policy,33,0.48593674878383164,0.2394564929291091,0.30148373780193694,0.5956501448059619,0.6894446872595316
EA_overnight_common,fx,33,0.10277647639732215,0.018834905840803357,0.04046827831400664,0.20382001676395411,0.2731161061480414
EA_overnight_common,brent,34,0.014030940925114584,0.006429393703041369,0.013579493227645924,0.0848633839234065,0.14018913898763347
EA_overnight_common,vix,34,0.030767150817689683,0.010430394887912782,0.021054658417945876,0.09882377628737356,0.14712676965371127
EA_overnight_common,activity,34,0.10210988662737326,0.025099687453761062,0.04837421461997273,0.17849314316786702,0.2421605084788888
EA_overnight_common,price,34,0.00044556469771427136,0.0018857046060810026,0.006146233307855447,0.09597987694679713,0.18115688335090704
EA_overnight_common,policy,34,0.48267464385647413,0.23807821253538897,0.29978513398581147,0.5941516058589712,0.6887199706293655
EA_overnight_common,fx,34,0.10579082527157359,0.01937293709629441,0.041273778939744474,0.20590169647425682,0.2745247987262221
EA_overnight_common,brent,35,0.01443216778549094,0.006775979677746082,0.013703667083226245,0.08560731073473268,0.1397119708628545
EA_overnight_common,vix,35,0.031557575530756506,0.010781012515012945,0.02124969201567362,0.09985766055618535,0.1474454219501877
EA_overnight_common,activity,35,0.10285792055815693,0.02529160241331843,0.048926995001699246,0.18054390669507947,0.2426562349736652
EA_overnight_common,price,35,0.0005359969494994791,0.00205925673200082,0.006264002182082284,0.0984813878059364,0.18629199123918275
EA_overnight_common,policy,35,0.47978927690831535,0.2364324778472792,0.2969000195943282,0.591861677964954,0.6879661844085513
EA_overnight_common,fx,35,0.1086942207632366,0.019705455917695226,0.04139187401894474,0.21015083949808144,0.27608968050242527
EA_overnight_common,brent,36,0.01484773148646185,0.006877400458786079,0.013875318405950821,0.08659624148310924,0.14111955604936657
EA_overnight_common,vix,36,0.0323260856407094,0.010788477177716947,0.0215844383949145,0.10138658666140206,0.14871943834479442
EA_overnight_common,activity,36,0.10368284862403687,0.025429296286921477,0.04977597190995816,0.18257630039430478,0.24314745034443044
EA_overnight_common,price,36,0.0006375012019882112,0.002371541177335712,0.006412507180608757,0.10185265442962026,0.18712883363366895
EA_overnight_common,policy,36,0.4772464921977966,0.23478159668269427,0.2939271765589956,0.5893203005521023,0.6863707602672792
EA_overnight_common,fx,36,0.11147983893459656,0.020263524343142734,0.04231313357477217,0.21276828791182187,0.2774663780670684
EA_core,brent,1,0.0,0.0,0.0,0.0,0.0
EA_core,vix,1,0.0,0.0,0.0,0.0,0.0
EA_core,activity,1,0.0,0.0,0.0,0.0,0.0
EA_core,price,1,0.0,0.0,0.0,0.0,0.0
EA_core,policy,1,0.9127654938841867,0.8108852357243228,0.8355915887471599,0.9330359366544693,0.9552196181646504
EA_core,fx,1,0.0452118042784383,0.008686686500770391,0.017345628158863036,0.0836697489898808,0.11382547256437495
EA_core,brent,2,0.00851082641296319,0.00040478049479843664,0.0023170595415826123,0.01820763865730146,0.02542652588112239
EA_core,vix,2,0.0016794908185368347,1.3486858536339442e-05,0.00012069220720356152,0.007259724504821999,0.012712026502484567
EA_core,activity,2,0.0003206348910457769,3.877681061626181e-06,7.036206644695695e-05,0.004197248381999173,0.009785844150908543
EA_core,price,2,0.006032086521925477,0.00016906733011950954,0.0011515553344851775,0.014542731695574011,0.02262375903551027
EA_core,policy,2,0.8729387229709353,0.736713333982492,0.7714812914458841,0.8942698397276988,0.9237736992616571
EA_core,fx,2,0.04884331337373672,0.00716078880167574,0.017254792303436583,0.09733082766274968,0.13885788826508802
EA_core,brent,3,0.022858301249073235,0.0023981511336569317,0.0070338622836497115,0.0443577722032056,0.060473126724564494
EA_core,vix,3,0.0028846743980809604,0.0012236957850104413,0.002479528298428021,0.01259127588576553,0.019164949182819573
EA_core,activity,3,0.00962966520524662,0.0008556395516560804,0.002366332841120607,0.02683278408434964,0.046259175674887854
EA_core,price,3,0.01067362698365078,0.0008154392077336801,0.002426149264987744,0.02645961546525754,0.03718923408961569
EA_core,policy,3,0.8555778453786385,0.6965743522859139,0.7433029720246707,0.8769799641108598,0.9094368159775299
EA_core,fx,3,0.04677669027181409,0.004935861310051105,0.015533880181684386,0.09521245343072303,0.13995917962542628
EA_core,brent,4,0.03874482649500783,0.004356911120465618,0.012691616491940004,0.06773162905568808,0.08610269998312514
EA_core,vix,4,0.004327601979031719,0.0015630599383799943,0.0033137103076593924,0.01714800648089295,0.028969412139336563
EA_core,activity,4,0.024851451873792302,0.0028518192516423005,0.007280256583947475,0.04733892432815466,0.07915944395111399
EA_core,price,4,0.011611568886765698,0.0008649696400638174,0.002610721378040545,0.030981045544517888,0.04390453231430943
EA_core,policy,4,0.841465575105685,0.6560539793562509,0.7158878122781094,0.862228561998567,0.9020213550995488
EA_core,fx,4,0.04818142013305098,0.0052773019351697184,0.015150395423724641,0.10018278484580778,0.14164820322109575
EA_core,brent,5,0.04865750246579347,0.00489153577555397,0.014976842113736568,0.08019912651866776,0.10219311883133875
EA_core,vix,5,0.0043819651454209355,0.0018837004859961085,0.003292458456378532,0.01897241596341885,0.03184616395311813
EA_core,activity,5,0.0342803584386536,0.00385959389741201,0.009162706787223461,0.05858749756496914,0.09686226986634458
EA_core,price,5,0.014031812578133141,0.0011123314228231346,0.0029500748230996236,0.03592587304660946,0.05025934370261758
EA_core,policy,5,0.8299978191438344,0.6258316746217181,0.6918412137687711,0.8489307768680547,0.8904190897565938
EA_core,fx,5,0.05002709685681136,0.0060099891928289805,0.015639567536815172,0.1059358773743523,0.14424212901880887
EA_core,brent,6,0.053775928685889776,0.004785279449992684,0.015397455573367483,0.08701723446168183,0.11033062095734343
EA_core,vix,6,0.004191006555369646,0.0023349893757281365,0.0038434997425007746,0.01896043838019045,0.03323448887218188
EA_core,activity,6,0.0389767532002027,0.004008842040071748,0.009639027257752909,0.06396001986827085,0.11118869391464452
EA_core,price,6,0.01705575132990299,0.00149168708749501,0.0031473391906638275,0.040037423512293925,0.05549973048124232
EA_core,policy,6,0.8192987568564541,0.6050121738456589,0.6752923555206656,0.838332044008704,0.8776701431423738
EA_core,fx,6,0.0516343812780833,0.005909128105896847,0.015531943222702179,0.10927318950286559,0.14774582390357285
EA_core,brent,7,0.05714962695927518,0.005164148236747385,0.015131703712270812,0.08952419240576376,0.11713375404917102
EA_core,vix,7,0.0040449653306630605,0.002754718788770674,0.004824383847570643,0.020381076950324404,0.03482997065364751
EA_core,activity,7,0.04165393801540425,0.004168229285957078,0.010360650590895217,0.06721744944273716,0.11677434897955238
EA_core,price,7,0.02018172727558661,0.0020010716136570415,0.003623704681958285,0.04383851443548311,0.06275394013240732
EA_core,policy,7,0.8076630411140243,0.5846039127056354,0.6550038483095829,0.8225265250918637,0.8685200438758279
EA_core,fx,7,0.053113378000284116,0.006444778110102436,0.016248728409448538,0.11325658866423291,0.15728290063341885
EA_core,brent,8,0.059700543352928376,0.005478703302344014,0.01482408371059569,0.09075813397528955,0.11859419230213061
EA_core,vix,8,0.0041514426726658735,0.0033832489537984445,0.005789073100739236,0.02289978701780086,0.03717542128520913
EA_core,activity,8,0.04332235045799198,0.004359764467649146,0.010495274399783518,0.06914032262074134,0.11939187055369305
EA_core,price,8,0.023653467089442867,0.0020352466951394613,0.004230567299822219,0.04867729993065008,0.06969265180168085
EA_core,policy,8,0.7948891798412095,0.5621210310238447,0.631076590235943,0.807859406524649,0.851261862871405
EA_core,fx,8,0.05460633311219255,0.0065186029868333824,0.016822803593809842,0.1149969030758466,0.16429325353040736
EA_core,brent,9,0.061621265497364026,0.005806116429155559,0.01478736137643316,0.09181966412959912,0.12009580040786397
EA_core,vix,9,0.0045801403516244924,0.00405073782236878,0.006715840870354279,0.026700020811253385,0.04385824441102329
EA_core,activity,9,0.04425366891735607,0.004952540375895217,0.010162112311168484,0.06970253201094928,0.12041749264437299
EA_core,price,9,0.02722563419278016,0.002094871228103419,0.004816536155484036,0.05181075521523948,0.07652238408126229
EA_core,policy,9,0.7812041375740608,0.5387629168390046,0.6097991625261254,0.7893766634062099,0.8401585411636842
EA_core,fx,9,0.056232857697865644,0.00722957120940772,0.01807959668642412,0.11911272045051395,0.17014906564960708
EA_core,brent,10,0.06307785660576928,0.006320816637811957,0.015109762168587355,0.09213646216767411,0.12074594027105694
EA_core,vix,10,0.005326778360860147,0.0047435507570607795,0.007579004640580637,0.030043489410699273,0.047062659417497724
EA_core,activity,10,0.04462812983890878,0.00489953060175877,0.010660153892352416,0.06970274729671884,0.12086274196199427
EA_core,price,10,0.030798201516321906,0.0019115385976376281,0.005502091657606051,0.055231590844413266,0.08406164969744499
EA_core,policy,10,0.7668873957070748,0.5142599780582616,0.5851099801319646,0.7703897251911755,0.8345016170532609
EA_core,fx,10,0.05803457319686757,0.007456390691035072,0.018715635678118108,0.12391595164322441,0.17966278202876051
EA_core,brent,11,0.06421608594652292,0.0064659182931466625,0.01583960070806058,0.09445732733086402,0.12187825449294057
EA_core,vix,11,0.006353242824947112,0.005047058421548448,0.008273723522206634,0.033834915367274745,0.05218531656215355
EA_core,activity,11,0.04463838842497028,0.005239189246960914,0.01161546189292493,0.06919253881159426,0.11785152622242838
EA_core,price,11,0.034384745842828475,0.0021788708908303898,0.005761178343170749,0.059245787676803933,0.08926130777734952
EA_core,policy,11,0.7522503959520482,0.4897498512152434,0.5667278164098992,0.7550184510309712,0.8252260289437702
EA_core,fx,11,0.06001711466062344,0.00814803914903933,0.020040804783219596,0.1288359726125773,0.1819667814252463
EA_core,brent,12,0.06514507013106695,0.00736907646262794,0.016493211773183157,0.09664599384078101,0.12258558349649055
EA_core,vix,12,0.007604222608768578,0.005768949180750122,0.009137957961053066,0.037684949680945046,0.06116511485440593
EA_core,activity,12,0.044425324902590775,0.005699104893935997,0.013002775430725845,0.06997137680697982,0.11495850101387052
EA_core,price,12,0.037943617361160885,0.0020790942913467636,0.0062583541075102115,0.06360351261852129,0.09268614380274395
EA_core,policy,12,0.7375743110581889,0.4668360311121402,0.5411061793900346,0.7398116429662529,0.8132210434557502
EA_core,fx,12,0.06218112579171733,0.00940894712330214,0.020890153079752602,0.13389750024696265,0.18879835426777125
EA_core,brent,13,0.06593803085782621,0.007702225354227961,0.017132382303827725,0.0980534725503572,0.12430677469069196
EA_core,vix,13,0.00902376964772544,0.0063463345527113085,0.00999394231336677,0.04277521959420608,0.06991896087737035
EA_core,activity,13,0.04407771472953002,0.0059413839740502005,0.013756131375472118,0.07081507051564244,0.11263070047273697
EA_core,price,13,0.041427229214234994,0.002231967721201412,0.006598495006758087,0.06723938430134353,0.0986251657402681
EA_core,policy,13,0.7230798618332457,0.44029405960435686,0.5206642285537173,0.7279477381936653,0.8040987852220531
EA_core,fx,13,0.06452543349181893,0.010390745008304685,0.022934687085750277,0.13677465743603925,0.19538870237364303
EA_core,brent,14,0.06664147349180741,0.007748451332906268,0.017571605130108803,0.09878256666593051,0.12524685245753833
EA_core,vix,14,0.010563920482930391,0.006814662442866294,0.010965842540117308,0.04735051563080755,0.07833390005941697
EA_core,activity,14,0.0436554470039751,0.0063218755787973705,0.01421579562768057,0.07038514278581276,0.11079671598610612
EA_core,price,14,0.04480747905194766,0.002259276332041279,0.0067845924809191655,0.07117125849694579,0.10478488800308988
EA_core,policy,14,0.7089295902607864,0.4151789013486911,0.5009179459195908,0.7151654467481182,0.7937700961226639
EA_core,fx,14,0.0670458360124912,0.011562552520620975,0.0241772626820488,0.14284503090886347,0.2031590081767664
EA_core,brent,15,0.06728710363510948,0.007660560407324563,0.01754810036265702,0.09930750423640043,0.12832453739535699
EA_core,vix,15,0.012187119099590814,0.007068046176561357,0.011406704732696978,0.05117568552969325,0.08594133285835708
EA_core,activity,15,0.043200356368420394,0.006654827465583603,0.014522250570585286,0.06996810470496007,0.10970603164622551
EA_core,price,15,0.048067298021501344,0.0022064428859581305,0.006633001043872864,0.07358869925597986,0.10903231977542466
EA_core,policy,15,0.6952370535467775,0.4013891002977441,0.4834262616044356,0.7060238179102072,0.7829072172544589
EA_core,fx,15,0.06973472156701241,0.011995217633130302,0.026195049334104922,0.14743320319787345,0.21540259808105847
EA_core,brent,16,0.06789820700292962,0.007547048967067237,0.01779375357985539,0.09953513733063139,0.13084772939008543
EA_core,vix,16,0.013864777398892924,0.0074349212767071795,0.012015787293136529,0.055393792434699635,0.09192087866981186
EA_core,activity,16,0.042741644399389475,0.007116916984163923,0.014907134002102442,0.07115632461614015,0.11298323845794767
EA_core,price,16,0.051196188154382656,0.002136918135478799,0.006910980633909402,0.07765821123639549,0.11629707045109731
EA_core,policy,16,0.6820765879354338,0.38587526554963686,0.46331543986908635,0.6958996170679487,0.7765368725208412
EA_core,fx,16,0.07258178606896004,0.012802986327449879,0.02807228223038063,0.1521964539014436,0.22333491013183682
EA_core,brent,17,0.06849224237865313,0.00792613431803374,0.0183827329316009,0.09921593211680174,0.13199181442699867
EA_core,vix,17,0.015575547017891418,0.00750930770824603,0.012747599465678574,0.05971430504525723,0.09518997605084506
EA_core,activity,17,0.04229968449466111,0.007488254081168846,0.015105979015662968,0.07156523800238004,0.11611344846514489
EA_core,price,17,0.054188561876093916,0.0022460488419485136,0.006648440170298321,0.0803652750616373,0.12382829322564859
EA_core,policy,17,0.6694920885454596,0.37302733331354626,0.4480160334962943,0.6861509547724735,0.7637482243783408
EA_core,fx,17,0.07557483559368393,0.013716703041670593,0.03067510461965609,0.15609446841721752,0.23166693905111174
EA_core,brent,18,0.06908229417034778,0.007936511078594015,0.01890252742996911,0.09890573258441702,0.13170543486597422
EA_core,vix,18,0.017303970144842886,0.00766863560033756,0.013558064641986424,0.06383352784478984,0.1013519136346364
EA_core,activity,18,0.04188850530123966,0.00831826508921123,0.015462773935465997,0.07167056891501161,0.11739225758909591
EA_core,price,18,0.057042632978899006,0.0022788528861480925,0.006786046859618699,0.08144598794606607,0.1300816018066679
EA_core,policy,18,0.6575045225712415,0.355826576465516,0.43122750259370374,0.6785725127469309,0.7554172857742907
EA_core,fx,18,0.07870016924898694,0.015685174977205812,0.03270732729566711,0.16152481425589008,0.23802083068982813
EA_core,brent,19,0.06967811551599642,0.008042783689517465,0.01943647075120719,0.0997054181403344,0.13201464698909893
EA_core,vix,19,0.019039081056242205,0.007943030919657897,0.014149222799024514,0.06796510332086643,0.10657940771853965
EA_core,activity,19,0.041517530393296496,0.009021795966755454,0.015955560984671775,0.07247174359161412,0.11735858889118596
EA_core,price,19,0.05975949945061568,0.0023906732758198004,0.006864589403393093,0.08194945199090099,0.13143553102138433
EA_core,policy,19,0.6461181068607367,0.33969222071925503,0.4141051162052568,0.6703878346513493,0.7498390199159823
EA_core,fx,19,0.08194284511000632,0.01574365891913688,0.03355202433505007,0.16671476468001795,0.24903966921022327
EA_core,brent,20,0.07028694219012517,0.008852652287472482,0.01968281906588789,0.10078492618410982,0.13324328394429313
EA_core,vix,20,0.020773153031889355,0.008121920606406107,0.01467167007314388,0.07197657345759961,0.1133510006136109
EA_core,activity,20,0.041192855537201034,0.009067123860908915,0.016254616303829985,0.07329148012288723,0.11913186027651347
EA_core,price,20,0.062342287687604206,0.0022764133788799328,0.007104213406879248,0.08251567684451237,0.13437860007800956
EA_core,policy,20,0.6353251407125446,0.32565879041041623,0.40106290301265324,0.6606385378610591,0.7445665190265651
EA_core,fx,20,0.08528696561717969,0.015659255778306007,0.03492317917979946,0.17386238539889762,0.25626384481363107
EA_core,brent,21,0.07091409706560868,0.008886467372259352,0.02005099189334581,0.10062512389229485,0.13408819852512088
EA_core,vix,21,0.0225007294941199,0.008238058234710941,0.015243965460574601,0.07602311531505097,0.11723052928063891
EA_core,activity,21,0.04091816606333311,0.009190563916751176,0.016710037199575718,0.07499859157362497,0.12340789734722239
EA_core,price,21,0.06479548118146716,0.0024192563631469963,0.007194513826934518,0.08626620079330864,0.13917530674227824
EA_core,policy,21,0.6251097039886697,0.31583740129792054,0.39095056285203145,0.6520025657862649,0.738170050423632
EA_core,fx,21,0.08871596483424048,0.016647463431760358,0.036222322599412736,0.18413652881048126,0.26341959152262384
EA_core,brent,22,0.07156340791023638,0.009004757715102578,0.020543671180070496,0.10204319499519854,0.13684252133684946
EA_core,vix,22,0.024217897356385455,0.008282244139884879,0.015597806795817041,0.07974172533751314,0.12099434719014121
EA_core,activity,22,0.0406953952987811,0.00931564147794033,0.017012990378816435,0.07720396771451653,0.12329276209821574
EA_core,price,22,0.06712441598110387,0.002508740746665023,0.007309265278950975,0.09081058644111456,0.14115128993020384
EA_core,policy,22,0.6154504518605503,0.30437723773446096,0.3772522566718206,0.6444456624605948,0.7315470355329385
EA_core,fx,22,0.09221289304793927,0.01749281939850027,0.038484218766379405,0.1902027579651819,0.2694223311926483
EA_core,brent,23,0.07223750325116353,0.009291930828251112,0.020938503076405993,0.10364597912277194,0.13864596367668028
EA_core,vix,23,0.025921754654669164,0.008338229412069402,0.016118682708234508,0.08392696035283553,0.12423687058493177
EA_core,activity,23,0.040525205785723606,0.009841642954133369,0.017845108496763584,0.08004703067687992,0.1246734167801607
EA_core,price,23,0.06933490282098902,0.0027892225589305378,0.007472923325197361,0.09230274512173182,0.14248420663660052
EA_core,policy,23,0.6063226920392365,0.2927137761213739,0.36675754445309566,0.6360684881036373,0.729789815045846
EA_core,fx,23,0.09576069095161918,0.0185069583466926,0.03998771616065334,0.19643507127256782,0.27261590168866706
EA_core,brent,24,0.07293803579407732,0.009749738628587835,0.021304648232260758,0.10523250262728269,0.13928286907895687
EA_core,vix,24,0.027610032721967517,0.008396878155376162,0.01651586388403064,0.08918890114052089,0.127696294337246
EA_core,activity,24,0.04040734389452417,0.010370952228980948,0.018510741417536704,0.08098322439582471,0.12465055587791359
EA_core,price,24,0.07143295714528518,0.0027942256558557447,0.007302027671550934,0.09317915051630479,0.14334797319224474
EA_core,policy,24,0.5976999058399515,0.28607000731352394,0.3574160456544035,0.6300171321174962,0.7243205375212703
EA_core,fx,24,0.09934244398578239,0.019154805170381456,0.04196533215254672,0.20485941427023638,0.2757790948961068
EA_core,brent,25,0.07366585741852014,0.010428257609847412,0.021663238012142597,0.10722341901604027,0.13988522441987147
EA_core,vix,25,0.029280835570081078,0.008457401520871606,0.01690964575822887,0.0925569011518377,0.13308336954717306
EA_core,activity,25,0.04034090003610629,0.010765607344147573,0.01946073090497167,0.08139427732374468,0.12388762465513599
EA_core,price,25,0.07342460897407932,0.002837660532824995,0.007243357958322549,0.09543059069820953,0.1439716053498172
EA_core,policy,25,0.5895548460444641,0.2773896398248139,0.34979739727125353,0.6258962271602074,0.7223137204199161
EA_core,fx,25,0.10294161280195634,0.019048086366151087,0.0436859861802449,0.21215671483900894,0.2797642919593673
EA_core,brent,26,0.07442115839981776,0.010731971289924579,0.02193514094166825,0.10774417541466162,0.14042256032679204
EA_core,vix,26,0.030932466300664686,0.00849419729613918,0.017390048193956863,0.09437724755816015,0.13716524589895182
EA_core,activity,26,0.040324498926703464,0.010867941028708441,0.02045354858521714,0.08225429880738133,0.12310707156206227
EA_core,price,26,0.07531577007256374,0.0029719469829075015,0.007441090115756454,0.09794549481603737,0.1445524164193051
EA_core,policy,26,0.5818603149407,0.2663649519876884,0.3426004688060269,0.6222305372440139,0.7181947811645754
EA_core,fx,26,0.10654223727579873,0.018941163425911026,0.04542850456638318,0.21620234518400416,0.28175446011473854
EA_core,brent,27,0.07520357949667937,0.01101543970894076,0.022028554269529634,0.10863662384640836,0.14396821761206602
EA_core,vix,27,0.03256331737073812,0.008596418369621165,0.017872005037727744,0.09671588904573647,0.14167566453898806
EA_core,activity,27,0.04035643854699609,0.01129604973708404,0.02097005002415989,0.08471107860018792,0.12492228791847358
EA_core,price,27,0.07711214489948245,0.0029348100449960697,0.007605499796069466,0.09944420341902421,0.14642317587417997
EA_core,policy,27,0.5745897024862732,0.2575422096840877,0.3354917479010684,0.6165772837802491,0.7141482596767788
EA_core,fx,27,0.11012911160339206,0.01950625292359712,0.04639804124433925,0.21987632049018982,0.2862077076812519
EA_core,brent,28,0.07601230366896225,0.011316309790576998,0.022365985963573358,0.10928337665870663,0.14496902506532824
EA_core,vix,28,0.03417180698855037,0.008848478157894689,0.018363792859792654,0.09944434648984832,0.14428906647429257
EA_core,activity,28,0.040434791259453234,0.011394138259550338,0.021772150578530335,0.08640771220018018,0.12833854472119208
EA_core,price,28,0.078819174713378,0.002789282680663512,0.007699107802911429,0.10052677557886751,0.14853021296980243
EA_core,policy,28,0.5677173461803499,0.24969167232730252,0.32982380637318814,0.6124960420848365,0.7101693900788972
EA_core,fx,28,0.1136879288722585,0.019515900881814083,0.04760337684744124,0.22204612218738512,0.29045325404398753
EA_core,brent,29,0.07684613259792161,0.011586738266123183,0.02275294358840312,0.10955969503189807,0.14596928715635088
EA_core,vix,29,0.035756348069744606,0.008924752046925688,0.018774940393272807,0.10174350709607008,0.15040168074234625
EA_core,activity,29,0.04055747694282856,0.012021330823869622,0.021981185084520502,0.08857010542720771,0.12981164539128962
EA_core,price,29,0.08044200591958721,0.0028553041812656626,0.007819178419765833,0.10187706908102354,0.15059789607923485
EA_core,policy,29,0.5612187595912881,0.2413151309168216,0.32214772486923526,0.6078605500781415,0.7070959291286573
EA_core,fx,29,0.11720539475934408,0.01952894627095257,0.04852113320659406,0.2277785769556195,0.29432504525033854
EA_core,brent,30,0.07770355170262727,0.011919978129554048,0.022802209144715452,0.1103164903107977,0.14817655253220702
EA_core,vix,30,0.03731533950032544,0.00896964168134028,0.0192603415997732,0.10409273164864807,0.15298815107199432
EA_core,activity,30,0.04072231553292712,0.012680183826585856,0.022261787070695326,0.09126206934477116,0.13354955063035742
EA_core,price,30,0.0819854757683901,0.0031554469334092706,0.008032215407931352,0.10377042717474029,0.15262927694388995
EA_core,policy,30,0.5550707650202507,0.23231120625976637,0.31439480974799316,0.6043821482216739,0.7044215104066784
EA_core,fx,30,0.12066931118492367,0.020348750367068937,0.049273779251591814,0.23098405446364034,0.29893376269791827
EA_core,brent,31,0.0785827862627606,0.012354121549824865,0.022923512183055883,0.11097036958723148,0.14961875355783927
EA_core,vix,31,0.03884717213124355,0.008998701790313786,0.01962501223591881,0.10681570939441523,0.15325626409144333
EA_core,activity,31,0.04092706452180934,0.012962000428275064,0.022584653901603902,0.09344870883473531,0.13661307534552009
EA_core,price,31,0.08345411026881577,0.0032850497622381957,0.00808783248305216,0.10472879958772913,0.1548654200925542
EA_core,policy,31,0.5492515569612055,0.22798581579058533,0.3076921632146976,0.6014725697609623,0.6995230143604292
EA_core,fx,31,0.12406863163427853,0.020981633502576175,0.05012793621625905,0.23140977651426178,0.29984507647609304
EA_core,brent,32,0.07948185054117225,0.012609638413172952,0.023296909869229606,0.11203482240753224,0.15131722746383522
EA_core,vix,32,0.04035024394760181,0.009037160916683495,0.019993524713791653,0.10851141896947095,0.15681499954945402
EA_core,activity,32,0.041169445582286454,0.013223818545317309,0.022916356918101663,0.09459606464449319,0.13950213920267626
EA_core,price,32,0.08485213050759907,0.0034713559001239395,0.008201558279010106,0.10552741797242353,0.15701004867744894
EA_core,policy,32,0.54374071630635,0.222350605345846,0.30193334917310927,0.5991996797414567,0.694880118904623
EA_core,fx,32,0.1273934904935016,0.02119394066750533,0.05104105516690862,0.2326641953685246,0.302091300306867
EA_core,brent,33,0.08039859130447614,0.012857593148193817,0.023909274415255994,0.11239270001479264,0.15248503457230464
EA_core,vix,33,0.041822980339257104,0.009085110587706188,0.020624632642498544,0.10981737818547319,0.16011203348515776
EA_core,activity,33,0.041447163435469,0.013370269080477802,0.023221433028835562,0.0955520568160551,0.13980821939457155
EA_core,price,33,0.08618346454426831,0.003348665606567645,0.008513046882469136,0.1047442462751262,0.1593095947602469
EA_core,policy,33,0.5385191901564651,0.21793987004518342,0.2974770371333513,0.5952957676408059,0.6941881710662018
EA_core,fx,33,0.1306352091928141,0.02218254235007924,0.05183467385762913,0.23300614594997004,0.3017811319176528
EA_core,brent,34,0.08133072677414073,0.012856169894881619,0.02414317047939477,0.11369006656212038,0.1533413315861333
EA_core,vix,34,0.043263856517809174,0.009141086182013673,0.020957777523124894,0.11121108985676546,0.16205927906203127
EA_core,activity,34,0.041757919281144446,0.013510670053457637,0.023585316251524182,0.09712384430518146,0.13946196276751094
EA_core,price,34,0.08745176279579274,0.0032361661753003966,0.008742579663776468,0.10559351067593337,0.16226969567408006
EA_core,policy,34,0.5335692482470938,0.21450120478605725,0.29299931807671264,0.592742461833452,0.6938094136317107
EA_core,fx,34,0.133786282220296,0.022479664889847505,0.052379766064943156,0.2339056865169699,0.30189901299381344
EA_core,brent,35,0.0822758817594005,0.013262301655231477,0.02450824158455911,0.11522466661273555,0.15446044932307756
EA_core,vix,35,0.04467141997703854,0.0091598646022187,0.021058344771915812,0.11286827582076399,0.1651516655370975
EA_core,activity,35,0.04209942050607809,0.013563173371937628,0.02434604731003622,0.09841504972859594,0.14053427170083735
EA_core,price,35,0.08866041539153106,0.0032161109512304524,0.00906381950827784,0.10568508890685469,0.16541104387866812
EA_core,policy,35,0.5288744241032111,0.21191567913591927,0.2894257531481817,0.5896277320188545,0.6934630710484497
EA_core,fx,35,0.1368403461745784,0.022743026999236755,0.05298145867876477,0.2348452117887101,0.3019672828171185
EA_core,brent,36,0.0832316195081806,0.013800119965122431,0.024776969139652702,0.11539617926823445,0.15711654139149162
EA_core,vix,36,0.046044311542447466,0.00930784252995682,0.02122083356673355,0.1153931275416157,0.16792966666477668
EA_core,activity,36,0.04246938792769655,0.013895784064217731,0.02500192625670753,0.09963393809462714,0.14041340621658108
EA_core,price,36,0.08981257040850525,0.00321262571471979,0.009013022571855121,0.10548398643150769,0.16628768124971985
EA_core,policy,36,0.5244194468596015,0.21124632240015973,0.28629655889349664,0.5875520725757851,0.6918615341516611
EA_core,fx,36,0.13979213499295456,0.022824735469145895,0.05338448001352348,0.23678263211314873,0.30185509960603035
TR_core_b,brent,1,0.0,0.0,0.0,0.0,0.0
TR_core_b,vix,1,0.0,0.0,0.0,0.0,0.0
TR_core_b,fedfunds,1,0.0,0.0,0.0,0.0,0.0
TR_core_b,activity,1,0.0,0.0,0.0,0.0,0.0
TR_core_b,price,1,0.0,0.0,0.0,0.0,0.0
TR_core_b,policy,1,0.9838964770997851,0.8938894659754385,0.9209105889850189,0.9789147714161329,0.9871621673088052
TR_core_b,fx,1,0.01474521577939477,0.0008173166457611158,0.0034953000013292416,0.033458332724023446,0.05319209723552932
TR_core_b,brent,2,0.0,0.0,0.0,0.0,0.0
TR_core_b,vix,2,0.0,0.0,0.0,0.0,0.0
TR_core_b,fedfunds,2,0.0,0.0,0.0,0.0,0.0
TR_core_b,activity,2,3.5547205548707924e-07,1.725472547001296e-05,0.00011331582222789898,0.005114940137416008,0.010860148592878574
TR_core_b,price,2,0.00031616452667755114,8.625209648412779e-06,0.00014556108511510363,0.008747854672944668,0.014533358040959852
TR_core_b,policy,2,0.9629030099279616,0.8455781791478427,0.878875514910478,0.9467936316027518,0.9644551094196112
TR_core_b,fx,2,0.005488027565784204,0.001993668877110022,0.003568878730985878,0.01899251999354375,0.034822412125419165
TR_core_b,brent,3,0.0,0.0,0.0,0.0,0.0
TR_core_b,vix,3,0.0,0.0,0.0,0.0,0.0
TR_core_b,fedfunds,3,0.0,0.0,0.0,0.0,0.0
TR_core_b,activity,3,5.7877230869732174e-05,9.294001206831168e-05,0.00031794331379554586,0.008413609185864819,0.01728908617929726
TR_core_b,price,3,0.0050798561571797265,0.0030984446440386775,0.004997111527250634,0.02672675565580164,0.040870602367317786
TR_core_b,policy,3,0.9310331568170488,0.7516613271781196,0.8059943361390669,0.914443084264881,0.938685447389304
TR_core_b,fx,3,0.005134802574184627,0.003678409761197332,0.0055002528899838156,0.02510000782149378,0.03925759632995536
TR_core_b,brent,4,0.0,0.0,0.0,0.0,0.0
TR_core_b,vix,4,0.0,0.0,0.0,0.0,0.0
TR_core_b,fedfunds,4,0.0,0.0,0.0,0.0,0.0
TR_core_b,activity,4,8.763414547222726e-05,0.0001679235841467103,0.0005336642600413866,0.011766277090070196,0.022168787010564173
TR_core_b,price,4,0.01977267815780725,0.008109358972191151,0.014769597552758373,0.054596992218492006,0.07333579234870816
TR_core_b,policy,4,0.8938739250888464,0.6667216955033246,0.73254244942264,0.875179206300634,0.9083769065837872
TR_core_b,fx,4,0.01032403130004972,0.004384410710866858,0.007577070263964071,0.04243151380660193,0.06645630299994688
TR_core_b,brent,5,0.0,0.0,0.0,0.0,0.0
TR_core_b,vix,5,0.0,0.0,0.0,0.0,0.0
TR_core_b,fedfunds,5,0.0,0.0,0.0,0.0,0.0
TR_core_b,activity,5,0.00023550333146789146,0.00030226190577908375,0.0008152197554068275,0.0144484933004267,0.028201465304574694
TR_core_b,price,5,0.03432137883486486,0.01319339520943141,0.023669276861441088,0.07097222767442024,0.08980056913997686
TR_core_b,policy,5,0.8585163265645493,0.6023729455899917,0.6673911503468833,0.8409638170454694,0.8816932705577261
TR_core_b,fx,5,0.017223043028072146,0.004771491407968903,0.008958827750701212,0.05686709898546491,0.08492193988310016
TR_core_b,brent,6,0.0,0.0,0.0,0.0,0.0
TR_core_b,vix,6,0.0,0.0,0.0,0.0,0.0
TR_core_b,fedfunds,6,0.0,0.0,0.0,0.0,0.0
TR_core_b,activity,6,0.0006515194259316317,0.00043410204944558344,0.0011599064364489335,0.018095347747007738,0.03493914547079497
TR_core_b,price,6,0.04433598125034818,0.015441874798925288,0.028597472536290136,0.08174804781509283,0.09906354885526382
TR_core_b,policy,6,0.8283057574897896,0.5534354898421695,0.6180157807614279,0.8108508491565297,0.8583177015323245
TR_core_b,fx,6,0.023768677804916108,0.004529758765349784,0.00944622565978516,0.06787550718699556,0.10333127094309305
TR_core_b,brent,7,0.0,0.0,0.0,0.0,0.0
TR_core_b,vix,7,0.0,0.0,0.0,0.0,0.0
TR_core_b,fedfunds,7,0.0,0.0,0.0,0.0,0.0
TR_core_b,activity,7,0.0014338068241317576,0.0006478663262745527,0.0017555714210943886,0.020978150157982132,0.040498668505594734
TR_core_b,price,7,0.05092934691091351,0.016279944549204964,0.03169708554488765,0.08700306880058595,0.1060993601003701
TR_core_b,policy,7,0.8026949517394655,0.5030396607105344,0.566568779266422,0.7837758678010652,0.8388436911455613
TR_core_b,fx,7,0.029343791928694643,0.00437796982649486,0.010318764441601774,0.0782839717377879,0.11878379779771103
TR_core_b,brent,8,0.0,0.0,0.0,0.0,0.0
TR_core_b,vix,8,0.0,0.0,0.0,0.0,0.0
TR_core_b,fedfunds,8,0.0,0.0,0.0,0.0,0.0
TR_core_b,activity,8,0.0025448168405705737,0.0008794414390505129,0.0021611528520224365,0.024682553803065194,0.04550778327475829
TR_core_b,price,8,0.055609963821545774,0.01631295099872391,0.03380649494016189,0.09295566963444206,0.11516958856658095
TR_core_b,policy,8,0.7796656873335576,0.4542756674673689,0.5280104347928052,0.7575031169793401,0.8224997102074625
TR_core_b,fx,8,0.03398401679077058,0.004752514525739952,0.010410611114429575,0.086750649300565,0.13008108523786685
TR_core_b,brent,9,0.0,0.0,0.0,0.0,0.0
TR_core_b,vix,9,0.0,0.0,0.0,0.0,0.0
TR_core_b,fedfunds,9,0.0,0.0,0.0,0.0,0.0
TR_core_b,activity,9,0.0038900733566998315,0.000984496399247852,0.0026653205330218195,0.02924022209682928,0.05280559718830461
TR_core_b,price,9,0.05918680140361196,0.01638983788488528,0.034605221804116855,0.09623165143620882,0.12207738653447481
TR_core_b,policy,9,0.7573335269899695,0.41713099143381666,0.49353514373433105,0.7288347562208243,0.8014926451539631
TR_core_b,fx,9,0.037893827776098954,0.004737708608043367,0.010612959637584947,0.09450793940647864,0.13995903438859664
TR_core_b,brent,10,0.0,0.0,0.0,0.0,0.0
TR_core_b,vix,10,0.0,0.0,0.0,0.0,0.0
TR_core_b,fedfunds,10,0.0,0.0,0.0,0.0,0.0
TR_core_b,activity,10,0.005368184103947395,0.0011193451726290299,0.0031958105839108753,0.03262848180447912,0.057997937164876084
TR_core_b,price,10,0.062040855522212335,0.01668402527935793,0.03609857261557959,0.09924908020839417,0.1265303522944678
TR_core_b,policy,10,0.7344965862949702,0.3798233860771112,0.4574475402108086,0.7062816823158157,0.785333298763601
TR_core_b,fx,10,0.041271658299958235,0.004826445025850136,0.010368406936952105,0.100861407087078,0.15629779034157784
TR_core_b,brent,11,0.0,0.0,0.0,0.0,0.0
TR_core_b,vix,11,0.0,0.0,0.0,0.0,0.0
TR_core_b,fedfunds,11,0.0,0.0,0.0,0.0,0.0
TR_core_b,activity,11,0.006896274719977651,0.0011758575882786116,0.00344875492331228,0.03649631166358629,0.06200933163477513
TR_core_b,price,11,0.06436904664660853,0.01666822607368962,0.03637396706885591,0.10230001588198871,0.13164979526796203
TR_core_b,policy,11,0.710616724509806,0.34965712266458693,0.42940640171612293,0.6831046243924456,0.7641287295068626
TR_core_b,fx,11,0.044266049715604,0.004583390608420055,0.010362202681958067,0.1043345317345463,0.16140224452053192
TR_core_b,brent,12,0.0,0.0,0.0,0.0,0.0
TR_core_b,vix,12,0.0,0.0,0.0,0.0,0.0
TR_core_b,fedfunds,12,0.0,0.0,0.0,0.0,0.0
TR_core_b,activity,12,0.008413397743641951,0.0013434734832555313,0.0039099010893833665,0.03973916307717294,0.06726794386642225
TR_core_b,price,12,0.06628684597670853,0.016816717215987813,0.03660820030427167,0.10357760449130227,0.13473927162974406
TR_core_b,policy,12,0.6856253086577752,0.3314511282006675,0.4051335928159466,0.6590823851961869,0.7477668500056484
TR_core_b,fx,12,0.04697600065747112,0.004409184517217036,0.01066380609154953,0.11012779081600936,0.16870408975802312
TR_core_b,brent,13,0.0,0.0,0.0,0.0,0.0
TR_core_b,vix,13,0.0,0.0,0.0,0.0,0.0
TR_core_b,fedfunds,13,0.0,0.0,0.0,0.0,0.0
TR_core_b,activity,13,0.009878448285468687,0.0013808475964111348,0.00416252658035828,0.04295152922169962,0.07379467562469343
TR_core_b,price,13,0.06786762257295609,0.01729045104430074,0.03710081956237607,0.10531368632528496,0.13697131542494
TR_core_b,policy,13,0.6597348306528183,0.3048936305083615,0.3811476940525379,0.6369693854944174,0.7290931980028871
TR_core_b,fx,13,0.049462493461237114,0.004344120189380961,0.01111896219875591,0.11481935763852263,0.17602580861086778
TR_core_b,brent,14,0.0,0.0,0.0,0.0,0.0
TR_core_b,vix,14,0.0,0.0,0.0,0.0,0.0
TR_core_b,fedfunds,14,0.0,0.0,0.0,0.0,0.0
TR_core_b,activity,14,0.011265882258468439,0.0014169846443912015,0.004496025385258762,0.04524486066575733,0.07721577612588652
TR_core_b,price,14,0.06916126833757767,0.017960667434966212,0.0375393119143955,0.10710384492796243,0.1411478060537118
TR_core_b,policy,14,0.633302246167996,0.27932205850580233,0.3552332087089938,0.6188642867091132,0.7068852421835861
TR_core_b,fx,14,0.051760662285118525,0.004382903069203256,0.010912858544117334,0.12094530953479342,0.18688967495535913
TR_core_b,brent,15,0.0,0.0,0.0,0.0,0.0
TR_core_b,vix,15,0.0,0.0,0.0,0.0,0.0
TR_core_b,fedfunds,15,0.0,0.0,0.0,0.0,0.0
TR_core_b,activity,15,0.012561584706826633,0.0014935569099129727,0.004695950577729913,0.04737442132006762,0.08142765511444566
TR_core_b,price,15,0.07020469059374136,0.01821219975544053,0.0378723552315614,0.1087483885342286,0.14118071797687343
TR_core_b,policy,15,0.606737528869432,0.2585247081085735,0.33452967106108294,0.5937717954738271,0.6898755336568869
TR_core_b,fx,15,0.05388934686065728,0.004280836419832748,0.011204867074541063,0.12525294642965654,0.19491466208819597
TR_core_b,brent,16,0.0,0.0,0.0,0.0,0.0
TR_core_b,vix,16,0.0,0.0,0.0,0.0,0.0
TR_core_b,fedfunds,16,0.0,0.0,0.0,0.0,0.0
TR_core_b,activity,16,0.013759439463285837,0.0014982879961648737,0.004731028116883478,0.048644394094675594,0.08492628610351328
TR_core_b,price,16,0.07102766500914742,0.018395653379475543,0.037955223816361405,0.10960283629911,0.1421470665478198
TR_core_b,policy,16,0.580443474075815,0.2422662268391958,0.3134440690920954,0.5736452824931046,0.6655211846306706
TR_core_b,fx,16,0.055857684693072826,0.004456438572930199,0.011626887628199778,0.13002665956563111,0.20041049984417647
TR_core_b,brent,17,0.0,0.0,0.0,0.0,0.0
TR_core_b,vix,17,0.0,0.0,0.0,0.0,0.0
TR_core_b,fedfunds,17,0.0,0.0,0.0,0.0,0.0
TR_core_b,activity,17,0.014858740848542967,0.0014938658605638754,0.005006366585266529,0.05012342093771518,0.08689224568648732
TR_core_b,price,17,0.07165579940874078,0.018620653295828342,0.03802678872892008,0.11008930176910812,0.1413852612202269
TR_core_b,policy,17,0.5547775079753542,0.22320429428662145,0.29633062609222005,0.5569005218998588,0.6513819783688262
TR_core_b,fx,17,0.057669352671276604,0.004365752211337573,0.011761046465874453,0.13598905694513083,0.20719857292834343
TR_core_b,brent,18,0.0,0.0,0.0,0.0,0.0
TR_core_b,vix,18,0.0,0.0,0.0,0.0,0.0
TR_core_b,fedfunds,18,0.0,0.0,0.0,0.0,0.0
TR_core_b,activity,18,0.01586230300510939,0.0015143751167807499,0.004989073107097507,0.051782126964316326,0.08826216604704602
TR_core_b,price,18,0.07211188935484356,0.018720399405759473,0.037799488998647095,0.11036627265287735,0.14125119547796058
TR_core_b,policy,18,0.5300304785462631,0.21029626247466712,0.279961764472794,0.5431252627552079,0.6417828504992813
TR_core_b,fx,18,0.059325207970157105,0.004236657865370509,0.011578906344790793,0.14016686342927873,0.21420753276616966
TR_core_b,brent,19,0.0,0.0,0.0,0.0,0.0
TR_core_b,vix,19,0.0,0.0,0.0,0.0,0.0
TR_core_b,fedfunds,19,0.0,0.0,0.0,0.0,0.0
TR_core_b,activity,19,0.016775101442198202,0.001575109314639782,0.0049934063315805535,0.05333225399011897,0.08919481768263061
TR_core_b,price,19,0.07241649505243745,0.018791860628777884,0.03762074414608371,0.11080287394319048,0.14213495877194435
TR_core_b,policy,19,0.5064188373248123,0.19694361734056867,0.26238320471340065,0.5289587754569092,0.6285011438535413
TR_core_b,fx,19,0.06082491709166227,0.004116893966364567,0.011790767350384404,0.14478563839327635,0.21837796281451805
TR_core_b,brent,20,0.0,0.0,0.0,0.0,0.0
TR_core_b,vix,20,0.0,0.0,0.0,0.0,0.0
TR_core_b,fedfunds,20,0.0,0.0,0.0,0.0,0.0
TR_core_b,activity,20,0.01760330900331878,0.001549660631013131,0.00513747600140688,0.055038112709172436,0.09104616955091571
TR_core_b,price,20,0.07258818937863881,0.01888429417001682,0.037621177951016715,0.11042432049844414,0.14243848038746085
TR_core_b,policy,20,0.48408666281467605,0.18770344051070506,0.2478892906184993,0.5147203018515099,0.6124163375895277
TR_core_b,fx,20,0.06216796405802344,0.004124409188105016,0.012000365695466687,0.14758916017891993,0.223754226605691
TR_core_b,brent,21,0.0,0.0,0.0,0.0,0.0
TR_core_b,vix,21,0.0,0.0,0.0,0.0,0.0
TR_core_b,fedfunds,21,0.0,0.0,0.0,0.0,0.0
TR_core_b,activity,21,0.018353625719847298,0.0017006495144557545,0.005162518388856399,0.0569175169169826,0.09290032867239993
TR_core_b,price,21,0.07264368914419043,0.01899358989225241,0.037586017966452834,0.11005188124539468,0.1425993102614879
TR_core_b,policy,21,0.4631139506274736,0.17930135496320493,0.23740143745884723,0.5075353742140587,0.5946780802633206
TR_core_b,fx,21,0.06335427587581756,0.00406469182306232,0.011541791576666169,0.14933426191884527,0.2330072225751551
TR_core_b,brent,22,0.0,0.0,0.0,0.0,0.0
TR_core_b,vix,22,0.0,0.0,0.0,0.0,0.0
TR_core_b,fedfunds,22,0.0,0.0,0.0,0.0,0.0
TR_core_b,activity,22,0.01903282760480966,0.0017176863554147744,0.005171849516683356,0.05799182119895338,0.09554011909436674
TR_core_b,price,22,0.07259795844917093,0.018819438056425213,0.037141313409407246,0.10977030783974469,0.14411144241768226
TR_core_b,policy,22,0.4435280093788329,0.1726758324397168,0.22527876296857655,0.49571804052118357,0.5840297602098594
TR_core_b,fx,22,0.06438460381862653,0.004009762507585753,0.011342248544133952,0.15176867024743318,0.23731955351214776
TR_core_b,brent,23,0.0,0.0,0.0,0.0,0.0
TR_core_b,vix,23,0.0,0.0,0.0,0.0,0.0
TR_core_b,fedfunds,23,0.0,0.0,0.0,0.0,0.0
TR_core_b,activity,23,0.019647476982460103,0.0016676533541801722,0.005252452046665034,0.05973957085061178,0.09739296529575454
TR_core_b,price,23,0.07246431587482932,0.01894881049568286,0.037093162537246704,0.10946159341227554,0.14283851761651176
TR_core_b,policy,23,0.4253155671938678,0.1673198294151365,0.21779883570075503,0.4837423275526655,0.5773798090746636
TR_core_b,fx,23,0.06526073999474194,0.003967119250177746,0.01115061309771188,0.15309251656585782,0.23856438996797696
TR_core_b,brent,24,0.0,0.0,0.0,0.0,0.0
TR_core_b,vix,24,0.0,0.0,0.0,0.0,0.0
TR_core_b,fedfunds,24,0.0,0.0,0.0,0.0,0.0
TR_core_b,activity,24,0.020203749647005036,0.0016353083927705848,0.00547732448383267,0.06004015616201525,0.10058821646420776
TR_core_b,price,24,0.07225455285818266,0.019190859226528974,0.03685326409293421,0.1088262834302111,0.1425542809586961
TR_core_b,policy,24,0.408434048334852,0.15705076344705957,0.20812100499956382,0.47143234640403564,0.5700264564454545
TR_core_b,fx,24,0.06598561602841102,0.0038462301502449423,0.010858835927660352,0.15648709803503097,0.23757031907608744
TR_core_b,brent,25,0.0,0.0,0.0,0.0,0.0
TR_core_b,vix,25,0.0,0.0,0.0,0.0,0.0
TR_core_b,fedfunds,25,0.0,0.0,0.0,0.0,0.0
TR_core_b,activity,25,0.02070734420281357,0.0016531422273525134,0.0056469707457935765,0.06127523831936632,0.10226053118042464
TR_core_b,price,25,0.07197906125662194,0.01911188210302216,0.03662188625444886,0.10839326699749467,0.1420221936549456
TR_core_b,policy,25,0.39282121763105843,0.1509120688047687,0.19794766141621192,0.4614004353588984,0.5641027401483226
TR_core_b,fx,25,0.06656331378481042,0.003824726643051226,0.010924192111083671,0.1564433392784557,0.24009602813675865
TR_core_b,brent,26,0.0,0.0,0.0,0.0,0.0
TR_core_b,vix,26,0.0,0.0,0.0,0.0,0.0
TR_core_b,fedfunds,26,0.0,0.0,0.0,0.0,0.0
TR_core_b,activity,26,0.021163447200522836,0.001673269760152362,0.0057143692210990926,0.061881791579622626,0.10430807215633164
TR_core_b,price,26,0.07164696533777562,0.0189799616804412,0.03624205390182703,0.10772723426624257,0.14049902977577472
TR_core_b,policy,26,0.37840292418800514,0.1445332164435999,0.19015138792008177,0.4540571922184982,0.5558579668306326
TR_core_b,fx,26,0.06699900972921738,0.0038452749575182007,0.011036213212542431,0.1553374100102493,0.24402245488642738
TR_core_b,brent,27,0.0,0.0,0.0,0.0,0.0
TR_core_b,vix,27,0.0,0.0,0.0,0.0,0.0
TR_core_b,fedfunds,27,0.0,0.0,0.0,0.0,0.0
TR_core_b,activity,27,0.02157673447631049,0.0016522988979090364,0.005713546458370647,0.06309171661831033,0.10633766759080397
TR_core_b,price,27,0.07126625332896233,0.018839717990143005,0.035856020298356175,0.10732576464866946,0.1405786305187363
TR_core_b,policy,27,0.36509900591906697,0.13855954137979093,0.18355840933510031,0.444829384884549,0.5469499997222368
TR_core_b,fx,27,0.06729887034604286,0.00380942664638221,0.011186056045871034,0.1557887038949245,0.2440583754681416
TR_core_b,brent,28,0.0,0.0,0.0,0.0,0.0
TR_core_b,vix,28,0.0,0.0,0.0,0.0,0.0
TR_core_b,fedfunds,28,0.0,0.0,0.0,0.0,0.0
TR_core_b,activity,28,0.021951394569542086,0.0017442182869410688,0.005669218759041378,0.06433541386752913,0.10790651420249096
TR_core_b,price,28,0.07084390450970418,0.0186932552871308,0.03550073399944722,0.10670693711745458,0.13938556871450658
TR_core_b,policy,28,0.3528275860550103,0.13302369660154995,0.17765648669078926,0.4372354203705743,0.5393795366955635
TR_core_b,fx,28,0.06746991362080039,0.003672403244139373,0.010964188848255209,0.1554553377784638,0.2500410353462392
TR_core_b,brent,29,0.0,0.0,0.0,0.0,0.0
TR_core_b,vix,29,0.0,0.0,0.0,0.0,0.0
TR_core_b,fedfunds,29,0.0,0.0,0.0,0.0,0.0
TR_core_b,activity,29,0.022291164363386323,0.0017463610819089949,0.005689285660024903,0.0646565381235732,0.11005678388957443
TR_core_b,price,29,0.07038600891140409,0.018542200304046172,0.035206931571717254,0.1060379246784963,0.13820729435795823
TR_core_b,policy,29,0.34150805429291126,0.12844568562931885,0.16904111318394544,0.43191038056482556,0.5359045153015103
TR_core_b,fx,29,0.06751984970852198,0.0035622473669129186,0.011011652492237591,0.15378577802611157,0.2493206868905176
TR_core_b,brent,30,0.0,0.0,0.0,0.0,0.0
TR_core_b,vix,30,0.0,0.0,0.0,0.0,0.0
TR_core_b,fedfunds,30,0.0,0.0,0.0,0.0,0.0
TR_core_b,activity,30,0.022599370316717972,0.0017468972868742928,0.00581099035281904,0.06479709911254229,0.11088255081134558
TR_core_b,price,30,0.06989787771760549,0.01846121170322681,0.034721435007499954,0.10533928751833087,0.13678739057257955
TR_core_b,policy,30,0.3310630232842769,0.12270265562691374,0.1648144873694436,0.4284266140364621,0.5330974363701961
TR_core_b,fx,30,0.06745691208148553,0.0035278828746371197,0.010923761486477418,0.15456047521590613,0.24997124152383376
TR_core_b,brent,31,0.0,0.0,0.0,0.0,0.0
TR_core_b,vix,31,0.0,0.0,0.0,0.0,0.0
TR_core_b,fedfunds,31,0.0,0.0,0.0,0.0,0.0
TR_core_b,activity,31,0.02287897100981553,0.0017318306166810196,0.0058212848372148135,0.0642302871389164,0.1118103969019599
TR_core_b,price,31,0.0693841433341454,0.01838985667178107,0.03434376182712859,0.10499317164299624,0.13546372108631347
TR_core_b,policy,31,0.32141951763019366,0.11863006346382135,0.1603386574438949,0.4211877463689093,0.5319099692980831
TR_core_b,fx,31,0.06728968853776637,0.0034497010103591735,0.010739886337676606,0.15460518175528826,0.2510020134956369
TR_core_b,brent,32,0.0,0.0,0.0,0.0,0.0
TR_core_b,vix,32,0.0,0.0,0.0,0.0,0.0
TR_core_b,fedfunds,32,0.0,0.0,0.0,0.0,0.0
TR_core_b,activity,32,0.023132598390741704,0.0017658998938831015,0.005786561240634919,0.06614309842595223,0.11164041013256869
TR_core_b,price,32,0.06884884879298012,0.018318088166276055,0.03418227470995084,0.10466981707664683,0.13424714342155275
TR_core_b,policy,32,0.31250960752061885,0.11488781814887428,0.15638595019073648,0.4171276669952898,0.5297471200341337
TR_core_b,fx,32,0.06702695949466358,0.0033351776394868037,0.010634262961074059,0.15364198748186908,0.25053919507499367
TR_core_b,brent,33,0.0,0.0,0.0,0.0,0.0
TR_core_b,vix,33,0.0,0.0,0.0,0.0,0.0
TR_core_b,fedfunds,33,0.0,0.0,0.0,0.0,0.0
TR_core_b,activity,33,0.023362596248988326,0.001765685809112591,0.005708086848935108,0.06796873011917384,0.11190497168376506
TR_core_b,price,33,0.06829552667081008,0.018246431169355103,0.033911432215648685,0.10440251856913838,0.1338093543338261
TR_core_b,policy,33,0.3042706538297561,0.11003956806148789,0.152964552478219,0.414486532642932,0.5273192117675107
TR_core_b,fx,33,0.06667754907800617,0.003215447095485036,0.010736608951082865,0.1522920959104858,0.2496322937570792
TR_core_b,brent,34,0.0,0.0,0.0,0.0,0.0
TR_core_b,vix,34,0.0,0.0,0.0,0.0,0.0
TR_core_b,fedfunds,34,0.0,0.0,0.0,0.0,0.0
TR_core_b,activity,34,0.023571055197891752,0.0017712862205864475,0.005732755888899489,0.06885108936176683,0.11038376879655329
TR_core_b,price,34,0.06772726806310943,0.018175310157448245,0.033776589013407396,0.10358896908900675,0.13277532184310858
TR_core_b,policy,34,0.2966452912255516,0.1068453661905651,0.1497886701105895,0.41068569337205485,0.5246758801410089
TR_core_b,fx,34,0.06625019274229156,0.003114170605575377,0.010678478327282042,0.15181414637008214,0.2484241223054314
TR_core_b,brent,35,0.0,0.0,0.0,0.0,0.0
TR_core_b,vix,35,0.0,0.0,0.0,0.0,0.0
TR_core_b,fedfunds,35,0.0,0.0,0.0,0.0,0.0
TR_core_b,activity,35,0.02375984392895687,0.0018036381560758337,0.005734077756069731,0.06927495880266105,0.1121276580979027
TR_core_b,price,35,0.06714678238149897,0.018105065265341842,0.0335152699398882,0.1022960738405174,0.1316897663648009
TR_core_b,policy,35,0.28958124256901624,0.10414994274312334,0.14705018413227733,0.408911134572151,0.5213117317370292
TR_core_b,fx,35,0.06575342358889133,0.003018231452144043,0.01052643010002989,0.15256225697949116,0.24660153470025992
TR_core_b,brent,36,0.0,0.0,0.0,0.0,0.0
TR_core_b,vix,36,0.0,0.0,0.0,0.0,0.0
TR_core_b,fedfunds,36,0.0,0.0,0.0,0.0,0.0
TR_core_b,activity,36,0.023930636794261426,0.001811158817330038,0.005737866091846681,0.06952452190105396,0.11364771236084015
TR_core_b,price,36,0.0665564488648668,0.01803596576455993,0.03291019559200812,0.10222077445295467,0.13103742437384583
TR_core_b,policy,36,0.2830310316197793,0.10133763619382304,0.14472954679043867,0.4055655969094626,0.5174083755019704
TR_core_b,fx,36,0.06519547823329068,0.0029696300286151346,0.010217655505462532,0.1532296802092778,0.24270225329323253
TR_core_c,brent,1,0.0,0.0,0.0,0.0,0.0
TR_core_c,vix,1,0.0,0.0,0.0,0.0,0.0
TR_core_c,fedfunds,1,0.0,0.0,0.0,0.0,0.0
TR_core_c,activity,1,0.0,0.0,0.0,0.0,0.0
TR_core_c,price,1,0.0,0.0,0.0,0.0,0.0
TR_core_c,policy,1,0.9819310459839757,0.8914251345388271,0.9225607705008241,0.9761791271483199,0.9865235469666355
TR_core_c,fx,1,0.013309783072800507,0.00036405583271352266,0.00253198175236488,0.029514708765938615,0.04503729332089103
TR_core_c,brent,2,0.0,0.0,0.0,0.0,0.0
TR_core_c,vix,2,0.0,0.0,0.0,0.0,0.0
TR_core_c,fedfunds,2,0.0,0.0,0.0,0.0,0.0
TR_core_c,activity,2,6.236266240640388e-07,8.047178514790502e-06,9.88813725054354e-05,0.00523161326385164,0.01037304651725329
TR_core_c,price,2,0.0002363354837042391,2.9454664896155382e-05,0.00019074151665940807,0.008876255175916331,0.01816015949283426
TR_core_c,policy,2,0.9609255425153583,0.8396103117765884,0.873333904138175,0.9464142868293374,0.9630677785500615
TR_core_c,fx,2,0.0049170943290668895,0.0017954794376767737,0.0032568423863641384,0.016776784672819515,0.03024065058228013
TR_core_c,brent,3,0.0,0.0,0.0,0.0,0.0
TR_core_c,vix,3,0.0,0.0,0.0,0.0,0.0
TR_core_c,fedfunds,3,0.0,0.0,0.0,0.0,0.0
TR_core_c,activity,3,4.747520292544767e-05,5.733297465225427e-05,0.0003022395496872111,0.007555962086368849,0.01786283276632197
TR_core_c,price,3,0.0054774577797681205,0.002874152489520697,0.00484326515430358,0.027390373046118688,0.04598411647855715
TR_core_c,policy,3,0.926676839128014,0.7456072218636388,0.7980402668254541,0.9105551694211039,0.9354327079179483
TR_core_c,fx,3,0.004733783577908457,0.002800617183750005,0.0047486921156828996,0.021356467296854593,0.04334961512612856
TR_core_c,brent,4,0.0,0.0,0.0,0.0,0.0
TR_core_c,vix,4,0.0,0.0,0.0,0.0,0.0
TR_core_c,fedfunds,4,0.0,0.0,0.0,0.0,0.0
TR_core_c,activity,4,7.054671035425372e-05,0.0001399571310361434,0.0004551766026078621,0.010535698285031888,0.023422237620284777
TR_core_c,price,4,0.020171690057173314,0.007948793675241112,0.014051822466970601,0.052062481051756794,0.0745582108337504
TR_core_c,policy,4,0.8872143260079521,0.6578157564492353,0.7202362284679609,0.8675083958392504,0.9060485925323263
TR_core_c,fx,4,0.009653368749744554,0.0038725426390230494,0.006122436058111417,0.03606076861258646,0.06692748714005901
TR_core_c,brent,5,0.0,0.0,0.0,0.0,0.0
TR_core_c,vix,5,0.0,0.0,0.0,0.0,0.0
TR_core_c,fedfunds,5,0.0,0.0,0.0,0.0,0.0
TR_core_c,activity,5,0.0002128959754274176,0.000239729507418353,0.000723711360671088,0.014180236459845855,0.030737353452027712
TR_core_c,price,5,0.034751592094871615,0.012821034408804426,0.021248448472912584,0.06677748004349673,0.08800304410021148
TR_core_c,policy,5,0.8509423989545218,0.5920635664926412,0.6539171659289201,0.8320835009363586,0.8754396058292585
TR_core_c,fx,5,0.016281227846277932,0.004259724568163494,0.007185053304429585,0.046967812987085994,0.08515770382197674
TR_core_c,brent,6,0.0,0.0,0.0,0.0,0.0
TR_core_c,vix,6,0.0,0.0,0.0,0.0,0.0
TR_core_c,fedfunds,6,0.0,0.0,0.0,0.0,0.0
TR_core_c,activity,6,0.0006186412069715806,0.00035558466627364285,0.0011809175223625346,0.016444613310792063,0.037617347093053706
TR_core_c,price,6,0.04532062336654703,0.015133822881649269,0.024727986269368958,0.0747877466210986,0.0987334881360532
TR_core_c,policy,6,0.820810738737567,0.5348698446966468,0.6050284429139732,0.8005560602567061,0.8509197626522038
TR_core_c,fx,6,0.02270004841825421,0.0041594012398577995,0.00823418328583726,0.05863981418324834,0.09663638308684423
TR_core_c,brent,7,0.0,0.0,0.0,0.0,0.0
TR_core_c,vix,7,0.0,0.0,0.0,0.0,0.0
TR_core_c,fedfunds,7,0.0,0.0,0.0,0.0,0.0
TR_core_c,activity,7,0.0013820650012651026,0.0005328086784507039,0.0015000992213274954,0.0196306306395882,0.045364840691740765
TR_core_c,price,7,0.05255647699722919,0.01783080756806126,0.02771102076561596,0.07956387659500681,0.1050805155507954
TR_core_c,policy,7,0.7957666408142046,0.490285169124971,0.5613443762906578,0.7780318466659529,0.831694215018481
TR_core_c,fx,7,0.0282448160951338,0.003917035165193327,0.008351543615367983,0.0673950891313907,0.10828995546489162
TR_core_c,brent,8,0.0,0.0,0.0,0.0,0.0
TR_core_c,vix,8,0.0,0.0,0.0,0.0,0.0
TR_core_c,fedfunds,8,0.0,0.0,0.0,0.0,0.0
TR_core_c,activity,8,0.0024762681662226778,0.0006319373032451634,0.0017664393782973711,0.02353313031852503,0.05810432579973719
TR_core_c,price,8,0.057740400234795965,0.018574566666734498,0.029160753495079128,0.08357250623698591,0.11165623000217004
TR_core_c,policy,8,0.7735266629621633,0.4506710626450086,0.524318732331301,0.7534365866884075,0.8136140715666766
TR_core_c,fx,8,0.03289750720195204,0.004209494350253797,0.008348972737642362,0.07342511869565857,0.11619097085705084
TR_core_c,brent,9,0.0,0.0,0.0,0.0,0.0
TR_core_c,vix,9,0.0,0.0,0.0,0.0,0.0
TR_core_c,fedfunds,9,0.0,0.0,0.0,0.0,0.0
TR_core_c,activity,9,0.0038152061589768957,0.0007972019090796787,0.0021524049100239847,0.02717620350468056,0.0626090312225384
TR_core_c,price,9,0.06167979392888012,0.018749957814815102,0.030415726747045374,0.08797803131086349,0.11833861846024475
TR_core_c,policy,9,0.7520494208678928,0.41328674682350397,0.4933819016133946,0.7295586786747098,0.7893675770510853
TR_core_c,fx,9,0.03684265994206569,0.004462430914949548,0.00882795415414195,0.07855306291924605,0.12463524540578304
TR_core_c,brent,10,0.0,0.0,0.0,0.0,0.0
TR_core_c,vix,10,0.0,0.0,0.0,0.0,0.0
TR_core_c,fedfunds,10,0.0,0.0,0.0,0.0,0.0
TR_core_c,activity,10,0.005299658450803902,0.0009038320218276236,0.0025366583131871665,0.029713866707483022,0.06681842812544053
TR_core_c,price,10,0.06480575661387165,0.01976576649044573,0.03208291188289684,0.09127879705549155,0.12108448692209063
TR_core_c,policy,10,0.7300043431151159,0.38272345572196087,0.460745527680305,0.7065301967376849,0.7738510804166588
TR_core_c,fx,10,0.04027421059992966,0.0044431392883328685,0.009215051008723524,0.08163716535822998,0.13234908027172376
TR_core_c,brent,11,0.0,0.0,0.0,0.0,0.0
TR_core_c,vix,11,0.0,0.0,0.0,0.0,0.0
TR_core_c,fedfunds,11,0.0,0.0,0.0,0.0,0.0
TR_core_c,activity,11,0.006845023526206487,0.0010606133507051136,0.0028116533768276415,0.033263176468450104,0.07323638427751282
TR_core_c,price,11,0.06735056807564604,0.020154028770200127,0.03374570677549463,0.09354642565493154,0.125384206171185
TR_core_c,policy,11,0.7067548403605893,0.34875108660543774,0.4337356314195901,0.678395864415356,0.7499501433120841
TR_core_c,fx,11,0.043338083539340454,0.004382148949599496,0.010090572307647502,0.08756339305806715,0.13945853261870328
TR_core_c,brent,12,0.0,0.0,0.0,0.0,0.0
TR_core_c,vix,12,0.0,0.0,0.0,0.0,0.0
TR_core_c,fedfunds,12,0.0,0.0,0.0,0.0,0.0
TR_core_c,activity,12,0.008387872653900594,0.0011327886413965524,0.002884583357125775,0.03651761456318696,0.07782996116321939
TR_core_c,price,12,0.06944886065230957,0.020445814374115426,0.03479194775710505,0.09552492926227915,0.12872413085345352
TR_core_c,policy,12,0.6821792436204642,0.3196115251846453,0.40948851936762926,0.655623449314193,0.733911632319775
TR_core_c,fx,12,0.046129754049729604,0.004233737386096292,0.010258220765612286,0.09089581337602927,0.14707156784793118
TR_core_c,brent,13,0.0,0.0,0.0,0.0,0.0
TR_core_c,vix,13,0.0,0.0,0.0,0.0,0.0
TR_core_c,fedfunds,13,0.0,0.0,0.0,0.0,0.0
TR_core_c,activity,13,0.009884687000463063,0.0012231542232289784,0.0030536319728329607,0.03966523860183723,0.08258570715078194
TR_core_c,price,13,0.0711852705560773,0.02078685382540201,0.035203370629658524,0.09710533194138093,0.13050585627378153
TR_core_c,policy,13,0.6564823915911538,0.29473910644699475,0.3855866568509271,0.6400285703828241,0.723186642729489
TR_core_c,fx,13,0.04870653051439573,0.004292832786065151,0.010278782684128572,0.09465687297539391,0.15917997946652618
TR_core_c,brent,14,0.0,0.0,0.0,0.0,0.0
TR_core_c,vix,14,0.0,0.0,0.0,0.0,0.0
TR_core_c,fedfunds,14,0.0,0.0,0.0,0.0,0.0
TR_core_c,activity,14,0.011307767886223865,0.0012590577355745946,0.003141207685400374,0.04248549925137241,0.08465657557364482
TR_core_c,price,14,0.07261767592927092,0.02080561741017621,0.03624917149875335,0.09931606788061999,0.1317442554989646
TR_core_c,policy,14,0.6300468706422802,0.27317643916282125,0.3650193734153351,0.6225416200073185,0.703560575222405
TR_core_c,fx,14,0.05110041998945067,0.004096355792296483,0.010530422848162153,0.09710452963066689,0.17107875791699237
TR_core_c,brent,15,0.0,0.0,0.0,0.0,0.0
TR_core_c,vix,15,0.0,0.0,0.0,0.0,0.0
TR_core_c,fedfunds,15,0.0,0.0,0.0,0.0,0.0
TR_core_c,activity,15,0.012641159510304376,0.0013494250405330015,0.0033351629643411946,0.04481788458065997,0.08711448799196916
TR_core_c,price,15,0.0737890627690651,0.020749082017677504,0.03664855598969012,0.0997358800422846,0.13477234414593822
TR_core_c,policy,15,0.6033263217900896,0.25061109772155876,0.3420354000212336,0.6015934047502232,0.6891210793961111
TR_core_c,fx,15,0.0533278331899006,0.004142468543065715,0.010892538135410267,0.10207264555789133,0.17801183238487864
TR_core_c,brent,16,0.0,0.0,0.0,0.0,0.0
TR_core_c,vix,16,0.0,0.0,0.0,0.0,0.0
TR_core_c,fedfunds,16,0.0,0.0,0.0,0.0,0.0
TR_core_c,activity,16,0.01387726964428602,0.001456498891424549,0.0035939944685908845,0.046765367569596455,0.09223495271716498
TR_core_c,price,16,0.07473368077864297,0.020676981198900823,0.03689135870940711,0.09960829610060186,0.13681082839007017
TR_core_c,policy,16,0.5767722480429923,0.23126071997385478,0.3212572921975855,0.5834564989735181,0.6745266062824837
TR_core_c,fx,16,0.05539606297423096,0.004013152417178154,0.011105800222276519,0.10343698822515708,0.18243605692163778
TR_core_c,brent,17,0.0,0.0,0.0,0.0,0.0
TR_core_c,vix,17,0.0,0.0,0.0,0.0,0.0
TR_core_c,fedfunds,17,0.0,0.0,0.0,0.0,0.0
TR_core_c,activity,17,0.015014282119983248,0.001480105292956838,0.003698028287356453,0.04875459187722223,0.09668403562474358
TR_core_c,price,17,0.07548019258819123,0.02070478196209489,0.03694439605411378,0.09998082518166838,0.13630988010488992
TR_core_c,policy,17,0.5507870292808787,0.21451446914446837,0.30243555195418453,0.5645249457346317,0.6622080057062502
TR_core_c,fx,17,0.05730736079996099,0.0038340248424109215,0.010987763447801878,0.10649544602435072,0.18769195842766373
TR_core_c,brent,18,0.0,0.0,0.0,0.0,0.0
TR_core_c,vix,18,0.0,0.0,0.0,0.0,0.0
TR_core_c,fedfunds,18,0.0,0.0,0.0,0.0,0.0
TR_core_c,activity,18,0.01605422644619828,0.001462361853405691,0.003798814342831607,0.05031928154269832,0.09705164865246771
TR_core_c,price,18,0.076053283958855,0.020903936898844903,0.036991528193870346,0.10022333458873399,0.13582527586795037
TR_core_c,policy,18,0.5256980856477123,0.1997287211055455,0.2846501194424748,0.5457006748561074,0.6487753728136438
TR_core_c,fx,18,0.059061440509601146,0.0036719675968309834,0.010766235210741729,0.10803847965096089,0.19492262063585772
TR_core_c,brent,19,0.0,0.0,0.0,0.0,0.0
TR_core_c,vix,19,0.0,0.0,0.0,0.0,0.0
TR_core_c,fedfunds,19,0.0,0.0,0.0,0.0,0.0
TR_core_c,activity,19,0.017001560095037588,0.0014436578405571379,0.0037298426364715913,0.05315831439222994,0.0974857652470073
TR_core_c,price,19,0.07647452287184667,0.021052890772167984,0.03680083034638164,0.1006351511437221,0.13619817708053503
TR_core_c,policy,19,0.5017486547292376,0.18841259018798226,0.2732023069145921,0.5321873153390416,0.63500889785004
TR_core_c,fx,19,0.06065701506523691,0.0037917451723849184,0.010500239494132313,0.11249966063355527,0.1972038787857088
TR_core_c,brent,20,0.0,0.0,0.0,0.0,0.0
TR_core_c,vix,20,0.0,0.0,0.0,0.0,0.0
TR_core_c,fedfunds,20,0.0,0.0,0.0,0.0,0.0
TR_core_c,activity,20,0.01786214348190949,0.001408608192964599,0.003965875278750529,0.053655264728001716,0.09773482374268959
TR_core_c,price,20,0.0767628660161065,0.021057181373207695,0.036641621247396734,0.10116569944801058,0.13659700592659973
TR_core_c,policy,20,0.47910044691977455,0.18102801232446764,0.2599803247826652,0.5191634743717131,0.6202609414492065
TR_core_c,fx,20,0.062092752320088325,0.0037018806409440416,0.011082890095467512,0.11631468714911238,0.19759964908898398
TR_core_c,brent,21,0.0,0.0,0.0,0.0,0.0
TR_core_c,vix,21,0.0,0.0,0.0,0.0,0.0
TR_core_c,fedfunds,21,0.0,0.0,0.0,0.0,0.0
TR_core_c,activity,21,0.018642515771634435,0.0013203046016493725,0.003944989791382604,0.055797917500446825,0.09820531204537902
TR_core_c,price,21,0.07693500073784326,0.021169135634632814,0.0365086086375236,0.10124781749229514,0.13709194614218148
TR_core_c,policy,21,0.4578435681606402,0.16944265360446034,0.24877599032795777,0.5090071677243576,0.6065541923617512
TR_core_c,fx,21,0.06336787647686237,0.003648206067077949,0.011073581036839905,0.12083345446884226,0.20143387498324658
TR_core_c,brent,22,0.0,0.0,0.0,0.0,0.0
TR_core_c,vix,22,0.0,0.0,0.0,0.0,0.0
TR_core_c,fedfunds,22,0.0,0.0,0.0,0.0,0.0
TR_core_c,activity,22,0.019349399650783243,0.0013200529802199193,0.003907315066293862,0.056292828093964166,0.09929879600932474
TR_core_c,price,22,0.07700560720354123,0.021263974076208576,0.03637946874145879,0.10067240192710629,0.13748272789455737
TR_core_c,policy,22,0.4380098218379441,0.16184428486638808,0.23559728694146598,0.4970988974779837,0.5965704626137909
TR_core_c,fx,22,0.06448254205166176,0.003445704650384671,0.010959798669448613,0.12248597718380226,0.2061251733852636
TR_core_c,brent,23,0.0,0.0,0.0,0.0,0.0
TR_core_c,vix,23,0.0,0.0,0.0,0.0,0.0
TR_core_c,fedfunds,23,0.0,0.0,0.0,0.0,0.0
TR_core_c,activity,23,0.019989377734502788,0.0013543084377201984,0.004090694396541119,0.0580043401531543,0.10035970193303068
TR_core_c,price,23,0.07698757837021131,0.021317468679284073,0.03613347079645633,0.1002469428955726,0.1375556455508031
TR_core_c,policy,23,0.41958657654007886,0.1560791912444608,0.22368501080454886,0.4875699811520744,0.5895873006937571
TR_core_c,fx,23,0.06543805064160259,0.0032507776891023865,0.010893672505494825,0.12581575006062354,0.20987787129505928
TR_core_c,brent,24,0.0,0.0,0.0,0.0,0.0
TR_core_c,vix,24,0.0,0.0,0.0,0.0,0.0
TR_core_c,fedfunds,24,0.0,0.0,0.0,0.0,0.0
TR_core_c,activity,24,0.02056869460590887,0.0014614086299717124,0.004132973893406263,0.059071134637182846,0.10150214079254843
TR_core_c,price,24,0.0768922146102803,0.021324955842049007,0.03611240361129891,0.09985187256849667,0.13736891711126972
TR_core_c,policy,24,0.40252947560850755,0.14836240147983162,0.21145150399630935,0.4751874785041169,0.5875499521935378
TR_core_c,fx,24,0.06623695141445478,0.003177894223792989,0.01060661183694803,0.1263961303822702,0.2090231995780993
TR_core_c,brent,25,0.0,0.0,0.0,0.0,0.0
TR_core_c,vix,25,0.0,0.0,0.0,0.0,0.0
TR_core_c,fedfunds,25,0.0,0.0,0.0,0.0,0.0
TR_core_c,activity,25,0.021093148087229105,0.0015613562382801596,0.004183425221575939,0.05973943889506251,0.10258763398437944
TR_core_c,price,25,0.07672940062080089,0.021319007787276863,0.03615393505431792,0.09947177221278503,0.13589165221034089
TR_core_c,policy,25,0.38677314926166106,0.14477980967978207,0.2029613854339307,0.46802478304982487,0.581075725120407
TR_core_c,fx,25,0.06688305208384772,0.003242940602088838,0.010311062385514037,0.1274091252545485,0.20753251081471544
TR_core_c,brent,26,0.0,0.0,0.0,0.0,0.0
TR_core_c,vix,26,0.0,0.0,0.0,0.0,0.0
TR_core_c,fedfunds,26,0.0,0.0,0.0,0.0,0.0
TR_core_c,activity,26,0.02156804165366314,0.0015019403730625138,0.004245996129761617,0.05955234522109921,0.10355521602705214
TR_core_c,price,26,0.0765077679671725,0.021303461828684755,0.035812996594262514,0.09876021336029622,0.13597080961642383
TR_core_c,policy,26,0.3722396991697897,0.13789537444966402,0.19407341229289563,0.4607388209771661,0.575521705648803
TR_core_c,fx,26,0.06738136066789223,0.003280092411735764,0.010475282257083753,0.12922248193152105,0.20714712640187727
TR_core_c,brent,27,0.0,0.0,0.0,0.0,0.0
TR_core_c,vix,27,0.0,0.0,0.0,0.0,0.0
TR_core_c,fedfunds,27,0.0,0.0,0.0,0.0,0.0
TR_core_c,activity,27,0.021998176967748934,0.0014488381294056646,0.004302037512037807,0.05930671751841212,0.10442202120166472
TR_core_c,price,27,0.07623484456288017,0.02131479317434636,0.03541775216766685,0.09845856507159101,0.13602787644178335
TR_core_c,policy,27,0.35884508362186307,0.1337882459572007,0.18587845509163448,0.4540436635839418,0.5672439600624812
TR_core_c,fx,27,0.0677379752709927,0.0032168001093836585,0.010326557874031113,0.13110812128417387,0.2092039378909649
TR_core_c,brent,28,0.0,0.0,0.0,0.0,0.0
TR_core_c,vix,28,0.0,0.0,0.0,0.0,0.0
TR_core_c,fedfunds,28,0.0,0.0,0.0,0.0,0.0
TR_core_c,activity,28,0.0223878713036189,0.0014140354796925813,0.0043665389674737215,0.058968602975021496,0.10568706309060784
TR_core_c,price,28,0.07591719145749982,0.02131746140308251,0.035252048252800046,0.09827987412574522,0.1360676788186188
TR_core_c,policy,28,0.34650370306394834,0.1267449961866957,0.17827496434369394,0.4473158511652898,0.5619271319171016
TR_core_c,fx,28,0.06795993728123488,0.0031429646043008705,0.010166502046144835,0.12995275801745002,0.21066955319403763
TR_core_c,brent,29,0.0,0.0,0.0,0.0,0.0
TR_core_c,vix,29,0.0,0.0,0.0,0.0,0.0
TR_core_c,fedfunds,29,0.0,0.0,0.0,0.0,0.0
TR_core_c,activity,29,0.022740989188796388,0.0014331872810748885,0.004366417200872415,0.05860017962158861,0.10652499352784783
TR_core_c,price,29,0.07556052698865287,0.021369524625929084,0.03515808733675433,0.09757072983651334,0.13600344362604913
TR_core_c,policy,29,0.33513153751062036,0.12160538697027123,0.17124228035368383,0.44020509104893735,0.5569453997072216
TR_core_c,fx,29,0.06805506174730377,0.0030290576128199917,0.009991753784135011,0.1302219852313212,0.21167565061698843
TR_core_c,brent,30,0.0,0.0,0.0,0.0,0.0
TR_core_c,vix,30,0.0,0.0,0.0,0.0,0.0
TR_core_c,fedfunds,30,0.0,0.0,0.0,0.0,0.0
TR_core_c,activity,30,0.023060981042603814,0.0014547598605933573,0.004488435460176105,0.05868685101820524,0.10646048127246033
TR_core_c,price,30,0.07516983837215428,0.021538944197672386,0.03503036587808784,0.0978051185879243,0.13525244983592674
TR_core_c,policy,30,0.3246481721356082,0.11680423963478964,0.1648250800036961,0.43194445621256705,0.5522794947097741
TR_core_c,fx,30,0.06803175693656548,0.002964789050632528,0.009727258442705694,0.1294455578111268,0.2125772517276592
TR_core_c,brent,31,0.0,0.0,0.0,0.0,0.0
TR_core_c,vix,31,0.0,0.0,0.0,0.0,0.0
TR_core_c,fedfunds,31,0.0,0.0,0.0,0.0,0.0
TR_core_c,activity,31,0.02335092411302668,0.001486487080910026,0.004559028818148087,0.05998125734602322,0.10688318423270166
TR_core_c,price,31,0.07474948098447194,0.02122441977544856,0.034634644348343485,0.09732012140812633,0.13494652417211153
TR_core_c,policy,31,0.3149780012580734,0.11353100006726038,0.159413318075377,0.4254497908238416,0.547911046826056
TR_core_c,fx,31,0.06789884313446876,0.002897785831357133,0.009417451417000292,0.13010083675696085,0.2127218664552869
TR_core_c,brent,32,0.0,0.0,0.0,0.0,0.0
TR_core_c,vix,32,0.0,0.0,0.0,0.0,0.0
TR_core_c,fedfunds,32,0.0,0.0,0.0,0.0,0.0
TR_core_c,activity,32,0.023613562799403274,0.001519013126166551,0.004617182301985839,0.060448095438800996,0.10887383086299375
TR_core_c,price,32,0.07430326582151006,0.02114676480407855,0.03461487479867195,0.09717302781741922,0.1339544804437712
TR_core_c,policy,32,0.3060508456155802,0.10999942098672062,0.15339218245282446,0.4191276838094714,0.5384733010337718
TR_core_c,fx,32,0.0676653787067234,0.0028777000005183024,0.009235147483990111,0.13088282630218326,0.2126016502529645
TR_core_c,brent,33,0.0,0.0,0.0,0.0,0.0
TR_core_c,vix,33,0.0,0.0,0.0,0.0,0.0
TR_core_c,fedfunds,33,0.0,0.0,0.0,0.0,0.0
TR_core_c,activity,33,0.02385134667417575,0.0015521306940125168,0.004614529164788458,0.060617189842428865,0.10996730119812644
TR_core_c,price,33,0.07383453583135849,0.021068566051372625,0.034593229356360354,0.09641689101231296,0.13415935532021742
TR_core_c,policy,33,0.2978021647278354,0.10720149262150654,0.14822289132773445,0.41410690531125544,0.5307555242421651
TR_core_c,fx,33,0.06734049942676583,0.002626456705585426,0.00899757233030465,0.13113824024464632,0.21206987378490053
TR_core_c,brent,34,0.0,0.0,0.0,0.0,0.0
TR_core_c,vix,34,0.0,0.0,0.0,0.0,0.0
TR_core_c,fedfunds,34,0.0,0.0,0.0,0.0,0.0
TR_core_c,activity,34,0.024066465333219104,0.001513843088522572,0.004602876330046307,0.06066739406786505,0.11044281013067944
TR_core_c,price,34,0.07334623198248671,0.020796170403732855,0.034183159842141236,0.09595022263860654,0.13399653822453655
TR_core_c,policy,34,0.2901730003693759,0.10454105091174913,0.14461657178288917,0.40989068727916816,0.527792575263666
TR_core_c,fx,34,0.06693327518018995,0.002523085471653428,0.008949852071103697,0.1302208525895038,0.21144352445769404
TR_core_c,brent,35,0.0,0.0,0.0,0.0,0.0
TR_core_c,vix,35,0.0,0.0,0.0,0.0,0.0
TR_core_c,fedfunds,35,0.0,0.0,0.0,0.0,0.0
TR_core_c,activity,35,0.024260879729842248,0.0014662671237453515,0.004619352944718344,0.0617016425641621,0.11302190541939129
TR_core_c,price,35,0.07284095003164671,0.020478035436164152,0.03378850425875516,0.09533314748910363,0.13356498604332165
TR_core_c,policy,35,0.28310975010836686,0.10173268302332183,0.140973612279006,0.4059649045374578,0.5251558791095498
TR_core_c,fx,35,0.0664525864768198,0.002438446835921008,0.008775186812472554,0.12856301818905608,0.21183963235835532
TR_core_c,brent,36,0.0,0.0,0.0,0.0,0.0
TR_core_c,vix,36,0.0,0.0,0.0,0.0,0.0
TR_core_c,fedfunds,36,0.0,0.0,0.0,0.0,0.0
TR_core_c,activity,36,0.02443634997224856,0.0014211362933693912,0.004618440151130653,0.06178739491056818,0.1155545211323554
TR_core_c,price,36,0.07232098899981074,0.02018318400640066,0.03327060354200812,0.09516987559536155,0.13309649650187524
TR_core_c,policy,36,0.27656384111924026,0.09936272533659544,0.1379396257348999,0.4035518459834424,0.5228056011109234
TR_core_c,fx,36,0.06590702178029989,0.0023847906859573013,0.008551925892989025,0.12872273508822976,0.21188314400407096
EA_growth,brent,1,0.0,0.0,0.0,0.0,0.0
EA_growth,vix,1,0.0,0.0,0.0,0.0,0.0
EA_growth,activity,1,0.0,0.0,0.0,0.0,0.0
EA_growth,price,1,0.0,0.0,0.0,0.0,0.0
EA_growth,policy,1,0.8966883008175305,0.7994796417077646,0.8317383821633979,0.9159055929691591,0.9365061142682118
EA_growth,fx,1,0.06576095131315811,0.01621016293776854,0.032520621113875464,0.11181568606883226,0.1527613497241492
EA_growth,brent,2,0.012263437248191157,0.0006212606430634976,0.002818356413490251,0.026176005300585187,0.039908969714177546
EA_growth,vix,2,0.002340051326371324,2.6346803923538635e-05,0.00025621931804558707,0.010223728941001096,0.021118331192162648
EA_growth,activity,2,1.2767971631284612e-05,2.0103873213313415e-05,0.00019963370081780326,0.006169872850551808,0.012884204704649904
EA_growth,price,2,0.03426376127263483,0.0057390377819132475,0.012005234080267541,0.055967329395090734,0.07286597093756537
EA_growth,policy,2,0.8474184165989721,0.7277601734052832,0.764840123611918,0.8701862054907761,0.9031113093656064
EA_growth,fx,2,0.0698312659241206,0.0197248150567639,0.03627832189173553,0.11987254229580889,0.17228682439264767
EA_growth,brent,3,0.019427471693451936,0.002148001874499777,0.005029636336489798,0.04454054054026495,0.06251844989451932
EA_growth,vix,3,0.016326484861604915,0.0026780769719771742,0.006138228105677652,0.036415527511022,0.05776671405502293
EA_growth,activity,3,0.004836511169464256,0.0004790082110498347,0.001699826567086399,0.020124838387584512,0.03202520390090212
EA_growth,price,3,0.032372158168989924,0.007571682503893067,0.01424268406921808,0.05609431156468947,0.07139350684227512
EA_growth,policy,3,0.8337256485881779,0.7046399275965576,0.744035230271663,0.8667677919559162,0.893695440046961
EA_growth,fx,3,0.06941993549582383,0.025258906846862036,0.03876818360469748,0.1239883965841214,0.1675108748361983
EA_growth,brent,4,0.02296868470239468,0.004718024122265257,0.010413222510169993,0.04932898834875614,0.06551447135199229
EA_growth,vix,4,0.023050038464779245,0.005702929366252901,0.012392113716325447,0.04745331475231531,0.06644998646620873
EA_growth,activity,4,0.011929636062616154,0.0023585163969441613,0.005391927467154089,0.03580824855108208,0.056100168046311724
EA_growth,price,4,0.034086903367876044,0.011777615166759648,0.020126461360099896,0.07107556109800003,0.09272188938719841
EA_growth,policy,4,0.7955967779286905,0.6620882002537698,0.7068890596473232,0.8355847541681418,0.8720521778810414
EA_growth,fx,4,0.07273876058154408,0.028233505598913133,0.043032633278045705,0.12685517947888492,0.1726280212643728
EA_growth,brent,5,0.027722865273413503,0.007150239322611734,0.01377504711111429,0.05434641691930152,0.07094090535413632
EA_growth,vix,5,0.02543169618062964,0.007033175823995731,0.013682998618185033,0.05219326894204108,0.07054970530611271
EA_growth,activity,5,0.012227119976905974,0.003613313118167771,0.007343517097861965,0.0380561505165027,0.056049320513854105
EA_growth,price,5,0.032516699795889385,0.012945497172147118,0.020679237259899487,0.06908783126688596,0.09143392400118608
EA_growth,policy,5,0.7682970969521111,0.6238035767264652,0.6712655477230459,0.8190099740877479,0.8558113971077116
EA_growth,fx,5,0.07303948754288914,0.02901223897930967,0.044960188158471616,0.126815433538965,0.17080725045263542
EA_growth,brent,6,0.02916132834678054,0.007967201428715962,0.01566043125626142,0.057176230831615445,0.074133234184344
EA_growth,vix,6,0.025455390656389094,0.007988983194902443,0.01463643096446441,0.05204138044475298,0.07082282112565651
EA_growth,activity,6,0.013441803254781084,0.004593146545568736,0.008558696362787886,0.03907358365771601,0.05699798170182402
EA_growth,price,6,0.03200084253627039,0.013273250582029508,0.022203722517502446,0.07061922163826011,0.09233420648768192
EA_growth,policy,6,0.7468319394079239,0.5946764026927687,0.6448236541914079,0.8042016505399044,0.8433738108447517
EA_growth,fx,6,0.07269666139865934,0.030812707269875044,0.046293200172987534,0.12672500574833245,0.17197523357808941
EA_growth,brent,7,0.029172091074792718,0.009069759008849135,0.016371442520662947,0.057764583607083204,0.07470921260204086
EA_growth,vix,7,0.025380980966075932,0.008440761261112319,0.014829567877299573,0.05203503227082324,0.07163955809978144
EA_growth,activity,7,0.013755568941467003,0.005144404452450081,0.009872987968884129,0.039803441359821834,0.058312925489504064
EA_growth,price,7,0.03195743940790717,0.014286531873413565,0.023579488632226052,0.07185513893820786,0.09739113321310627
EA_growth,policy,7,0.7269202690460346,0.560375217614757,0.6237054375131913,0.7934659126858303,0.8338456527916672
EA_growth,fx,7,0.07280838130367984,0.031456795789834006,0.04731543276129621,0.12649440499282902,0.17282971479535628
EA_growth,brent,8,0.029340457645924183,0.009798074276150216,0.01721236148678121,0.05807202155099522,0.07515705354808797
EA_growth,vix,8,0.02541745074062362,0.008726035021061536,0.015224596310205613,0.05234524978461626,0.07121034910690009
EA_growth,activity,8,0.013777874998842905,0.005289001434053647,0.010066843533734637,0.04080969873412127,0.058365705958160194
EA_growth,price,8,0.031686287983274136,0.014833194896450137,0.023974359115379835,0.07372273978309792,0.09863132949244399
EA_growth,policy,8,0.7092522087317253,0.5367327766772089,0.6043867899444917,0.7860641063710876,0.834288354224991
EA_growth,fx,8,0.0729309039566224,0.031236786653018652,0.04765266763541416,0.1270303643437243,0.17290092478733418
EA_growth,brent,9,0.029568015305973333,0.009872219609725102,0.017353814172485646,0.058558622850057605,0.07506409763399711
EA_growth,vix,9,0.025438478129256044,0.0087102896174133,0.015362014229755522,0.052433758038844654,0.071094469456726
EA_growth,activity,9,0.013855559806503282,0.005704778767513872,0.010342094319444656,0.041229555106519385,0.05880158733812282
EA_growth,price,9,0.031520584797155866,0.015759807257139647,0.02419190911992254,0.07412029738850548,0.10064347177945622
EA_growth,policy,9,0.6930117524670892,0.5198234121731696,0.5880537149669196,0.7787131316216466,0.8365179178562534
EA_growth,fx,9,0.07325282869774041,0.03143114098644062,0.047985112767820096,0.127006252864578,0.1732264481839646
EA_growth,brent,10,0.029592257053195636,0.010006820698790005,0.01773905149071745,0.05866103691555613,0.07539981337141531
EA_growth,vix,10,0.02543824789411713,0.008899244968975338,0.01541721716476394,0.052610053118024344,0.07106001618294076
EA_growth,activity,10,0.013861639637290722,0.005916535236065056,0.010482108031761132,0.041703881764995995,0.059094030458772755
EA_growth,price,10,0.031525001553623234,0.01608553460913023,0.024573411208432278,0.07498557553751793,0.10483935285017484
EA_growth,policy,10,0.6777902410852981,0.5001248686742457,0.5714630846181914,0.7716290643453667,0.8342344711825147
EA_growth,fx,10,0.07338644197562504,0.031591781935035486,0.047963435729013945,0.12708841681408917,0.17329445903068222
EA_growth,brent,11,0.029591796698940732,0.010219084654491313,0.018080707298055772,0.05932031321308861,0.07542783845338905
EA_growth,vix,11,0.02549606488711463,0.0091716502105173,0.015878075299459532,0.05258913363540333,0.07112019691446878
EA_growth,activity,11,0.013919179356561916,0.006046621120294746,0.010793594254545697,0.04175506357775974,0.059300082001964384
EA_growth,price,11,0.0315530197333888,0.016120464524914828,0.02492454557371255,0.07634246423085286,0.10649711015266705
EA_growth,policy,11,0.6637656474014147,0.48104942440729215,0.5575895401967667,0.7636271181233829,0.8286536747949828
EA_growth,fx,11,0.07345916549715645,0.03188847303670433,0.04813613575958859,0.12718710616950413,0.17330133299913117
EA_growth,brent,12,0.029611315133623348,0.01025223786805316,0.01836663978050198,0.05997342369462167,0.0757866652432066
EA_growth,vix,12,0.025599289842567038,0.009397948370393748,0.016131487964638456,0.05282440209210371,0.07136318803631451
EA_growth,activity,12,0.014004556203771897,0.00615162453218,0.010902043184555692,0.042199380047372774,0.05959549238667902
EA_growth,price,12,0.03158779660249083,0.016212052565237754,0.02536479922405276,0.07686846788394999,0.10771393554168639
EA_growth,policy,12,0.6509737636420981,0.4680051811133438,0.5425228272730322,0.758822711310261,0.8289493140605466
EA_growth,fx,12,0.07347411702951884,0.032080208713906336,0.04815310865076294,0.12721121571319183,0.173277848101094
EA_growth,brent,13,0.02961863311838856,0.010250338076788938,0.018413151958253215,0.06034797846663525,0.07600064030035027
EA_growth,vix,13,0.025662209664957764,0.009504614474408986,0.016234398168271002,0.052897287161546104,0.07152965338646136
EA_growth,activity,13,0.014089128283057887,0.006253745585282768,0.011163789100561114,0.04260410420862367,0.06033307074339542
EA_growth,price,13,0.03162045423578638,0.016193924505353403,0.02549747325253427,0.07720716295157024,0.10836333475586254
EA_growth,policy,13,0.6393708004144002,0.4575542777001019,0.5305264879591572,0.749971094256955,0.8291888699593524
EA_growth,fx,13,0.07348127364436662,0.03227184952673694,0.04820440904528619,0.12721423632687556,0.17330682645271822
EA_growth,brent,14,0.02961918525156558,0.010291592598355713,0.018523455335709114,0.06038985474298526,0.07606832877783375
EA_growth,vix,14,0.02568616260467527,0.0096183292446059,0.016331807159170156,0.052959551244284954,0.0716348554691898
EA_growth,activity,14,0.014164551221524463,0.006333171062782266,0.011532412861901598,0.04266804838303355,0.060533019226375474
EA_growth,price,14,0.03164197469560305,0.016269615091542247,0.02592222571297137,0.07760671752081076,0.10838276797817897
EA_growth,policy,14,0.628916867169175,0.44833216084011407,0.5232730472923185,0.7437190532647675,0.8293968916043072
EA_growth,fx,14,0.07349537171588484,0.033063716765794865,0.04826645621329696,0.12723739367977158,0.173333734490629
EA_growth,brent,15,0.029618955272758655,0.010342520334271197,0.01855327204043943,0.060385440324908474,0.07613314999393285
EA_growth,vix,15,0.025699556442531347,0.009719756288656135,0.016441661286900937,0.052963816412364105,0.07168122698877241
EA_growth,activity,15,0.01422961810536165,0.006408686373549913,0.011671693369692286,0.04278079772231257,0.06135977699670326
EA_growth,price,15,0.03165349739764323,0.016819202816351585,0.026296138147744383,0.0778806065325223,0.10842587636301322
EA_growth,policy,15,0.6195210383364661,0.4372822219868471,0.5148839505426189,0.7425730342553086,0.8294404459272143
EA_growth,fx,15,0.07351133453863631,0.03329248492452856,0.04828854481822053,0.12726047919429978,0.17335335997303533
EA_growth,brent,16,0.029618768707851753,0.010360109602807276,0.018604037752765333,0.06039213000985177,0.07621144069375692
EA_growth,vix,16,0.025713844045316812,0.00977244757393992,0.016542307519201,0.0529632487992844,0.07172608117748278
EA_growth,activity,16,0.014291995152003642,0.00641295745017356,0.011875254719089876,0.04300712055333261,0.06212697232310687
EA_growth,price,16,0.03165882387224545,0.017496389368349345,0.02643977111219727,0.0782122858457337,0.10843482089810641
EA_growth,policy,16,0.6110933368702849,0.4254065837305792,0.5077671588483793,0.7382674073422886,0.82861187301552
EA_growth,fx,16,0.07352180814473736,0.03347842456388418,0.04852836465745964,0.12728885315634605,0.17338016405974696
EA_growth,brent,17,0.029618682487824545,0.010368928482588293,0.01865552637054567,0.06039448926275648,0.0762702195714654
EA_growth,vix,17,0.025733148313959356,0.009816286612756032,0.016614245784874988,0.05299409807271616,0.07183851289814508
EA_growth,activity,17,0.014353700797351081,0.006425021460776461,0.011952441120386952,0.043565309133375515,0.06290165751557945
EA_growth,price,17,0.03166162259107677,0.01751450545058594,0.026523616136126114,0.07854497076354659,0.10847210071397882
EA_growth,policy,17,0.6035346633583282,0.4167060182115286,0.5003583792965914,0.7366459144335858,0.8277139009081305
EA_growth,fx,17,0.07352920361073488,0.03349259965614903,0.04870619896403841,0.12730362460328815,0.1734081587834241
EA_growth,brent,18,0.0296188356803021,0.010382029696161536,0.018661303035488786,0.06039518653770684,0.07632148118967245
EA_growth,vix,18,0.02575445897377699,0.009908052154446338,0.016685636714586293,0.053016783220373,0.07214177264998908
EA_growth,activity,18,0.014413961035907998,0.006502606539326195,0.011966502974718187,0.04389325947627326,0.06350179524995937
EA_growth,price,18,0.0316643209208346,0.017512587992110504,0.02663155321771872,0.07934336249557802,0.10883817877841466
EA_growth,policy,18,0.5967524988519126,0.40981494191256784,0.49418219145189596,0.7352219065591129,0.8267981229075152
EA_growth,fx,18,0.07353605340660856,0.03351064025613923,0.04875679104560484,0.12732111374106453,0.17344231271154545
EA_growth,brent,19,0.029619343199066197,0.010402737401030954,0.01867746409528761,0.06039879277801901,0.07638192224781572
EA_growth,vix,19,0.025774820459811457,0.009987599241838334,0.016769447448715502,0.053055735377927175,0.07227458607303688
EA_growth,activity,19,0.014471727666195696,0.006542119114198307,0.011983245644761232,0.044097459787213425,0.06400215505720104
EA_growth,price,19,0.03166662950589804,0.017538021618608606,0.02671503274417783,0.08017971747593766,0.10953361321182029
EA_growth,policy,19,0.5906618747371098,0.4036973798927959,0.4907103708400061,0.7339659793481011,0.8255232270845125
EA_growth,fx,19,0.07354256193794027,0.03352616651480664,0.048924799222529416,0.12734123482325646,0.17348423589040202
EA_growth,brent,20,0.029620191127790383,0.010433635774359483,0.018772900134533088,0.060410114589752886,0.07642564550162632
EA_growth,vix,20,0.025793793619566255,0.010024134966654748,0.016845376014025616,0.053091533776887134,0.07236395158227026
EA_growth,activity,20,0.014528032185391561,0.006543811048102114,0.01201765930112841,0.044399699999074366,0.06446244504910237
EA_growth,price,20,0.03166800243633468,0.017589979098238465,0.026878049012185958,0.0810821444542838,0.10960952490521399
EA_growth,policy,20,0.5851859190760678,0.3993345637363835,0.4880363790513228,0.7316817308903422,0.8230939472223102
EA_growth,fx,20,0.07354829758756057,0.03353972527328624,0.04910181669285536,0.12736133994509982,0.1735309921613494
EA_growth,brent,21,0.02962115107316749,0.010468910737203758,0.01886418820528785,0.0605313771530223,0.07646175210139498
EA_growth,vix,21,0.025811429474386614,0.010043400531321588,0.01689360578042372,0.05311547425739193,0.07255395903506492
EA_growth,activity,21,0.014583313934283498,0.006545739281330369,0.012139669940008684,0.04467158368113776,0.06489429111098317
EA_growth,price,21,0.031668714115601786,0.01762846764947144,0.02715103479340403,0.08134904079469898,0.1100203023632303
EA_growth,policy,21,0.5802546566796927,0.3933471997534712,0.4836709835748084,0.7309283638919207,0.8212589159681984
EA_growth,fx,21,0.07355326097101554,0.033565738070386694,0.04911578355811412,0.12738679887576268,0.17357781612203002
EA_growth,brent,22,0.029622011465116452,0.01050093076589299,0.01887826066541171,0.060609238252637206,0.07649559762329133
EA_growth,vix,22,0.02582797342322322,0.010062092218203898,0.016941085474632377,0.053137640400139206,0.07270488381000545
EA_growth,activity,22,0.014636262067699407,0.006548319605370679,0.01231192462400543,0.04485095082222375,0.06525470477480012
EA_growth,price,22,0.031669102890774556,0.0180883145243372,0.027214225379185168,0.08153131263876748,0.11050743177877465
EA_growth,policy,22,0.5758058251801551,0.3883281300652018,0.4786331681472659,0.7300026709619262,0.8193301146241548
EA_growth,fx,22,0.07355797251797859,0.03359226257401872,0.04912373652661949,0.12746603996802625,0.17362146334800577
EA_growth,brent,23,0.029622763713366442,0.010544973863077713,0.018930134223345715,0.060632019793604754,0.07652197057844339
EA_growth,vix,23,0.02584360540396286,0.010083867804533152,0.017029938160948183,0.053148384101338556,0.07279108597249613
EA_growth,activity,23,0.014686141663502267,0.006553806091780888,0.012434410129955607,0.04507956243896333,0.06554181581303081
EA_growth,price,23,0.03166930289384627,0.0181221307801002,0.027274373983075615,0.08242408726047278,0.1109599235056625
EA_growth,policy,23,0.5717844429786909,0.383914742204813,0.47431455936820077,0.729182874909924,0.8175911343276507
EA_growth,fx,23,0.07356269609651385,0.03377839261818619,0.04913424679254317,0.12770719722094068,0.17366199357868334
EA_growth,brent,24,0.02962349188492282,0.010641261118200854,0.018992497016565503,0.060752601212462086,0.07654379268632838
EA_growth,vix,24,0.025858424810793815,0.01010560349134157,0.01706142177040547,0.05315899576907245,0.07291483212972975
EA_growth,activity,24,0.014733334095099583,0.006578990820824792,0.012478650208625675,0.04532609202535897,0.06577554439625252
EA_growth,price,24,0.03166940074212506,0.018177126137641917,0.027328284397693903,0.0825704993247537,0.11137162205162959
EA_growth,policy,24,0.5681415766312595,0.38072063368122244,0.4713368970193681,0.7291228447037083,0.8160063512845596
EA_growth,fx,24,0.0735673725509804,0.03386662557343489,0.049146677947927056,0.12783694486695024,0.173700947710635
EA_growth,brent,25,0.029624246285398195,0.010732991677885145,0.018999962305035065,0.060801005739999164,0.07656225313868646
EA_growth,vix,25,0.025872626637425795,0.010125966358133842,0.01709543568039727,0.05316992713440062,0.07304754162795131
EA_growth,activity,25,0.014778529182176191,0.006615833840374393,0.012515757905514482,0.04535346732465258,0.06597305543583853
EA_growth,price,25,0.03166944846030023,0.018237417734542426,0.027539691470418095,0.08283218855899134,0.11159221661821944
EA_growth,policy,25,0.5648337315750006,0.3773789995333102,0.46880739384090997,0.7288765259105666,0.8145051926986808
EA_growth,fx,25,0.07357190345969514,0.03401776205202787,0.04915734835948837,0.12795943478962943,0.17373824733509588
EA_growth,brent,26,0.0296250256332288,0.010817180811795798,0.01900465579710068,0.060827863428109495,0.07657056842527156
EA_growth,vix,26,0.025886351270491995,0.010145571361714921,0.017127203196503148,0.05318038323474925,0.07313496005752612
EA_growth,activity,26,0.014821984996505017,0.006621853245621844,0.01254301828798963,0.04543169384921146,0.06613567540119893
EA_growth,price,26,0.031669468506319076,0.018241586141504115,0.02759827810038213,0.08284318809608134,0.11167461042611927
EA_growth,policy,26,0.5618227823918804,0.3747238537796273,0.4666963282089769,0.7284942228074823,0.8133336663031441
EA_growth,fx,26,0.07357627110476886,0.03409212807331827,0.049176416522875015,0.12804809468623643,0.17377307569175662
EA_growth,brent,27,0.02962581267903115,0.01082821658124047,0.019009540101991126,0.060848058465379495,0.07657728273582967
EA_growth,vix,27,0.025899596683019277,0.01016431632679991,0.017156964378822952,0.053191320912129636,0.07322584175727358
EA_growth,activity,27,0.014863692063937317,0.006624110864185614,0.012563148754817371,0.04553890799707706,0.06626717205504691
EA_growth,price,27,0.031669475343043776,0.018246019909024,0.027811788318536264,0.08361129459539736,0.11172033648666664
EA_growth,policy,27,0.5590754258387236,0.37313893466539594,0.46381874923833755,0.7278961976877542,0.8122824022532253
EA_growth,fx,27,0.07358049422401446,0.034099851345838594,0.04920835516444138,0.12817280496435218,0.17380513624771457
EA_growth,brent,28,0.02962659154320298,0.010835590593362207,0.019014007334307737,0.06103216403051837,0.07658187847226854
EA_growth,vix,28,0.02591232015874575,0.010184273869931256,0.01718594985943388,0.053201178704399034,0.07333137600468306
EA_growth,activity,28,0.01490366690973991,0.006627356346232129,0.012575185643875476,0.04558881431087885,0.06637297796371673
EA_growth,price,28,0.03166947707835489,0.01825031502101351,0.027883858529972164,0.08387377052325917,0.11176652193713014
EA_growth,policy,28,0.5565625076371712,0.37007310187422227,0.46119264274561517,0.7274294287492656,0.8113325766307398
EA_growth,fx,28,0.07358459349650552,0.034107049578530925,0.04930944589162882,0.12824945181300096,0.17383463320638848
EA_growth,brent,29,0.029627353225051098,0.010842111118749373,0.019017712216786036,0.06106247946739841,0.07658573207538362
EA_growth,vix,29,0.025924510726295397,0.010226558627902772,0.01722253037054267,0.053210546376512215,0.07341489199848553
EA_growth,activity,29,0.014942003966713194,0.006630342088690935,0.012586745092497615,0.04564735953172176,0.0664579546376215
EA_growth,price,29,0.03166947705026945,0.018254017433730396,0.027988884278095524,0.08390644889696412,0.11205326632823785
EA_growth,policy,29,0.5542585339534528,0.36646873918353046,0.458803372592347,0.7270100768789944,0.8104746807020473
EA_growth,fx,29,0.0735885828406533,0.03411379203132503,0.04938392135326444,0.12831220631815668,0.17386183115112522
EA_growth,brent,30,0.029628094457558696,0.01084777646322548,0.019020933546267074,0.06109122410448143,0.07658975839201898
EA_growth,vix,30,0.025936195453089537,0.010263715062329997,0.017251131117133493,0.05321955226209884,0.07348931485902391
EA_growth,activity,30,0.014978804831403328,0.006633103231236907,0.01259731026123679,0.04572742897011722,0.06652552478957006
EA_growth,price,30,0.03166947711136133,0.018257053715844938,0.027997705900520968,0.08393760908657004,0.11210827800283073
EA_growth,policy,30,0.552141196963615,0.36406721704530665,0.4570590027932626,0.7266360897290005,0.8096962471782841
EA_growth,fx,30,0.07359245942894585,0.03412012015520161,0.04938649028318491,0.12834703933400451,0.17390970651539336
EA_growth,brent,31,0.02962881358652923,0.010852842246536471,0.019024103146617184,0.06111862205175126,0.07659368727348197
EA_growth,vix,31,0.025947418754323874,0.01029739489737721,0.017273469464484957,0.05324212180543018,0.07357183919864917
EA_growth,activity,31,0.015014148168081654,0.006640885052396022,0.012607514404583109,0.04580841147345831,0.06657928544695779
EA_growth,price,31,0.03166947811212115,0.01825962235126025,0.0280058449354003,0.0840430007122922,0.1121008012272971
EA_growth,policy,31,0.5501909524246739,0.36202570395633493,0.45461545582479235,0.7262926784029139,0.8089913021055096
EA_growth,fx,31,0.073596216315995,0.03412606012966015,0.04938895571671044,0.1283808191175568,0.17543609671390759
EA_growth,brent,32,0.02962950988777856,0.010857344477896085,0.01902733968820113,0.061140918967185494,0.07673540469708766
EA_growth,vix,32,0.02595821664531174,0.01032806628374199,0.017283092585273083,0.05332456113476754,0.07364629201533258
EA_growth,activity,32,0.015048100960367659,0.0066560874569976496,0.012617021876903046,0.04587955480286326,0.06662213295568596
EA_growth,price,32,0.03166948016809552,0.018261925622179334,0.02801916005317455,0.08426999073857752,0.11216444304255921
EA_growth,policy,32,0.548390668069811,0.36017655399878284,0.451421009835794,0.7258708685778413,0.8083532164981576
EA_growth,fx,32,0.07359985381249766,0.03413156378885968,0.04939154753692643,0.1284134172840555,0.17698974088264965
EA_growth,brent,33,0.029630184089299034,0.010861323189975116,0.019030491938235344,0.06115823186826476,0.07674267890265372
EA_growth,vix,33,0.025968608693356734,0.010355195016334395,0.01729137426092611,0.053400134317365296,0.07371052161153151
EA_growth,activity,33,0.01508073021133339,0.006670770071344847,0.012652550373120278,0.0459186932344551,0.06665609045074015
EA_growth,price,33,0.031669483090937735,0.018264080649625317,0.028147607496892716,0.08444124994845856,0.1122118540958844
EA_growth,policy,33,0.546725305583123,0.3584731022230295,0.4499173170481511,0.7255101948530841,0.808423930272593
EA_growth,fx,33,0.07360337486457551,0.03413667088445593,0.04939433488121406,0.12844485561769928,0.1774479131700988
EA_growth,brent,34,0.029630837043970994,0.010864962510874479,0.01903339831919896,0.0611731362010156,0.0767489786235049
EA_growth,vix,34,0.025978608757196892,0.010379606397647075,0.01729852707403696,0.05345421070620073,0.07377662426681561
EA_growth,activity,34,0.015112102280553682,0.006684956331951338,0.012709405759490413,0.04597731868268224,0.0666827429050083
EA_growth,price,34,0.031669486616355456,0.018266094840627616,0.028151129537103387,0.08455808909088987,0.11241879097595672
EA_growth,policy,34,0.5451816389662298,0.3569012658983904,0.44784534556614497,0.7251991439589124,0.8085087465443449
EA_growth,fx,34,0.0736067803509923,0.03414145895920153,0.049397186542275706,0.12878348405372736,0.1774622623568576
EA_growth,brent,35,0.02963146890657203,0.010868274530509123,0.01903601061316687,0.061187391643260355,0.07675450564665787
EA_growth,vix,35,0.025988232270163256,0.010401572839412562,0.017304674653483763,0.053495498769355894,0.0738117518325131
EA_growth,activity,35,0.015142277135551654,0.006698671944698984,0.012758040889179964,0.046033721806783265,0.06670367434133866
EA_growth,price,35,0.031669490557929655,0.018269198194509274,0.02815438563512,0.08467042385109533,0.11354613517533411
EA_growth,policy,35,0.5437480173882455,0.35544858299127274,0.44622277938742794,0.7249284510881644,0.8085657182131508
EA_growth,fx,35,0.07361007055093687,0.03414594656308958,0.049400156945938835,0.12881880639430174,0.17747132411384267
EA_growth,brent,36,0.02963207944010273,0.010871250365727274,0.019038401115839536,0.06120069291785799,0.07675934140418594
EA_growth,vix,36,0.02599749468527876,0.010416220503978762,0.017309927944140137,0.05353380559392215,0.07382108665301933
EA_growth,activity,36,0.015171307262264178,0.0067119553144545496,0.012762782156508947,0.04608765008686803,0.06715928054686965
EA_growth,price,36,0.031669494774800695,0.018277648451741058,0.028221140950164734,0.08474222196127622,0.1142372946212901
EA_growth,policy,36,0.5424141576745662,0.354103899202999,0.4447614756595351,0.7246224612854927,0.8085832946631937
EA_growth,fx,36,0.07361324676739366,0.03415014937143014,0.049403364210166466,0.1288527748616841,0.17747982274150118
TR_growth,brent,1,0.0,0.0,0.0,0.0,0.0
TR_growth,vix,1,0.0,0.0,0.0,0.0,0.0
TR_growth,fedfunds,1,0.0,0.0,0.0,0.0,0.0
TR_growth,activity,1,0.0,0.0,0.0,0.0,0.0
TR_growth,price,1,0.0,0.0,0.0,0.0,0.0
TR_growth,policy,1,0.9553732237568938,0.8538909326600488,0.8866151401553309,0.9660215543184387,0.9819766214992472
TR_growth,fx,1,0.011736974696326013,0.0001607762281172252,0.0025492409319881853,0.026243537166088404,0.04325082012419878
TR_growth,brent,2,0.0,0.0,0.0,0.0,0.0
TR_growth,vix,2,0.0,0.0,0.0,0.0,0.0
TR_growth,fedfunds,2,0.0,0.0,0.0,0.0,0.0
TR_growth,activity,2,0.006137893771357292,2.7310845739084588e-05,0.0004314573935970565,0.017271894611433587,0.033322728597558735
TR_growth,price,2,0.0012325072423302514,2.5493373246729806e-05,0.0002321897870486077,0.0163345692612615,0.02820021163553347
TR_growth,policy,2,0.8832544480732942,0.7103901967575231,0.7663458127201768,0.8968388747751616,0.928124516309505
TR_growth,fx,2,0.027119888079917973,0.007931327165215763,0.015167981533642088,0.04710717368822633,0.06453112330117704
TR_growth,brent,3,0.0,0.0,0.0,0.0,0.0
TR_growth,vix,3,0.0,0.0,0.0,0.0,0.0
TR_growth,fedfunds,3,0.0,0.0,0.0,0.0,0.0
TR_growth,activity,3,0.00633673537238667,0.0010803448695861676,0.0029613977015809146,0.022916227759951925,0.03586198371986651
TR_growth,price,3,0.013761421296718816,0.0011309435974625902,0.003396946147856213,0.03505530131168444,0.05263509372160711
TR_growth,policy,3,0.8068509476500523,0.6007615586005849,0.6643001128805552,0.831445497947208,0.8759808260230195
TR_growth,fx,3,0.031354459109297315,0.010153306734863024,0.016587590566745896,0.051985723027942084,0.07413999938035012
TR_growth,brent,4,0.0,0.0,0.0,0.0,0.0
TR_growth,vix,4,0.0,0.0,0.0,0.0,0.0
TR_growth,fedfunds,4,0.0,0.0,0.0,0.0,0.0
TR_growth,activity,4,0.0060851910037788585,0.0022964657903906277,0.00428009838205643,0.02668139136644267,0.038303792142740004
TR_growth,price,4,0.029928227961976913,0.004267992984003064,0.008773932795627106,0.05456826980654625,0.08111527181610619
TR_growth,policy,4,0.705558086237558,0.4778648544311382,0.5507244420452468,0.7517926366225262,0.8054147202913192
TR_growth,fx,4,0.030390007007019146,0.011767244394527927,0.018468403190107875,0.05587709776641461,0.07341913540888978
TR_growth,brent,5,0.0,0.0,0.0,0.0,0.0
TR_growth,vix,5,0.0,0.0,0.0,0.0,0.0
TR_growth,fedfunds,5,0.0,0.0,0.0,0.0,0.0
TR_growth,activity,5,0.01025053746003165,0.003988116960902685,0.006674505089832188,0.033912769351406594,0.047880449029615
TR_growth,price,5,0.029179512774025196,0.006205927149114443,0.012287383509198082,0.05399121064217187,0.08322121676206595
TR_growth,policy,5,0.6569221611401014,0.42352864524145417,0.49608055471996815,0.7124805079001938,0.7719340777540984
TR_growth,fx,5,0.031938333595192825,0.014197441008427278,0.020864779176877166,0.05883092713145963,0.07747044951692214
TR_growth,brent,6,0.0,0.0,0.0,0.0,0.0
TR_growth,vix,6,0.0,0.0,0.0,0.0,0.0
TR_growth,fedfunds,6,0.0,0.0,0.0,0.0,0.0
TR_growth,activity,6,0.012422956983796056,0.004711370779247052,0.007975891299273473,0.03806534359285663,0.05362520508012322
TR_growth,price,6,0.029050853643396903,0.007422289903312671,0.013822549493032823,0.05486363635908794,0.08288466168688612
TR_growth,policy,6,0.6154005863370502,0.3812292963790974,0.44814717644454044,0.6705690943535678,0.7376179530454972
TR_growth,fx,6,0.034271276891720784,0.015558066393093447,0.024010484072257397,0.06364710339501348,0.08090598306683508
TR_growth,brent,7,0.0,0.0,0.0,0.0,0.0
TR_growth,vix,7,0.0,0.0,0.0,0.0,0.0
TR_growth,fedfunds,7,0.0,0.0,0.0,0.0,0.0
TR_growth,activity,7,0.014188313358185165,0.004897363039486746,0.00912904421996416,0.039684324239799396,0.0642367419922607
TR_growth,price,7,0.027902236327803115,0.007938133898786113,0.014896926271370342,0.05383815700157988,0.0809744379889408
TR_growth,policy,7,0.5819322946880635,0.34703081281811227,0.4126369684226408,0.6414318429352178,0.7158908686285875
TR_growth,fx,7,0.03547468354549534,0.01660601871541849,0.025214077869371708,0.06317401234351709,0.0847187316290555
TR_growth,brent,8,0.0,0.0,0.0,0.0,0.0
TR_growth,vix,8,0.0,0.0,0.0,0.0,0.0
TR_growth,fedfunds,8,0.0,0.0,0.0,0.0,0.0
TR_growth,activity,8,0.016494445457576074,0.005755368639323771,0.010042413475695504,0.04243708752227498,0.06633796806835758
TR_growth,price,8,0.029020567446216592,0.009108815871398572,0.016335080006799414,0.056000485526905563,0.07753203161193048
TR_growth,policy,8,0.5595375663041791,0.316302188161803,0.387046722116769,0.6214663585874918,0.6960326504967451
TR_growth,fx,8,0.035512593847943315,0.016708977998065738,0.025173080917732384,0.06247060372818985,0.08399590977118708
TR_growth,brent,9,0.0,0.0,0.0,0.0,0.0
TR_growth,vix,9,0.0,0.0,0.0,0.0,0.0
TR_growth,fedfunds,9,0.0,0.0,0.0,0.0,0.0
TR_growth,activity,9,0.01600560494362207,0.005804691961328904,0.010223924810770283,0.04093357915588028,0.06526647154591979
TR_growth,price,9,0.03546947599347545,0.010303753166331224,0.018573468016851957,0.06240379370630163,0.0877146973188776
TR_growth,policy,9,0.541212889024935,0.2940840780318034,0.3614162026535878,0.6028174476913608,0.6804197958586679
TR_growth,fx,9,0.03766638246633885,0.018088213408119242,0.02701115098827681,0.06621580391618954,0.08445717847745969
TR_growth,brent,10,0.0,0.0,0.0,0.0,0.0
TR_growth,vix,10,0.0,0.0,0.0,0.0,0.0
TR_growth,fedfunds,10,0.0,0.0,0.0,0.0,0.0
TR_growth,activity,10,0.015938011903501744,0.005936280605790139,0.010544324806299991,0.041537391087423485,0.06525623597587765
TR_growth,price,10,0.038149652749235825,0.010757494636230236,0.01949354072713133,0.06622624730375282,0.09623221454717924
TR_growth,policy,10,0.5252366604378298,0.2763881868205175,0.3452082152543429,0.5860689069265392,0.6723367175762326
TR_growth,fx,10,0.03764229177797979,0.018054832281929774,0.02695836526953048,0.06604390010156753,0.08333452523964256
TR_growth,brent,11,0.0,0.0,0.0,0.0,0.0
TR_growth,vix,11,0.0,0.0,0.0,0.0,0.0
TR_growth,fedfunds,11,0.0,0.0,0.0,0.0,0.0
TR_growth,activity,11,0.015913327617406218,0.0063767938126423505,0.010568891204887316,0.04147201178744683,0.06452705083883335
TR_growth,price,11,0.0383649598748008,0.01061108628115271,0.019701262074996593,0.06760214370536481,0.09886014783290828
TR_growth,policy,11,0.509795164503156,0.25997872014376816,0.3343883287808857,0.5703660935641309,0.6536573084820785
TR_growth,fx,11,0.03739818421888146,0.018332290493009117,0.026871126548629956,0.06570801444929188,0.08402059221432212
TR_growth,brent,12,0.0,0.0,0.0,0.0,0.0
TR_growth,vix,12,0.0,0.0,0.0,0.0,0.0
TR_growth,fedfunds,12,0.0,0.0,0.0,0.0,0.0
TR_growth,activity,12,0.015857816711206046,0.006439896699371868,0.010688021537512195,0.04153851268334527,0.06423039060182961
TR_growth,price,12,0.0377813859893328,0.010978832381287421,0.02004798368898159,0.0688735728533681,0.09860990048379635
TR_growth,policy,12,0.49427018359917135,0.2400782179271268,0.3207362518826642,0.5553807471949703,0.6353369009571832
TR_growth,fx,12,0.037301834694337045,0.01850830624901234,0.027275536620107337,0.06595225667807784,0.08509902039389691
TR_growth,brent,13,0.0,0.0,0.0,0.0,0.0
TR_growth,vix,13,0.0,0.0,0.0,0.0,0.0
TR_growth,fedfunds,13,0.0,0.0,0.0,0.0,0.0
TR_growth,activity,13,0.015803653667090356,0.0067159774916881795,0.010662682099653239,0.04136085653484229,0.06493203423201097
TR_growth,price,13,0.037159390060399256,0.011018097807089663,0.020287285880092466,0.06775108674750559,0.09773175696600758
TR_growth,policy,13,0.47860888806387886,0.22975295590635775,0.3035032055518274,0.5403573668523585,0.6183958143734842
TR_growth,fx,13,0.03733754891108483,0.018392126587568475,0.02722218141512487,0.06639856230317899,0.08452834507722455
TR_growth,brent,14,0.0,0.0,0.0,0.0,0.0
TR_growth,vix,14,0.0,0.0,0.0,0.0,0.0
TR_growth,fedfunds,14,0.0,0.0,0.0,0.0,0.0
TR_growth,activity,14,0.01581828379303475,0.0067517890754390875,0.010723528351607508,0.041265260763747584,0.06468335287003818
TR_growth,price,14,0.037216277837498736,0.011488058616796856,0.020648189095012773,0.06914663717633678,0.09714230997015164
TR_growth,policy,14,0.4602983005141477,0.2199169185381156,0.2871937704457531,0.5220633293672751,0.599961621443239
TR_growth,fx,14,0.037745266734038815,0.018632622642206203,0.027718484656596782,0.06628453066391081,0.08442108260538263
TR_growth,brent,15,0.0,0.0,0.0,0.0,0.0
TR_growth,vix,15,0.0,0.0,0.0,0.0,0.0
TR_growth,fedfunds,15,0.0,0.0,0.0,0.0,0.0
TR_growth,activity,15,0.015859863101425387,0.00675858820981457,0.010828267058816923,0.041333607318573606,0.06465756321663671
TR_growth,price,15,0.037808426341332885,0.01153339848168172,0.02072093411223956,0.06994092142468647,0.09952485764572626
TR_growth,policy,15,0.4380751314860843,0.20372528338904944,0.26577159289265234,0.504494119457738,0.5779142148197235
TR_growth,fx,15,0.03779653454459237,0.018573796602870844,0.027639066265297135,0.0667014884940819,0.08431240349555837
TR_growth,brent,16,0.0,0.0,0.0,0.0,0.0
TR_growth,vix,16,0.0,0.0,0.0,0.0,0.0
TR_growth,fedfunds,16,0.0,0.0,0.0,0.0,0.0
TR_growth,activity,16,0.015849267378791516,0.006751878940630504,0.010804784595907469,0.041246297609983724,0.06477820190399618
TR_growth,price,16,0.03805360794933341,0.011603753785172241,0.020914921037904335,0.06971018784994955,0.10099915892668936
TR_growth,policy,16,0.41146900930990077,0.18848822934256096,0.2450135568302761,0.4757475687612267,0.5550016790558702
TR_growth,fx,16,0.03774012317922307,0.018662516176252263,0.02765902090116501,0.06651729893951967,0.08407834008998964
TR_growth,brent,17,0.0,0.0,0.0,0.0,0.0
TR_growth,vix,17,0.0,0.0,0.0,0.0,0.0
TR_growth,fedfunds,17,0.0,0.0,0.0,0.0,0.0
TR_growth,activity,17,0.015851901134300742,0.006750880176802583,0.01080170058233122,0.04154215133242126,0.0647241698084091
TR_growth,price,17,0.03785728704411592,0.011810346811728375,0.021088872297983015,0.070770445665867,0.10102883889156952
TR_growth,policy,17,0.38025977193047117,0.17167193218965793,0.22026039835250205,0.4471754908453413,0.5136547234082492
TR_growth,fx,17,0.0377295055266733,0.01873878405327057,0.02757133453189847,0.0664088063880289,0.0844531681048836
TR_growth,brent,18,0.0,0.0,0.0,0.0,0.0
TR_growth,vix,18,0.0,0.0,0.0,0.0,0.0
TR_growth,fedfunds,18,0.0,0.0,0.0,0.0,0.0
TR_growth,activity,18,0.01584597721115112,0.00676439919360764,0.010798638224563015,0.04151039738715693,0.06467867848959147
TR_growth,price,18,0.03755803580689942,0.011898645288417293,0.021239574607707704,0.07089959750684749,0.10031782722808892
TR_growth,policy,18,0.34551112759260194,0.15235818803460005,0.19274892159659288,0.41103425070895405,0.4844632077109789
TR_growth,fx,18,0.03768114325134186,0.018806614608349873,0.02750715471078837,0.0664329287912936,0.08447014608172274
TR_growth,brent,19,0.0,0.0,0.0,0.0,0.0
TR_growth,vix,19,0.0,0.0,0.0,0.0,0.0
TR_growth,fedfunds,19,0.0,0.0,0.0,0.0,0.0
TR_growth,activity,19,0.015842560617399967,0.006769196090243476,0.010797327147068264,0.04152003295884797,0.06482744496936686
TR_growth,price,19,0.0372446351542034,0.011923621191057533,0.021221833312993897,0.07072078464102462,0.0996797159220017
TR_growth,policy,19,0.30941985929580873,0.1310580143324491,0.17285449876256465,0.3750562472512288,0.4465582457265908
TR_growth,fx,19,0.03760708955844819,0.01881619928550016,0.02754070409552713,0.06671300248202151,0.08440274406714281
TR_growth,brent,20,0.0,0.0,0.0,0.0,0.0
TR_growth,vix,20,0.0,0.0,0.0,0.0,0.0
TR_growth,fedfunds,20,0.0,0.0,0.0,0.0,0.0
TR_growth,activity,20,0.01584527297534864,0.006769478239194364,0.010809321726401196,0.04150320401984568,0.06480896403160005
TR_growth,price,20,0.037017344033769536,0.01207054788662426,0.021112257669477365,0.07074518202956524,0.0986569880326689
TR_growth,policy,20,0.2741109168851435,0.11086161676816272,0.15007950538097423,0.3390417124121796,0.41134479049095674
TR_growth,fx,20,0.037544382986718076,0.018815839993805383,0.02750258334294113,0.06694876201508539,0.084684118952977
TR_growth,brent,21,0.0,0.0,0.0,0.0,0.0
TR_growth,vix,21,0.0,0.0,0.0,0.0,0.0
TR_growth,fedfunds,21,0.0,0.0,0.0,0.0,0.0
TR_growth,activity,21,0.015846873013793627,0.006769800938560079,0.010813753043311782,0.04150730328983858,0.06482495497319729
TR_growth,price,21,0.036911167862295646,0.012093923591833734,0.021280471428940514,0.07072337231981428,0.09796660033384438
TR_growth,policy,21,0.24151262598257492,0.09430733445139129,0.12905386424250384,0.3069636186353713,0.3773829132511179
TR_growth,fx,21,0.03749991994790358,0.018818287193747774,0.027489070857606695,0.06702058131678568,0.08492055180300798
TR_growth,brent,22,0.0,0.0,0.0,0.0,0.0
TR_growth,vix,22,0.0,0.0,0.0,0.0,0.0
TR_growth,fedfunds,22,0.0,0.0,0.0,0.0,0.0
TR_growth,activity,22,0.015846559661033367,0.006771678515839653,0.010814857745954242,0.04150756026127606,0.06486035125863476
TR_growth,price,22,0.03679646573233753,0.012135224546270333,0.02130552293524563,0.070350049230018,0.09757793274952564
TR_growth,policy,22,0.21258192713913823,0.08115003351207431,0.11258420519026155,0.27831208179444317,0.34357679813720376
TR_growth,fx,22,0.03747086662808437,0.01882520451316397,0.0274820325531597,0.06706804676314426,0.08486129955563716
TR_growth,brent,23,0.0,0.0,0.0,0.0,0.0
TR_growth,vix,23,0.0,0.0,0.0,0.0,0.0
TR_growth,fedfunds,23,0.0,0.0,0.0,0.0,0.0
TR_growth,activity,23,0.01584656078915929,0.006772977654071239,0.010825334654727695,0.04150088590603044,0.06501925753729676
TR_growth,price,23,0.03665297543052028,0.012157621942311186,0.02125693165305817,0.06993319010072938,0.09736702452602974
TR_growth,policy,23,0.1875218196008945,0.07004994157636572,0.09823339200366336,0.2530744037017398,0.31558607081756057
TR_growth,fx,23,0.0374527120052925,0.018841498766330168,0.02748462436166298,0.06699577468268735,0.08481417485811499
TR_growth,brent,24,0.0,0.0,0.0,0.0,0.0
TR_growth,vix,24,0.0,0.0,0.0,0.0,0.0
TR_growth,fedfunds,24,0.0,0.0,0.0,0.0,0.0
TR_growth,activity,24,0.015845286805177456,0.00677317306588396,0.010830786843614064,0.04150118643108504,0.06500812157048497
TR_growth,price,24,0.036504713072530344,0.01212874720994114,0.021142809590863752,0.0698939866227909,0.09716693586347872
TR_growth,policy,24,0.16614659153940836,0.06113708451367047,0.08662636379882478,0.2297573191035026,0.2946025010010597
TR_growth,fx,24,0.03742218089033462,0.018825442539097695,0.027435546994157588,0.06692194493244605,0.08471644916248212
TR_growth,brent,25,0.0,0.0,0.0,0.0,0.0
TR_growth,vix,25,0.0,0.0,0.0,0.0,0.0
TR_growth,fedfunds,25,0.0,0.0,0.0,0.0,0.0
TR_growth,activity,25,0.015844296980087044,0.006772383414747751,0.010831309172122943,0.04150535877592458,0.06501870634688273
TR_growth,price,25,0.03636419102437577,0.012123882944571415,0.021065583116193904,0.06940141487957,0.0969299145417465
TR_growth,policy,25,0.14809674123183025,0.05408478051802185,0.07722067792074998,0.20878628674563227,0.2756279295491923
TR_growth,fx,25,0.03737888034202159,0.01881255687987571,0.027411877485776625,0.06696173652223707,0.0845013777479576
TR_growth,brent,26,0.0,0.0,0.0,0.0,0.0
TR_growth,vix,26,0.0,0.0,0.0,0.0,0.0
TR_growth,fedfunds,26,0.0,0.0,0.0,0.0,0.0
TR_growth,activity,26,0.015843788620142584,0.006771814812100477,0.010845833559609839,0.04150480508260251,0.06504107448871989
TR_growth,price,26,0.036257688527903224,0.012192594842807838,0.020990041489255713,0.06911346241298502,0.09679510324460414
TR_growth,policy,26,0.13297660548100443,0.04869779281492376,0.06920717051058836,0.19167096457973792,0.26148525559075564
TR_growth,fx,26,0.03733551512418879,0.01880410374234349,0.02744592216145125,0.06701900037061086,0.08440769795624568
TR_growth,brent,27,0.0,0.0,0.0,0.0,0.0
TR_growth,vix,27,0.0,0.0,0.0,0.0,0.0
TR_growth,fedfunds,27,0.0,0.0,0.0,0.0,0.0
TR_growth,activity,27,0.015843572275643137,0.006774723998378125,0.010848622853224759,0.04151471441175134,0.0650336809586484
TR_growth,price,27,0.0361933408578095,0.012222198091165778,0.021034647240106986,0.0690522259576219,0.09675032716363426
TR_growth,policy,27,0.12038360770552571,0.04367797958402123,0.06235419486853347,0.17648172703716214,0.24837038352725965
TR_growth,fx,27,0.037297465127073166,0.01879844908257771,0.02746434847946346,0.06695409406865778,0.08436928518895533
TR_growth,brent,28,0.0,0.0,0.0,0.0,0.0
TR_growth,vix,28,0.0,0.0,0.0,0.0,0.0
TR_growth,fedfunds,28,0.0,0.0,0.0,0.0,0.0
TR_growth,activity,28,0.01584319036859006,0.006781224364679833,0.010860150427824828,0.041514344305020934,0.06503791280484278
TR_growth,price,28,0.036144783844966784,0.012211063344375815,0.021032610936951104,0.06891380957423045,0.09668118082700532
TR_growth,policy,28,0.10992738369926233,0.039501963298845894,0.056308712123195104,0.1684806383546125,0.23624721968780535
TR_growth,fx,28,0.037261796440684246,0.018809120905110503,0.02747648823684339,0.06676531317995309,0.08435147505229244
TR_growth,brent,29,0.0,0.0,0.0,0.0,0.0
TR_growth,vix,29,0.0,0.0,0.0,0.0,0.0
TR_growth,fedfunds,29,0.0,0.0,0.0,0.0,0.0
TR_growth,activity,29,0.015842965582568768,0.006783032306014604,0.010861461698177454,0.04151543568367519,0.06504692575446007
TR_growth,price,29,0.03609368276449344,0.012244655284419937,0.021032947632354203,0.06867579521220848,0.09665417387661265
TR_growth,policy,29,0.10125088493851363,0.03605831649984825,0.05124640535705722,0.15875266657212603,0.22365831739049316
TR_growth,fx,29,0.0372279429091786,0.0188219279213014,0.027478984570524438,0.06649114226805936,0.08433780252014764
TR_growth,brent,30,0.0,0.0,0.0,0.0,0.0
TR_growth,vix,30,0.0,0.0,0.0,0.0,0.0
TR_growth,fedfunds,30,0.0,0.0,0.0,0.0,0.0
TR_growth,activity,30,0.01584261502560595,0.0067816404375329944,0.010868817896922778,0.04151427744336722,0.06504336493976642
TR_growth,price,30,0.0360423518221473,0.012343372545070378,0.021030507432520208,0.06844666636574234,0.09667516048000602
TR_growth,policy,30,0.09404770949136665,0.03360100147135153,0.04818461126815023,0.15025133117248818,0.21645539120900534
TR_growth,fx,30,0.037198645705717036,0.018824080662281514,0.027474628731531423,0.06622865749586758,0.08432012102731314
TR_growth,brent,31,0.0,0.0,0.0,0.0,0.0
TR_growth,vix,31,0.0,0.0,0.0,0.0,0.0
TR_growth,fedfunds,31,0.0,0.0,0.0,0.0,0.0
TR_growth,activity,31,0.015842289767270618,0.006779876405559345,0.010870434840195892,0.04151578395812611,0.06504685654724655
TR_growth,price,31,0.035999283086062185,0.012361111891027104,0.020950052628617804,0.06824463569837054,0.09664463233604109
TR_growth,policy,31,0.08806292940526511,0.031480706707344874,0.04534555660037639,0.14492944838469254,0.20737527558033428
TR_growth,fx,31,0.03717700482836804,0.01882313892161187,0.02745768373918299,0.06605032019525675,0.08429923948097642
TR_growth,brent,32,0.0,0.0,0.0,0.0,0.0
TR_growth,vix,32,0.0,0.0,0.0,0.0,0.0
TR_growth,fedfunds,32,0.0,0.0,0.0,0.0,0.0
TR_growth,activity,32,0.01584209937065912,0.006778921845252747,0.010872342717790431,0.041514935378610396,0.06505326696914787
TR_growth,price,32,0.03597416724433722,0.012353377041695581,0.02070970759939911,0.06775422029561755,0.09667226828148592
TR_growth,policy,32,0.08308683764417865,0.029624179050785956,0.042593945672238814,0.13938499799804333,0.20060854506484047
TR_growth,fx,32,0.037164023062590985,0.01883039982911938,0.027443534456193127,0.06601361000748605,0.08429233695157547
TR_growth,brent,33,0.0,0.0,0.0,0.0,0.0
TR_growth,vix,33,0.0,0.0,0.0,0.0,0.0
TR_growth,fedfunds,33,0.0,0.0,0.0,0.0,0.0
TR_growth,activity,33,0.01584195683763306,0.0067782993274214465,0.01087531314902138,0.041514286369460404,0.06505145693166635
TR_growth,price,33,0.035966724442803494,0.012352864649693044,0.020564187347688036,0.06762050945972277,0.09663615783854651
TR_growth,policy,33,0.07894533404044415,0.02827116142734655,0.04057712070306724,0.1352785574471675,0.19432617635873858
TR_growth,fx,33,0.037156721019150483,0.01883618974380964,0.02743293415859191,0.06593633994096142,0.08428570982541672
TR_growth,brent,34,0.0,0.0,0.0,0.0,0.0
TR_growth,vix,34,0.0,0.0,0.0,0.0,0.0
TR_growth,fedfunds,34,0.0,0.0,0.0,0.0,0.0
TR_growth,activity,34,0.01584175294102209,0.006777747856811882,0.010875606254224453,0.041513643668425596,0.06505148458519024
TR_growth,price,34,0.035965440059745675,0.01230162714275016,0.02053154844409216,0.06761305109072772,0.09641341452502634
TR_growth,policy,34,0.07549323113643741,0.026831723348341916,0.03857382908128584,0.13347842650616612,0.19221438318498962
TR_growth,fx,34,0.037151029546787055,0.018847156920610307,0.02744855762356779,0.06571962946054853,0.08428482815494745
TR_growth,brent,35,0.0,0.0,0.0,0.0,0.0
TR_growth,vix,35,0.0,0.0,0.0,0.0,0.0
TR_growth,fedfunds,35,0.0,0.0,0.0,0.0,0.0
TR_growth,activity,35,0.01584157097155007,0.0067772898487815465,0.010877942342043213,0.041511948415083884,0.06505282056457536
TR_growth,price,35,0.03596196116768017,0.012224864956704485,0.02052319880293395,0.06759934938281376,0.09652880473866725
TR_growth,policy,35,0.07260930739648404,0.025812141084374005,0.03733073848670267,0.1304119463376029,0.18972098640783275
TR_growth,fx,35,0.03714650992471693,0.018855369170827477,0.027438398118076225,0.06548434832767112,0.08428494557331585
TR_growth,brent,36,0.0,0.0,0.0,0.0,0.0
TR_growth,vix,36,0.0,0.0,0.0,0.0,0.0
TR_growth,fedfunds,36,0.0,0.0,0.0,0.0,0.0
TR_growth,activity,36,0.015841404515422743,0.006777228328588004,0.010878335227035487,0.041510755242948456,0.06505007599851806
TR_growth,price,36,0.035955946865684735,0.012152322528006656,0.02051575932515287,0.06744062038918269,0.09666712048449172
TR_growth,policy,36,0.07019360728992709,0.024910235042263987,0.03626262579006845,0.12885804058971387,0.1884496693537184
TR_growth,fx,36,0.03714461179658452,0.01886396800987932,0.02739112944777618,0.06533339542461765,0.08428664504992432
TR_levels_comparison,brent,1,0.0,0.0,0.0,0.0,0.0
TR_levels_comparison,vix,1,0.0,0.0,0.0,0.0,0.0
TR_levels_comparison,fedfunds,1,0.0,0.0,0.0,0.0,0.0
TR_levels_comparison,activity,1,0.0,0.0,0.0,0.0,0.0
TR_levels_comparison,price,1,0.0,0.0,0.0,0.0,0.0
TR_levels_comparison,policy,1,0.9815114504631363,0.897564923249327,0.9186486078124452,0.977338822839766,0.9861136854591555
TR_levels_comparison,fx,1,0.02117246169131028,0.002653262701658345,0.008357232612799173,0.04005747259302696,0.05234219016229317
TR_levels_comparison,brent,2,0.0,0.0,0.0,0.0,0.0
TR_levels_comparison,vix,2,0.0,0.0,0.0,0.0,0.0
TR_levels_comparison,fedfunds,2,0.0,0.0,0.0,0.0,0.0
TR_levels_comparison,activity,2,1.2808945034586634e-05,1.8946406021456302e-05,0.000155838427942108,0.006375982238697361,0.011569852146855575
TR_levels_comparison,price,2,1.4288406838334364e-05,9.780794741183358e-06,9.145518930719812e-05,0.0038107485326815227,0.007504502445214061
TR_levels_comparison,policy,2,0.9593178970999567,0.8429937948039666,0.8717752687678718,0.9475416829635692,0.964424101123618
TR_levels_comparison,fx,2,0.010282197345351659,0.002523502286959507,0.004684264641807356,0.02186901504264005,0.03179022866235223
TR_levels_comparison,brent,3,0.0,0.0,0.0,0.0,0.0
TR_levels_comparison,vix,3,0.0,0.0,0.0,0.0,0.0
TR_levels_comparison,fedfunds,3,0.0,0.0,0.0,0.0,0.0
TR_levels_comparison,activity,3,3.5748544393145686e-05,0.00010004181253538267,0.00034271001189415355,0.009035363803614936,0.017548632675264724
TR_levels_comparison,price,3,0.0009023406259256541,0.0002746813702580377,0.0006556399648814053,0.014230694103838452,0.02707955771552718
TR_levels_comparison,policy,3,0.9308330663412417,0.7630438753492237,0.8040927044764035,0.9131629292228722,0.9398454340499713
TR_levels_comparison,fx,3,0.006225426409871214,0.003291273741507722,0.0056589546788543815,0.021221083448840546,0.03568177462260887
TR_levels_comparison,brent,4,0.0,0.0,0.0,0.0,0.0
TR_levels_comparison,vix,4,0.0,0.0,0.0,0.0,0.0
TR_levels_comparison,fedfunds,4,0.0,0.0,0.0,0.0,0.0
TR_levels_comparison,activity,4,6.492126395918723e-05,0.0001686159690886077,0.0005919048538422816,0.011904548311684313,0.024873888502077227
TR_levels_comparison,price,4,0.005103494654792321,0.0007746798804850857,0.0021301472780395634,0.03418780963846437,0.05572253472257362
TR_levels_comparison,policy,4,0.9066378392185381,0.6918811613931981,0.7431208791572947,0.8788244236110846,0.9179755907322766
TR_levels_comparison,fx,4,0.0076329668859936965,0.0038221622775584368,0.0073120879255689645,0.03195086760409536,0.05907081216619101
TR_levels_comparison,brent,5,0.0,0.0,0.0,0.0,0.0
TR_levels_comparison,vix,5,0.0,0.0,0.0,0.0,0.0
TR_levels_comparison,fedfunds,5,0.0,0.0,0.0,0.0,0.0
TR_levels_comparison,activity,5,6.825002392150412e-05,0.0002361295328704636,0.0008303105980236068,0.01403271429507773,0.033495033445895744
TR_levels_comparison,price,5,0.012687121089899375,0.0015410094177536618,0.0048062171822017795,0.05482923839761832,0.0825580677598881
TR_levels_comparison,policy,5,0.8885013390416393,0.6375221757743565,0.6962343025686254,0.855218930563441,0.8982498893257331
TR_levels_comparison,fx,5,0.01192964373156338,0.00410501539125724,0.00802219716493591,0.044438673347129774,0.07684488865624056
TR_levels_comparison,brent,6,0.0,0.0,0.0,0.0,0.0
TR_levels_comparison,vix,6,0.0,0.0,0.0,0.0,0.0
TR_levels_comparison,fedfunds,6,0.0,0.0,0.0,0.0,0.0
TR_levels_comparison,activity,6,7.336431671669954e-05,0.00044365164744792214,0.0010519349252457416,0.01620541991064392,0.039456363330932054
TR_levels_comparison,price,6,0.022016755535746807,0.0027503283780064185,0.009593482479455715,0.07314005277963209,0.10626666239101301
TR_levels_comparison,policy,6,0.8744372010440437,0.5918761783480063,0.6508607433981669,0.8360662824544,0.8795005461012196
TR_levels_comparison,fx,6,0.0169534676416293,0.004520033610171372,0.008815272217671484,0.056507313184889545,0.09314946750898015
TR_levels_comparison,brent,7,0.0,0.0,0.0,0.0,0.0
TR_levels_comparison,vix,7,0.0,0.0,0.0,0.0,0.0
TR_levels_comparison,fedfunds,7,0.0,0.0,0.0,0.0,0.0
TR_levels_comparison,activity,7,0.00016339440841511558,0.0005210047882752338,0.0014142356381330041,0.01962807521251619,0.043828823480035015
TR_levels_comparison,price,7,0.03147522765442059,0.004186634152125443,0.013117504892333381,0.0870692531707487,0.13059221402950147
TR_levels_comparison,policy,7,0.8617213353959655,0.5430767423415098,0.6131555060101745,0.8147918128454092,0.8640003823145772
TR_levels_comparison,fx,7,0.021718573997912063,0.00452775343832684,0.009595394739709136,0.06804135535850082,0.10691975482343648
TR_levels_comparison,brent,8,0.0,0.0,0.0,0.0,0.0
TR_levels_comparison,vix,8,0.0,0.0,0.0,0.0,0.0
TR_levels_comparison,fedfunds,8,0.0,0.0,0.0,0.0,0.0
TR_levels_comparison,activity,8,0.00041259361435616354,0.00067517202564714,0.0018675328892325644,0.02103089510405456,0.05038598381420983
TR_levels_comparison,price,8,0.040250987269679635,0.005571374813024298,0.01717415446647301,0.10009605586641099,0.15413174569689958
TR_levels_comparison,policy,8,0.8482410983468316,0.5000631774080128,0.5824895632060662,0.7956204444572051,0.850029195488237
TR_levels_comparison,fx,8,0.026060103228381395,0.004385623407554314,0.009879763777235605,0.08005152704404889,0.11976861430855924
TR_levels_comparison,brent,9,0.0,0.0,0.0,0.0,0.0
TR_levels_comparison,vix,9,0.0,0.0,0.0,0.0,0.0
TR_levels_comparison,fedfunds,9,0.0,0.0,0.0,0.0,0.0
TR_levels_comparison,activity,9,0.00084687196898968,0.0008245983555306635,0.002173471995187542,0.024152827155026303,0.053387298899564076
TR_levels_comparison,price,9,0.04817534376978623,0.006818652546352645,0.021093159817336303,0.10896856704452816,0.16975224315133425
TR_levels_comparison,policy,9,0.8328301215551865,0.4628757283971818,0.5453884600317739,0.7756074718141395,0.8382330881229889
TR_levels_comparison,fx,9,0.030099605506845525,0.004339497976431615,0.010363736233442484,0.08965051912632008,0.13888987953144016
TR_levels_comparison,brent,10,0.0,0.0,0.0,0.0,0.0
TR_levels_comparison,vix,10,0.0,0.0,0.0,0.0,0.0
TR_levels_comparison,fedfunds,10,0.0,0.0,0.0,0.0,0.0
TR_levels_comparison,activity,10,0.0014514332923309281,0.0009376264789902368,0.002500150546666092,0.029051014535178134,0.06101825735948688
TR_levels_comparison,price,10,0.05533791541382076,0.007671337982003964,0.023510425028791335,0.11986526302448151,0.18811144049686004
TR_levels_comparison,policy,10,0.8150684187607442,0.42857162402590865,0.513541053993971,0.7546454993102144,0.8254995242806606
TR_levels_comparison,fx,10,0.03395841502441757,0.004263424244436801,0.010678791244354793,0.09995690196148917,0.15470557209455343
TR_levels_comparison,brent,11,0.0,0.0,0.0,0.0,0.0
TR_levels_comparison,vix,11,0.0,0.0,0.0,0.0,0.0
TR_levels_comparison,fedfunds,11,0.0,0.0,0.0,0.0,0.0
TR_levels_comparison,activity,11,0.002193513795233747,0.0010183564072691364,0.002880604222952546,0.03270876832720772,0.06806879453122486
TR_levels_comparison,price,11,0.06185517255728845,0.008304629989745276,0.02669503707509026,0.130926700719357,0.204960405491521
TR_levels_comparison,policy,11,0.7949805300874568,0.40324585477825525,0.48252175469581887,0.7327240119124675,0.8038491316758415
TR_levels_comparison,fx,11,0.037684435012833126,0.004493731053544912,0.01091005766680292,0.11042225958726612,0.16932460819021217
TR_levels_comparison,brent,12,0.0,0.0,0.0,0.0,0.0
TR_levels_comparison,vix,12,0.0,0.0,0.0,0.0,0.0
TR_levels_comparison,fedfunds,12,0.0,0.0,0.0,0.0,0.0
TR_levels_comparison,activity,12,0.003037693560202292,0.0012510785636810917,0.003267534363518777,0.03626487175407148,0.07254803164259713
TR_levels_comparison,price,12,0.06780036202598382,0.009319077336476243,0.02834966377781155,0.14241407373561898,0.22349273955702947
TR_levels_comparison,policy,12,0.7728287746149191,0.376220166381853,0.4562111482439578,0.7087061524811253,0.7799863258378492
TR_levels_comparison,fx,12,0.041269637838141277,0.004376244277874234,0.010917656114994416,0.1190272314361142,0.18655275400399793
TR_levels_comparison,brent,13,0.0,0.0,0.0,0.0,0.0
TR_levels_comparison,vix,13,0.0,0.0,0.0,0.0,0.0
TR_levels_comparison,fedfunds,13,0.0,0.0,0.0,0.0,0.0
TR_levels_comparison,activity,13,0.003951851500583604,0.001349916290906032,0.0033640960494296652,0.039124606515798875,0.08231309505906999
TR_levels_comparison,price,13,0.07320897552261266,0.01077252075591361,0.029920230134132062,0.1518211483513856,0.23594255150241075
TR_levels_comparison,policy,13,0.7490092401761063,0.35549054980164807,0.4312953385834716,0.6914768469831883,0.7648310207445596
TR_levels_comparison,fx,13,0.04468376044661644,0.004449787686468891,0.011656779094425359,0.12611358205186693,0.19991733385053112
TR_levels_comparison,brent,14,0.0,0.0,0.0,0.0,0.0
TR_levels_comparison,vix,14,0.0,0.0,0.0,0.0,0.0
TR_levels_comparison,fedfunds,14,0.0,0.0,0.0,0.0,0.0
TR_levels_comparison,activity,14,0.004908352045364637,0.0014986179629752634,0.003467797557404173,0.041755616847690726,0.08689925910385811
TR_levels_comparison,price,14,0.0781002848246743,0.011666851162479392,0.032434738070846715,0.16331612667145323,0.24457554743501037
TR_levels_comparison,policy,14,0.723995340977511,0.3295282737261805,0.40186629338525565,0.6752204611266815,0.7419459027990423
TR_levels_comparison,fx,14,0.04789633027334934,0.004725305139414406,0.012208814438129828,0.13423713574137863,0.21171668828520676
TR_levels_comparison,brent,15,0.0,0.0,0.0,0.0,0.0
TR_levels_comparison,vix,15,0.0,0.0,0.0,0.0,0.0
TR_levels_comparison,fedfunds,15,0.0,0.0,0.0,0.0,0.0
TR_levels_comparison,activity,15,0.005883904829866709,0.0015776380851612256,0.003702675983052425,0.04405309707093707,0.09662263888982417
TR_levels_comparison,price,15,0.08249206109189158,0.011995956280960729,0.032847164486217294,0.1719346091498248,0.2520600598752604
TR_levels_comparison,policy,15,0.698290374404736,0.31596838243131964,0.38018433076901625,0.657257888406921,0.7355494720645351
TR_levels_comparison,fx,15,0.05088469837367639,0.004562933692339562,0.012699559895376454,0.14181989054242172,0.22147929331648306
TR_levels_comparison,brent,16,0.0,0.0,0.0,0.0,0.0
TR_levels_comparison,vix,16,0.0,0.0,0.0,0.0,0.0
TR_levels_comparison,fedfunds,16,0.0,0.0,0.0,0.0,0.0
TR_levels_comparison,activity,16,0.00685935795664176,0.0017065832164796864,0.0042082222640451765,0.04649649950168948,0.10056765844750945
TR_levels_comparison,price,16,0.08640588072108807,0.012250418217456477,0.03401508229211216,0.18035279824857242,0.26066344782832973
TR_levels_comparison,policy,16,0.67238134518579,0.30002134605697794,0.35846027341582654,0.6395866390499984,0.7272871818742492
TR_levels_comparison,fx,16,0.053634112749500196,0.004765068918047403,0.013245454528128427,0.14899540070780537,0.23327970074159657
TR_levels_comparison,brent,17,0.0,0.0,0.0,0.0,0.0
TR_levels_comparison,vix,17,0.0,0.0,0.0,0.0,0.0
TR_levels_comparison,fedfunds,17,0.0,0.0,0.0,0.0,0.0
TR_levels_comparison,activity,17,0.007819513049608475,0.0018152920151653167,0.004364882366253102,0.04838911819339844,0.10216494582386808
TR_levels_comparison,price,17,0.08986694227462065,0.013926031625117654,0.034385775420985004,0.18750429092863832,0.26698985308721573
TR_levels_comparison,policy,17,0.6467009981936949,0.27622610417927435,0.3404051932132374,0.6203221156848273,0.7085401281828956
TR_levels_comparison,fx,17,0.056135454701831,0.005077639804437815,0.013889552086042896,0.15783778666943984,0.23828923262017426
TR_levels_comparison,brent,18,0.0,0.0,0.0,0.0,0.0
TR_levels_comparison,vix,18,0.0,0.0,0.0,0.0,0.0
TR_levels_comparison,fedfunds,18,0.0,0.0,0.0,0.0,0.0
TR_levels_comparison,activity,18,0.008752823370667628,0.0018332460631976777,0.00450130481892626,0.050516393881378435,0.10363260602080603
TR_levels_comparison,price,18,0.09290217862162825,0.014585708377284847,0.03424642819174459,0.19306539357085273,0.2736126581777994
TR_levels_comparison,policy,18,0.6216045736001509,0.2546773990620479,0.32222076895745916,0.6042788940403421,0.6967254333950725
TR_levels_comparison,fx,18,0.058383408739222376,0.005066973713221734,0.014555809474248664,0.16313941997365172,0.24234407895506718
TR_levels_comparison,brent,19,0.0,0.0,0.0,0.0,0.0
TR_levels_comparison,vix,19,0.0,0.0,0.0,0.0,0.0
TR_levels_comparison,fedfunds,19,0.0,0.0,0.0,0.0,0.0
TR_levels_comparison,activity,19,0.0096509346347165,0.0019835008159719146,0.004728465943421362,0.05266895139711993,0.10679889152205362
TR_levels_comparison,price,19,0.09553858954403688,0.01572205286175652,0.033802132122142024,0.19973500955551018,0.2825686274586277
TR_levels_comparison,policy,19,0.5973619919728224,0.24352695819201178,0.30302306366863885,0.5848128732209503,0.6819108118557349
TR_levels_comparison,fx,19,0.06037564748677367,0.005276670523673985,0.01508419304662031,0.16753615224557522,0.25041570803427404
TR_levels_comparison,brent,20,0.0,0.0,0.0,0.0,0.0
TR_levels_comparison,vix,20,0.0,0.0,0.0,0.0,0.0
TR_levels_comparison,fedfunds,20,0.0,0.0,0.0,0.0,0.0
TR_levels_comparison,activity,20,0.010508138328799207,0.0020209152938776265,0.00484040138218194,0.05540437080519619,0.11168962113560287
TR_levels_comparison,price,20,0.09780228431187812,0.01555930651611651,0.0337298223003241,0.2023891556999366,0.28775308039661013
TR_levels_comparison,policy,20,0.5741618018164343,0.2309009675356811,0.2856143089358979,0.5729392639866805,0.6732772016302034
TR_levels_comparison,fx,20,0.06211267107821941,0.005371522549807322,0.015293472801797802,0.16821658206296444,0.25665256384977203
TR_levels_comparison,brent,21,0.0,0.0,0.0,0.0,0.0
TR_levels_comparison,vix,21,0.0,0.0,0.0,0.0,0.0
TR_levels_comparison,fedfunds,21,0.0,0.0,0.0,0.0,0.0
TR_levels_comparison,activity,21,0.011320829263081447,0.0019929699481996887,0.0053357461909712845,0.05751816993699216,0.11124659689852136
TR_levels_comparison,price,21,0.09971808706333843,0.015159294300843722,0.03412166117347383,0.20572993909900558,0.29180170800762917
TR_levels_comparison,policy,21,0.552121941131441,0.21794827829758928,0.2716991252984027,0.5560232535864204,0.6623340790503386
TR_levels_comparison,fx,21,0.06359783063304422,0.005498335628505067,0.0153322208119723,0.16981006726500544,0.26559677789397884
TR_levels_comparison,brent,22,0.0,0.0,0.0,0.0,0.0
TR_levels_comparison,vix,22,0.0,0.0,0.0,0.0,0.0
TR_levels_comparison,fedfunds,22,0.0,0.0,0.0,0.0,0.0
TR_levels_comparison,activity,22,0.012087028383760618,0.0020255042345217918,0.005388345245183625,0.059422611126092206,0.10900236972352632
TR_levels_comparison,price,22,0.10130944244837388,0.015267038028717726,0.03458709912909638,0.20817543658976953,0.2957574141960591
TR_levels_comparison,policy,22,0.5313031523482769,0.20667293078224214,0.2615930104309353,0.5433380170592907,0.6540185526769546
TR_levels_comparison,fx,22,0.06483726387233908,0.005652025833209264,0.015815739424956926,0.17124932331080417,0.27235149569278005
TR_levels_comparison,brent,23,0.0,0.0,0.0,0.0,0.0
TR_levels_comparison,vix,23,0.0,0.0,0.0,0.0,0.0
TR_levels_comparison,fedfunds,23,0.0,0.0,0.0,0.0,0.0
TR_levels_comparison,activity,23,0.012805991985787257,0.0020572870354411224,0.005538548290327514,0.06166240047815842,0.11044178035347266
TR_levels_comparison,price,23,0.10259844177361939,0.01560628528951316,0.03492744121273887,0.20800310337771238,0.2994658997673601
TR_levels_comparison,policy,23,0.5117223407295011,0.19554909933400305,0.2483984959902172,0.5348800096934654,0.6486636243189562
TR_levels_comparison,fx,23,0.0658396712640771,0.005646927490299722,0.016049672261880726,0.17185530238894714,0.2750432624556736
TR_levels_comparison,brent,24,0.0,0.0,0.0,0.0,0.0
TR_levels_comparison,vix,24,0.0,0.0,0.0,0.0,0.0
TR_levels_comparison,fedfunds,24,0.0,0.0,0.0,0.0,0.0
TR_levels_comparison,activity,24,0.013477902745513339,0.002128620403428889,0.005685977706276344,0.06391301818268699,0.11359125764424427
TR_levels_comparison,price,24,0.10360588868673426,0.01582670782421652,0.03420624479687689,0.20635165482680218,0.301721584929199
TR_levels_comparison,policy,24,0.4933644543212219,0.18532380566493248,0.23751604291775105,0.5253116382173953,0.6419055033075225
TR_levels_comparison,fx,24,0.06661596686974842,0.005742614864472472,0.016376933409533705,0.1742943450068526,0.27627429123201885
TR_levels_comparison,brent,25,0.0,0.0,0.0,0.0,0.0
TR_levels_comparison,vix,25,0.0,0.0,0.0,0.0,0.0
TR_levels_comparison,fedfunds,25,0.0,0.0,0.0,0.0,0.0
TR_levels_comparison,activity,25,0.014103628139689928,0.002132099827452943,0.005691477218134427,0.0646567859542026,0.11198188826566
TR_levels_comparison,price,25,0.10435138067357355,0.015360449889960076,0.034873874177315446,0.21032224089053755,0.3056336982784173
TR_levels_comparison,policy,25,0.4761923367387184,0.17626648071707418,0.22639158319577746,0.5173330576906515,0.6350322672346882
TR_levels_comparison,fx,25,0.06717886402114981,0.005799589167064798,0.016369189080107843,0.17652658348809053,0.2759796895555859
TR_levels_comparison,brent,26,0.0,0.0,0.0,0.0,0.0
TR_levels_comparison,vix,26,0.0,0.0,0.0,0.0,0.0
TR_levels_comparison,fedfunds,26,0.0,0.0,0.0,0.0,0.0
TR_levels_comparison,activity,26,0.01468453155394076,0.0020743330000143924,0.005830942886003348,0.06524202673191849,0.1119775133561047
TR_levels_comparison,price,26,0.10485340228798097,0.015586023142251552,0.034839208668818074,0.21294530705172277,0.30818771991501276
TR_levels_comparison,policy,26,0.4601545044494416,0.16838808141233008,0.21784408292570215,0.512800556420432,0.6296011362152203
TR_levels_comparison,fx,26,0.06754244424109306,0.00596986391828816,0.01615440943161947,0.17772305948600658,0.27516247316593284
TR_levels_comparison,brent,27,0.0,0.0,0.0,0.0,0.0
TR_levels_comparison,vix,27,0.0,0.0,0.0,0.0,0.0
TR_levels_comparison,fedfunds,27,0.0,0.0,0.0,0.0,0.0
TR_levels_comparison,activity,27,0.015222324444689905,0.0021300959958789937,0.005974444772785262,0.0675895162664698,0.11367369546007344
TR_levels_comparison,price,27,0.10512942722456017,0.0147639349293782,0.03455989294152324,0.21474593848655113,0.3095395266599373
TR_levels_comparison,policy,27,0.445191047501104,0.16107243749354308,0.2126181928371898,0.5049270488376189,0.6244518203635264
TR_levels_comparison,fx,27,0.06772173905032704,0.005949792020023384,0.0165738284389628,0.17692601650345224,0.27528163158933544
TR_levels_comparison,brent,28,0.0,0.0,0.0,0.0,0.0
TR_levels_comparison,vix,28,0.0,0.0,0.0,0.0,0.0
TR_levels_comparison,fedfunds,28,0.0,0.0,0.0,0.0,0.0
TR_levels_comparison,activity,28,0.01571895097637093,0.002226445986901214,0.006050797937192763,0.06979571932766254,0.11439296106316549
TR_levels_comparison,price,28,0.10519602328633704,0.013959708933276574,0.034484062715631716,0.21349018656625948,0.3099874932198469
TR_levels_comparison,policy,28,0.4312379503847415,0.15654521470786129,0.20739493282418903,0.4993863030962136,0.6206574360866736
TR_levels_comparison,fx,28,0.06773234090834902,0.0059695029315136455,0.016547152354341673,0.17834407548844447,0.2750405986303152
TR_levels_comparison,brent,29,0.0,0.0,0.0,0.0,0.0
TR_levels_comparison,vix,29,0.0,0.0,0.0,0.0,0.0
TR_levels_comparison,fedfunds,29,0.0,0.0,0.0,0.0,0.0
TR_levels_comparison,activity,29,0.01617649865871003,0.002218387627918832,0.006082594825454089,0.07084190013713158,0.11460379287076344
TR_levels_comparison,price,29,0.10506895294609438,0.01340273569807551,0.034298587160627045,0.21309966870229916,0.3112968067110558
TR_levels_comparison,policy,29,0.4182301460623634,0.15392270424583546,0.19887488223102623,0.49234089524435076,0.61777153999723
TR_levels_comparison,fx,29,0.06759005251325431,0.005872786553817108,0.016387487852123878,0.17905682563816575,0.2744329642377677
TR_levels_comparison,brent,30,0.0,0.0,0.0,0.0,0.0
TR_levels_comparison,vix,30,0.0,0.0,0.0,0.0,0.0
TR_levels_comparison,fedfunds,30,0.0,0.0,0.0,0.0,0.0
TR_levels_comparison,activity,30,0.016597129825260747,0.0022578288500916654,0.006267431709166391,0.07108659466682654,0.1156369447104162
TR_levels_comparison,price,30,0.10476326324444063,0.01234841612304106,0.034141539685096846,0.21232518378027745,0.31046663188036816
TR_levels_comparison,policy,30,0.4061035915173351,0.14854317316684665,0.19312946279056845,0.48427162782889743,0.6165288623588819
TR_levels_comparison,fx,30,0.06731058021614218,0.005916978521006217,0.0164656226695341,0.17794689682297213,0.27272191044584215
TR_levels_comparison,brent,31,0.0,0.0,0.0,0.0,0.0
TR_levels_comparison,vix,31,0.0,0.0,0.0,0.0,0.0
TR_levels_comparison,fedfunds,31,0.0,0.0,0.0,0.0,0.0
TR_levels_comparison,activity,31,0.016983029704379697,0.0022491879096387946,0.006301552701117615,0.07083432967378404,0.11435970215552262
TR_levels_comparison,price,31,0.10429336102769698,0.011597324836490295,0.03414292854477107,0.21243049391944768,0.3084041798097886
TR_levels_comparison,policy,31,0.39479661079238754,0.14315295802691547,0.18839347739554863,0.4807656584785587,0.6153371095579213
TR_levels_comparison,fx,31,0.06690927493835845,0.005719510312166233,0.01637281067773529,0.17603957095469003,0.2719309664579621
TR_levels_comparison,brent,32,0.0,0.0,0.0,0.0,0.0
TR_levels_comparison,vix,32,0.0,0.0,0.0,0.0,0.0
TR_levels_comparison,fedfunds,32,0.0,0.0,0.0,0.0,0.0
TR_levels_comparison,activity,32,0.017336367579850593,0.0022467013821152503,0.0064785121085928895,0.07259712110253916,0.11733750904859297
TR_levels_comparison,price,32,0.10367307184874175,0.010934469703755775,0.033450930773216786,0.21171112890760402,0.30566834614550986
TR_levels_comparison,policy,32,0.3842507046592247,0.13569052838228113,0.18283772553657332,0.47604046948982287,0.6136558886229337
TR_levels_comparison,fx,32,0.06640092168702101,0.005505264923033699,0.016344365362290645,0.17522911869961844,0.27034220955058536
TR_levels_comparison,brent,33,0.0,0.0,0.0,0.0,0.0
TR_levels_comparison,vix,33,0.0,0.0,0.0,0.0,0.0
TR_levels_comparison,fedfunds,33,0.0,0.0,0.0,0.0,0.0
TR_levels_comparison,activity,33,0.017659268201266294,0.002231844695765944,0.0066433812779371545,0.07257367805721693,0.11934919227999423
TR_levels_comparison,price,33,0.10291568266177265,0.010815168221134736,0.03302731699539144,0.21276741624133863,0.30352804786999643
TR_levels_comparison,policy,33,0.3744109820257154,0.130891640962123,0.17596425956479042,0.4688782301644613,0.6046719324717441
TR_levels_comparison,fx,33,0.06579957650895372,0.005324028075364379,0.016120590798992224,0.17517671960602904,0.26978005546250716
TR_levels_comparison,brent,34,0.0,0.0,0.0,0.0,0.0
TR_levels_comparison,vix,34,0.0,0.0,0.0,0.0,0.0
TR_levels_comparison,fedfunds,34,0.0,0.0,0.0,0.0,0.0
TR_levels_comparison,activity,34,0.01795379118417473,0.0022300184632119955,0.006835960069074098,0.07248065261017976,0.11959474988257782
TR_levels_comparison,price,34,0.1020339696393854,0.010479647610529438,0.03274575271308539,0.21319516665812518,0.30040513761227783
TR_levels_comparison,policy,34,0.3652263302885105,0.12556958565640303,0.17192736308182763,0.46732115733150076,0.5959688110828173
TR_levels_comparison,fx,34,0.0651184477930464,0.005145939811040376,0.016334367347365566,0.17384545021983377,0.26602543927166505
TR_levels_comparison,brent,35,0.0,0.0,0.0,0.0,0.0
TR_levels_comparison,vix,35,0.0,0.0,0.0,0.0,0.0
TR_levels_comparison,fedfunds,35,0.0,0.0,0.0,0.0,0.0
TR_levels_comparison,activity,35,0.018221916622925497,0.0023623624523385037,0.007068403570639413,0.07264091220759784,0.1209921167175935
TR_levels_comparison,price,35,0.10104021314406536,0.010121189962891627,0.03262189073859131,0.21004151971292517,0.2988171699383951
TR_levels_comparison,policy,35,0.3566494110571645,0.12045984869483416,0.16824084235323183,0.46484104478358956,0.592935358380698
TR_levels_comparison,fx,35,0.06436981744410862,0.005113174285766884,0.016381571373639055,0.1732020328631513,0.2637436756186481
TR_levels_comparison,brent,36,0.0,0.0,0.0,0.0,0.0
TR_levels_comparison,vix,36,0.0,0.0,0.0,0.0,0.0
TR_levels_comparison,fedfunds,36,0.0,0.0,0.0,0.0,0.0
TR_levels_comparison,activity,36,0.018465535524109466,0.002452426340180923,0.007184490115194751,0.07248184500131914,0.1208533351285976
TR_levels_comparison,price,36,0.09994620224576799,0.010037200924441948,0.03246317707158609,0.20763797297378236,0.2969754230091276
TR_levels_comparison,policy,36,0.34863654366112556,0.11639747145984881,0.16429716765524766,0.45895963970210124,0.5908962310429892
TR_levels_comparison,fx,36,0.06356499665340053,0.005114739526150383,0.016343656724955764,0.17095107714457977,0.26507356508133756
EA_BIC,brent,1,0.0,0.0,0.0,0.0,0.0
EA_BIC,vix,1,0.0,0.0,0.0,0.0,0.0
EA_BIC,activity,1,0.0,0.0,0.0,0.0,0.0
EA_BIC,price,1,0.0,0.0,0.0,0.0,0.0
EA_BIC,policy,1,0.8578962700417454,0.7468762627156224,0.7878940609951616,0.8908797536934234,0.9162534903237908
EA_BIC,fx,1,0.05583282310380019,0.011704175316241046,0.023751632440718207,0.09281806745059037,0.1143365382239517
EA_BIC,brent,2,0.00010374718560700647,4.6812534601262095e-07,6.9927741317136164e-06,0.00030129306957864363,0.0006495131579474892
EA_BIC,vix,2,2.0308449950054343e-05,9.526836933855258e-07,6.419686234805847e-06,0.0002796211801650304,0.0005265048878225335
EA_BIC,activity,2,9.583961145748883e-06,7.194793158805725e-07,4.750174550239399e-06,0.0002208049331528899,0.0004341249961977564
EA_BIC,price,2,1.712746297202102e-05,5.699127974749994e-07,6.466486160793201e-06,0.00032262500958518176,0.0007735872684578437
EA_BIC,policy,2,0.8301691991795389,0.6961480397553207,0.7387142882171693,0.8627028314210701,0.8943397146090263
EA_BIC,fx,2,0.05912250911580052,0.014055996458478787,0.026637057014031025,0.09505554177724783,0.11801551830892372
EA_BIC,brent,3,0.00033954622254246675,2.5448808430140307e-06,2.002397674583273e-05,0.0009308447134388559,0.0020714833824643105
EA_BIC,vix,3,7.374790791290223e-05,2.9641048852676226e-06,2.1430764655721737e-05,0.0009820459932702833,0.0017475038216647762
EA_BIC,activity,3,2.6059406721646175e-05,2.446289629228186e-06,1.4174892306511042e-05,0.0006799678805279578,0.001279097495677295
EA_BIC,price,3,4.359112119702398e-05,2.3695140874292376e-06,1.8503719100795216e-05,0.0009987926661452992,0.00243272057284459
EA_BIC,policy,3,0.7995141669429007,0.6444986387457323,0.6885323353706375,0.835901977140894,0.8687111215956498
EA_BIC,fx,3,0.062456543494062086,0.01591160899103678,0.028174640338062613,0.09659626277575996,0.12271939856531626
EA_BIC,brent,4,0.0007010932768715573,6.9812039533126115e-06,3.6705392759217085e-05,0.001817100718374384,0.0037626432753572747
EA_BIC,vix,4,0.00016719272765657945,6.822543573759444e-06,4.61506713823759e-05,0.002013629739910348,0.003740840431351855
EA_BIC,activity,4,4.4291106964590024e-05,6.775524997826618e-06,2.7338880206432346e-05,0.0012507609066200016,0.002480078011922268
EA_BIC,price,4,7.02491649377169e-05,5.329006509608042e-06,3.760780109944311e-05,0.0018846149126710572,0.004808856710532576
EA_BIC,policy,4,0.7673709587788633,0.5900298215228754,0.6405379003890351,0.8068080668363911,0.8456890054510571
EA_BIC,fx,4,0.06583828688645135,0.017451304159071347,0.029735862323154557,0.10058551956681683,0.12796840942199836
EA_BIC,brent,5,0.0011813028573469848,1.3175148176826483e-05,6.89386991814144e-05,0.0030246222029386384,0.005881087123951921
EA_BIC,vix,5,0.00030642921025517123,1.479243984580721e-05,7.937939043089652e-05,0.0034319194036679965,0.006513647224418144
EA_BIC,activity,5,6.0634151619231455e-05,1.1007434703781665e-05,4.448456240346729e-05,0.0020672041003805077,0.004045882998418788
EA_BIC,price,5,9.266110131349194e-05,1.0716565726682382e-05,6.032510581967559e-05,0.00295025677641329,0.007723700445955479
EA_BIC,policy,5,0.734863829418034,0.541385828343791,0.5941777253806104,0.7789864435449828,0.8170673910070301
EA_BIC,fx,5,0.06927019743154085,0.018591048489544324,0.03170188050515374,0.10445666369036657,0.1347902050855145
EA_BIC,brent,6,0.0017727038774452404,2.2880177070493807e-05,0.0001074505479195617,0.004388577420472542,0.008491999596743337
EA_BIC,vix,6,0.0004957344089055524,2.276689797326056e-05,0.00014148128704146674,0.0052592426708254255,0.010031214411699005
EA_BIC,activity,6,7.293497552355305e-05,1.7841684112070223e-05,6.0128422015951825e-05,0.0029757608015141645,0.005997311626415681
EA_BIC,price,6,0.00010922610636624174,1.774622064061327e-05,9.197754885871014e-05,0.004225595228628456,0.010832504719319052
EA_BIC,policy,6,0.7028207231824901,0.49139908623936274,0.5539731566187661,0.7505445788015443,0.7913004992221438
EA_BIC,fx,6,0.07275386578889127,0.020156732139934547,0.03379779585383322,0.10866825765209212,0.13997347852537723
EA_BIC,brent,7,0.002467665903714164,3.427698183027213e-05,0.00016739916259022822,0.005880103353984774,0.0115643488913217
EA_BIC,vix,7,0.0007375946323535187,3.0392488679764514e-05,0.00019572023325891398,0.007249518634690658,0.014071893304096736
EA_BIC,activity,7,8.036808363638646e-05,2.952546852355754e-05,8.701729522519067e-05,0.0038929740219182307,0.007530482274493706
EA_BIC,price,7,0.00011988580988678704,2.325470114297355e-05,0.00013493695891728143,0.005667514314224337,0.014104773673220723
EA_BIC,policy,7,0.671815526441195,0.44898410426236574,0.5131500891144154,0.7198465416219512,0.7682051574449216
EA_BIC,fx,7,0.07629003484494389,0.020537507208719254,0.03536972372663496,0.11480008273528493,0.14695171914757438
EA_BIC,brent,8,0.0032585275658761283,4.551271774607557e-05,0.0002139060090509825,0.007467871028895368,0.015047999457585042
EA_BIC,vix,8,0.001032598400244878,3.4421616878228486e-05,0.0002607397992813659,0.00951353055993375,0.017823546378654055
EA_BIC,activity,8,8.319841799327538e-05,3.822727412154699e-05,0.00011626604494104653,0.00489206787041707,0.010083277770311889
EA_BIC,price,8,0.00012532189551143057,2.8158152431962605e-05,0.00018381319386375045,0.007312203787733753,0.017458729130563715
EA_BIC,policy,8,0.6422179756812413,0.4088919392535203,0.4777919745974613,0.6912810220122761,0.7460134577621131
EA_BIC,fx,8,0.07987860542946991,0.019930742110797754,0.03628421666956529,0.12133208877024679,0.1535932451104544
EA_BIC,brent,9,0.004137676890583727,6.315510106367274e-05,0.0002725848840330497,0.009117414714066864,0.018649052848162453
EA_BIC,vix,9,0.0013795071043350101,5.0462903505604336e-05,0.0003174757981079275,0.011513037292095286,0.02138275289604062
EA_BIC,activity,9,8.252517900055324e-05,4.529094635567702e-05,0.00015525031600655939,0.005853561672193724,0.01201386628648568
EA_BIC,price,9,0.000126496875258402,4.148566674109138e-05,0.000227838574863858,0.008971446603421319,0.021634717376296745
EA_BIC,policy,9,0.6142418473947869,0.3803889995160698,0.4469232039585852,0.6651536315853925,0.725446175361968
EA_BIC,fx,9,0.08351863198984268,0.019646068261085753,0.03813310176259608,0.1283699940795001,0.16338828320332047
EA_BIC,brent,10,0.005097613254874305,7.734959438871141e-05,0.00037647096170780156,0.01088021394381102,0.021761243617239866
EA_BIC,vix,10,0.0017754767712479527,6.812686113736353e-05,0.0004026530919735321,0.013705804571892573,0.025472348089121168
EA_BIC,activity,10,8.003670356238934e-05,5.4197280901418015e-05,0.00019056620527744254,0.006869991301492143,0.01412050194970481
EA_BIC,price,10,0.00012440902178886628,4.519302499803866e-05,0.0002807179548241201,0.010598504678313603,0.026616144644429376
EA_BIC,policy,10,0.5879867835784712,0.35237267669470645,0.419248775383009,0.6426771836916905,0.7061638677871308
EA_BIC,fx,10,0.08720831318047993,0.01943143732085372,0.03930798802359189,0.13319996770366963,0.17153203612328793
EA_BIC,brent,11,0.006131005286049367,9.40468576409594e-05,0.000449676711250109,0.012551868778861469,0.025001866012121173
EA_BIC,vix,11,0.0022163837213745687,8.71981934407704e-05,0.0004826358771442666,0.015910689807500055,0.029682940422872763
EA_BIC,activity,11,7.778982198582311e-05,6.60152678675934e-05,0.00024052000855437862,0.008438664550349494,0.016462154894021443
EA_BIC,price,11,0.00011997308431829486,4.447870966573006e-05,0.0003003219660612836,0.012560401221611318,0.030487092100910145
EA_BIC,policy,11,0.5634722124664754,0.33060552120464387,0.3912543305319263,0.6211719913297591,0.6934185080468217
EA_BIC,fx,11,0.0909449824069842,0.021122136845168858,0.04059878097164358,0.13849360108458442,0.17516152596697757
EA_BIC,brent,12,0.007230748745738661,0.00012122134799105762,0.0005339005666371632,0.014689341388134266,0.029172542527997232
EA_BIC,vix,12,0.0026971992311925577,0.00010158711216907083,0.000582368823966083,0.018137011504007802,0.03295970809952062
EA_BIC,activity,12,7.801871064377597e-05,9.339670065802773e-05,0.0003099623320933554,0.009906811164734972,0.019286009457913453
EA_BIC,price,12,0.00011397163014517828,4.751876460144501e-05,0.0003316744068438734,0.014594867204882714,0.034967932147054626
EA_BIC,policy,12,0.5406635701965071,0.3140666627526354,0.3674478910662007,0.6019110413702103,0.6718540482276736
EA_BIC,fx,12,0.09472510293351143,0.022103366305135583,0.0415049308797736,0.1441123485703497,0.18248556780098363
EA_BIC,brent,13,0.008390022588082389,0.0001404163390024621,0.0006267449711878505,0.01660242720047678,0.03275723775842668
EA_BIC,vix,13,0.0032123626830127218,0.0001223598977562605,0.0006873400465145088,0.020247235510903412,0.037195556176884505
EA_BIC,activity,13,8.297456329536272e-05,0.00011637275425348407,0.0003741387605572792,0.011212406372056411,0.022060453747830933
EA_BIC,price,13,0.00010704422247220543,5.952905137300905e-05,0.00036251276207977553,0.016584771316724426,0.03889343939145114
EA_BIC,policy,13,0.5194918388192425,0.29264962131397865,0.34375756926989726,0.5832645564678075,0.6569236973659103
EA_BIC,fx,13,0.09854427146687006,0.021265381141096593,0.0428899938654085,0.14956195085415058,0.19199767998350864
EA_BIC,brent,14,0.00960233894183304,0.00018096027162054659,0.0007469886137781862,0.018017349823202147,0.03588131893412278
EA_BIC,vix,14,0.0037561151258703224,0.00015433785654470552,0.0008120870016536293,0.022375235198392348,0.039632445427921284
EA_BIC,activity,14,9.479599127067367e-05,0.00013733570129566245,0.0004551859149988493,0.012355466220961795,0.025655258388995714
EA_BIC,price,14,9.969553385899088e-05,6.887411675176905e-05,0.0004271867074490443,0.018667423065933896,0.042929501140653435
EA_BIC,policy,14,0.4998676653522867,0.27616587781624496,0.3281617144588386,0.5662240203674002,0.6439295032168175
EA_BIC,fx,14,0.10239723331722979,0.02121609625585124,0.045045779826839494,0.15410304842238098,0.20021508081546432
EA_BIC,brent,15,0.010861582638104855,0.00022373098265326312,0.0008554620639091739,0.019845896361308745,0.039075907721161325
EA_BIC,vix,15,0.0043227706859144425,0.00017030772577496424,0.0009378830942694742,0.02468946062565345,0.042373772411208425
EA_BIC,activity,15,0.0001154094346828746,0.00015258254025327474,0.0005599721185011953,0.013936067039547013,0.02885520922329702
EA_BIC,price,15,9.231178293284936e-05,7.391918395056213e-05,0.0005285812442786611,0.020621692955976392,0.047153917433789105
EA_BIC,policy,15,0.4816912831725895,0.2584382903087277,0.3125595659008583,0.5512718212256943,0.6299637929826521
EA_BIC,fx,15,0.1062779113850381,0.021773032916106792,0.04614925006984418,0.1604511870395074,0.2102996632625436
EA_BIC,brent,16,0.012162037106663257,0.0002499527942674373,0.0010970932632541665,0.0217860117178818,0.042079636425041936
EA_BIC,vix,16,0.0049069177008514925,0.00019530087669656138,0.0010042884413334733,0.026311448422535282,0.04536489651609718
EA_BIC,activity,16,0.000146458302184228,0.00017679845915087637,0.0006623595771786864,0.015324099795734228,0.03206714463670988
EA_BIC,price,16,8.517972284822171e-05,7.31841921674733e-05,0.0005694013048652516,0.02303230864198964,0.05174374259513911
EA_BIC,policy,16,0.4648592872645865,0.24474799533751057,0.29902584895683276,0.5355932457224799,0.6169089667131711
EA_BIC,fx,16,0.1101794503813503,0.021664466830597542,0.04641384058479029,0.16526149920893934,0.2196719215922277
EA_BIC,brent,17,0.013498395211735409,0.0003115072824208432,0.0012128275890840416,0.02305589166504422,0.046277609014903985
EA_BIC,vix,17,0.0055035523777966205,0.00023980465215913898,0.0011401641799285056,0.02848836746182454,0.04831819605274381
EA_BIC,activity,17,0.00018925884478908107,0.0001981574855849895,0.0007218454252058302,0.016107981083155327,0.03501496923145338
EA_BIC,price,17,7.850519624999147e-05,7.870958496922614e-05,0.0006089371467458374,0.025445736491338824,0.056683817254715885
EA_BIC,policy,17,0.4492691109649595,0.23339736302701217,0.2861410454414573,0.5208583115713741,0.6057223946267444
EA_BIC,fx,17,0.11409427687831103,0.022086979693562374,0.04698931984316566,0.17127588507419236,0.22822440476505998
EA_BIC,brent,18,0.014865755342485812,0.00036450916483658243,0.0012967320625534187,0.02467034259276911,0.05126921565754714
EA_BIC,vix,18,0.006108154464319698,0.0002694426069397578,0.001259807576994731,0.030765800177987183,0.05109060888150825
EA_BIC,activity,18,0.000244779971235205,0.00024037556401314926,0.0008211825488864168,0.01696915889578063,0.0380985157754822
EA_BIC,price,18,7.242985135264476e-05,8.616310553848005e-05,0.0006458597468100095,0.027837849082042617,0.06085338705381424
EA_BIC,policy,18,0.43482185899198644,0.22102507652204953,0.2741342498973866,0.5102583883969813,0.59781553595819
EA_BIC,fx,18,0.11801417502218765,0.022379297007427856,0.0484058325195605,0.17730703188350422,0.23527450295427388
EA_BIC,brent,19,0.016259604484404905,0.00038588052953022946,0.0015433824439401568,0.027524347599151514,0.053817542326411165
EA_BIC,vix,19,0.006716717344869027,0.0003237684673020378,0.0014124003285132154,0.033144343381488334,0.053810025412018514
EA_BIC,activity,19,0.0003136434873395367,0.00030194509118860346,0.0008642805082406121,0.018241487072466585,0.041065386709074884
EA_BIC,price,19,6.704549030282752e-05,0.00010502165590063618,0.0007051656521466293,0.03032687548790014,0.06555469679878065
EA_BIC,policy,19,0.4214239877361539,0.21077209305672973,0.2638201218558389,0.49782644083773425,0.5901778746907783
EA_BIC,fx,19,0.12193037703396428,0.023676112662210102,0.049918860544655747,0.1810864450613003,0.24334668330199616
EA_BIC,brent,20,0.01767579093153374,0.0004240559639672282,0.0017079425864597755,0.029691513760129143,0.0581708142284044
EA_BIC,vix,20,0.007325745157549541,0.00038267074436758064,0.0015218497058097444,0.034599457520151096,0.055936562738206796
EA_BIC,activity,20,0.00039614073856312934,0.0003426671952880108,0.0009126065263682603,0.01937731385081622,0.04312738553905358
EA_BIC,price,20,6.240598973370749e-05,0.00012081610650527829,0.0007503702318366421,0.03347401556429048,0.07143232690872166
EA_BIC,policy,20,0.4089881929056195,0.20020078720055132,0.2541720424896027,0.4900852895226577,0.5773087959294636
EA_BIC,fx,20,0.12583366698290843,0.024576947441355804,0.05053922773170931,0.18685141105845934,0.25375245171713423
EA_BIC,brent,21,0.01911048974558947,0.00043256487793704677,0.0017812710559521323,0.03197363611548133,0.06197260214708582
EA_BIC,vix,21,0.007932228073141333,0.0003893675606511289,0.001695737915865334,0.03666071276787618,0.05857503172160674
EA_BIC,activity,21,0.0004922614394760511,0.0004095363409206781,0.0010919156385615638,0.02094495746039825,0.046102930750749255
EA_BIC,price,21,5.853696755218788e-05,0.00013326604281143712,0.000807430642046645,0.03601084163349225,0.07731579087999113
EA_BIC,policy,21,0.397433764051809,0.19064093681088015,0.24605998656103745,0.4805181847672683,0.5655153682761734
EA_BIC,fx,21,0.12971449575890354,0.025559053104837047,0.05162322727810461,0.1925115538373681,0.26125134812753265
EA_BIC,brent,22,0.020560164099017147,0.00045625613537675965,0.0019996077749807246,0.03427308663937253,0.06465196188192814
EA_BIC,vix,22,0.008533604696156376,0.00044035867381359163,0.0017738677171162598,0.03817796648119008,0.05942989876927385
EA_BIC,activity,22,0.0006017305977538657,0.00044329044185003165,0.0012314439234499704,0.02238725172063284,0.04785986607181067
EA_BIC,price,22,5.5443471142049586e-05,0.00014555302649627637,0.0008805448020620457,0.038970156716312945,0.0833373702866516
EA_BIC,policy,22,0.3866865902670366,0.18389720992182637,0.23767590450359283,0.4724164461677992,0.555360489052194
EA_BIC,fx,22,0.13356310470305113,0.02576333074763738,0.05296692815193639,0.19788606424087,0.26743926966821074
EA_BIC,brent,23,0.022021525365231064,0.00046689984278405896,0.0021516133104818188,0.03648994248055492,0.06839926857917335
EA_BIC,vix,23,0.009127718255821045,0.000475640642125428,0.0018383470784921793,0.03972567967708271,0.05997641919397005
EA_BIC,activity,23,0.0007240498352045371,0.00048268590238088416,0.0013510292429169267,0.023577441281464065,0.049662806367206144
EA_BIC,price,23,5.3115989942920615e-05,0.0001591186928319129,0.0009517122373738936,0.041226352165477424,0.08949682865456193
EA_BIC,policy,23,0.3766789461451073,0.17815269740642212,0.2297324774269073,0.4633094505336808,0.5484012059457019
EA_BIC,fx,23,0.13736965499648385,0.02665302644106205,0.05347108611180641,0.20046823165807584,0.2717853424134992
EA_BIC,brent,24,0.023491494356912074,0.0005024641022898825,0.0022669374158418255,0.03923444057901381,0.07229545510704077
EA_BIC,vix,24,0.009712771204478969,0.0005239377527419233,0.0020105633579653617,0.04068274375441137,0.06004052130665646
EA_BIC,activity,24,0.0008585399902835561,0.0005354939370466544,0.0014299821669281675,0.025262994550415602,0.05203613691064658
EA_BIC,price,24,5.15350846402659e-05,0.00017242914091523902,0.001074066530277912,0.04337285253881569,0.09578504429285313
EA_BIC,policy,24,0.36734914718614414,0.174141101328162,0.22457788116724664,0.45439365189917114,0.5378014478007407
EA_BIC,fx,24,0.1411243596663423,0.027419578901524688,0.05474976228167593,0.20365328277712696,0.27497072706805875
EA_BIC,brent,25,0.02496716556395412,0.0005414045914500118,0.0022965845020883123,0.04119374211495989,0.07615442726626508
EA_BIC,vix,25,0.010287281182551875,0.0005669783979575043,0.002150555348892616,0.041748379030194196,0.062144522415490205
EA_BIC,activity,25,0.0010043825618162175,0.0006283574168661384,0.0015506303519853715,0.02704826898006592,0.053438665332917294
EA_BIC,price,25,5.067489615752998e-05,0.0001840586773793405,0.0012072898235808741,0.045924887137872315,0.10219133562573104
EA_BIC,policy,25,0.3586411353131649,0.1704816665444909,0.2170254677448529,0.4467158968260905,0.5303150569980554
EA_BIC,fx,25,0.14481761495401818,0.027648117745706018,0.055862690305854154,0.20809253964732938,0.27903246352859706
EA_BIC,brent,26,0.026445775684586482,0.0005544029514642863,0.0024650637074168395,0.04280316424737578,0.07871394185964255
EA_BIC,vix,26,0.010850040065691156,0.0005852508406834768,0.0022504333935947003,0.04185378794358026,0.06272219851562828
EA_BIC,activity,26,0.0011606582378220938,0.0006944194558777281,0.0017202738465245176,0.027849200798724844,0.05465204451784289
EA_BIC,price,26,5.050576172659755e-05,0.0001971637427750018,0.001234277373641796,0.049150895921168884,0.10865968598619269
EA_BIC,policy,26,0.3505040350037581,0.1644878369757198,0.21214900906827067,0.4408678899355301,0.5228192746014704
EA_BIC,fx,26,0.1484401278078038,0.027555819122055254,0.058250593364688456,0.21218172106759764,0.2803408056086655
EA_BIC,brent,27,0.027924677229023642,0.0005755271656990063,0.002516906354485337,0.04454456164986757,0.08181870670268937
EA_BIC,vix,27,0.011400076935874243,0.000605787278075026,0.0023489154259218837,0.04301687926813121,0.06370453243502447
EA_BIC,activity,27,0.0013263813825552403,0.0007533977384623545,0.0018755208922203632,0.02965504661838802,0.05566725122084512
EA_BIC,price,27,5.0996128784089164e-05,0.00021567736048578025,0.001249640212125816,0.051999181236204645,0.11508634778135876
EA_BIC,policy,27,0.342891706416696,0.1591235750787642,0.20718816802155987,0.4357470361723581,0.519261777552339
EA_BIC,fx,27,0.1519830364078545,0.02751567788884304,0.05921702831197119,0.21351708925993454,0.2812839501929111
EA_BIC,brent,28,0.029401317534844804,0.0005969128208442507,0.002735727052148024,0.04583069603715923,0.08274841237962414
EA_BIC,vix,28,0.011936625241636405,0.0006106594263799078,0.0024344283683678377,0.04344120544604899,0.06484568825647216
EA_BIC,activity,28,0.001500529889290623,0.000785797286935,0.002017246336241601,0.030652951223447963,0.05760723574414803
EA_BIC,price,28,5.211392349142054e-05,0.00022858672873465028,0.0012709732849363743,0.05422566638145964,0.12175661724456659
EA_BIC,policy,28,0.33576231209748014,0.15554425948049772,0.2032459486233067,0.4286597980964064,0.5153405460638959
EA_BIC,fx,28,0.15543802089728379,0.02752183841669281,0.0600184720966436,0.21723355373592587,0.2842742278857828
EA_BIC,brent,29,0.03087322317969276,0.0006322817282924135,0.0028875626641276532,0.04751335494326075,0.08654883368341143
EA_BIC,vix,29,0.012459094058251265,0.0006261332763573797,0.0025764378970155213,0.043820064867117155,0.06595273585043222
EA_BIC,activity,29,0.0016820702282563638,0.0008089934193191028,0.002086512723023742,0.032601187573069595,0.05958572996991206
EA_BIC,price,29,5.382750071748095e-05,0.00025283984803705414,0.001322791434850704,0.05644379629622168,0.12872478043974164
EA_BIC,policy,29,0.3290779071266618,0.15394869415622808,0.20028071275665546,0.4221821966194219,0.509626463012435
EA_BIC,fx,29,0.15879740186440885,0.02757418129860677,0.060723536270993826,0.22043623888262703,0.2884934871432853
EA_BIC,brent,30,0.032337989510013605,0.0006600531085750887,0.003085695407991948,0.048905659268246936,0.09085050692840196
EA_BIC,vix,30,0.012967043160602229,0.0006426843618816337,0.002693303914084589,0.04455923876415296,0.06669575730926287
EA_BIC,activity,30,0.0018699778278869143,0.000823121394225499,0.0022265271894309157,0.03378903298368538,0.06095242219546129
EA_BIC,price,30,5.61062767591201e-05,0.00027583592508936974,0.001405355788825685,0.058891200638096754,0.13550242427173292
EA_BIC,policy,30,0.322804058025208,0.15148485155633348,0.1966654662283744,0.41685599715356453,0.5041320882995262
EA_BIC,fx,30,0.16205422457729868,0.027698820485631295,0.06160352391007085,0.22275014703074195,0.29218479010551823
EA_BIC,brent,31,0.03379327481705125,0.0007204718748414339,0.0031505054740097577,0.05051942983105433,0.09369671273049923
EA_BIC,vix,31,0.013460161527419403,0.0006492379845627838,0.0028404611970097686,0.044983222790836906,0.06795426509369837
EA_BIC,activity,31,0.00206325313412141,0.0008583120779405546,0.002375166840903025,0.034306622766564904,0.061810435613472936
EA_BIC,price,31,5.892112477020205e-05,0.00028047296410474415,0.0014871970560925143,0.06164077584445511,0.1422992668486987
EA_BIC,policy,31,0.3169094927032345,0.14718575417399304,0.19252441317461844,0.41276706223196197,0.49878777724465845
EA_BIC,fx,31,0.16520232748831715,0.02785356701261424,0.06291736810007978,0.226127651327047,0.2949521436525438
EA_BIC,brent,32,0.035236798571883554,0.0007678942008092742,0.0031901623611476733,0.0518270694290594,0.09489192764234614
EA_BIC,vix,32,0.01393824886679882,0.0006730716062207306,0.002973672315618235,0.045280934479999015,0.0690496647375852
EA_BIC,activity,32,0.002260933813771472,0.0009111156039144999,0.0025410192829651013,0.03480079561679454,0.06269840436379671
EA_BIC,price,32,6.224459542388539e-05,0.00028400931189293975,0.0016224172329758928,0.06462770156670783,0.1490938087881795
EA_BIC,policy,32,0.31136578176973345,0.14278069530924953,0.18901973095227997,0.40783110212314816,0.4949970012749258
EA_BIC,fx,32,0.16823639407631816,0.028032926350210523,0.06345278520263613,0.22809281159899467,0.29717652338911227
EA_BIC,brent,33,0.03666634306737341,0.0008052611844500465,0.0033911627117576043,0.05309267607848807,0.09915728305216862
EA_BIC,vix,33,0.014401199762442031,0.0007003940204650765,0.003048017569235677,0.04546268374272775,0.06994631794037666
EA_BIC,activity,33,0.0024621036229918684,0.0009439951104219757,0.002646042770956579,0.0360187069323576,0.06317711867907079
EA_BIC,price,33,6.605101123989056e-05,0.00031639429099414323,0.001736083660951972,0.0675933605422888,0.15565151692279905
EA_BIC,policy,33,0.30614705028386824,0.13838285275628415,0.18600808441126557,0.4040458462419463,0.4916164320081026
EA_BIC,fx,33,0.17115198764996029,0.028231692073656528,0.06381791085030487,0.23097780190430625,0.3003594066925069
EA_BIC,brent,34,0.03807975779431583,0.0008407323523927542,0.003542931635148164,0.055074692025887856,0.10363789711965349
EA_BIC,vix,34,0.014848990069923046,0.0007297321021587457,0.003112417169834326,0.04566369924014709,0.07168692644550359
EA_BIC,activity,34,0.0026658984687610234,0.0009561934510602115,0.0027665539532095423,0.03739893518747762,0.0637052497813915
EA_BIC,price,34,7.031647174925367e-05,0.0003258696033018287,0.001787639293198902,0.07052923388918514,0.1620807813615147
EA_BIC,policy,34,0.30122971829190254,0.13437816505198388,0.18258727900530602,0.40195225194739087,0.48537525225629874
EA_BIC,fx,34,0.17394556927100943,0.028444984900784683,0.06435804668027718,0.2335786243762221,0.3005136279416462
EA_BIC,brent,35,0.0394749658908882,0.0008834619417926446,0.003664963048841618,0.05646766818980052,0.10506441175167751
EA_BIC,vix,35,0.015281665231211846,0.0007596262124475442,0.003202328058861948,0.045909652735667064,0.07328752608210226
EA_BIC,activity,35,0.0028715101657878182,0.0009679337774232541,0.0029159292513296353,0.03829011944772794,0.06514160976973048
EA_BIC,price,35,7.501879775649859e-05,0.00035478575648828785,0.0018471281783074768,0.07342744575703782,0.16821299328385197
EA_BIC,policy,35,0.296592268095659,0.132588326419067,0.17934525458482242,0.39990269509122733,0.48272120716565525
EA_BIC,fx,35,0.17661449944818114,0.028768687442432175,0.06550020282766725,0.2360103807589976,0.30108920058691013
EA_BIC,brent,36,0.04084997203954189,0.000937618501216911,0.0038150620260301604,0.05725577144720593,0.10669205738199286
EA_BIC,vix,36,0.0156993302169485,0.0008066214909030333,0.0033071813216863665,0.046596247749256414,0.07475239402713624
EA_BIC,activity,36,0.003078188346134089,0.0010650319286185995,0.0030258235367916467,0.03855554354599666,0.06684099621056956
EA_BIC,price,36,8.013743596063403e-05,0.0003778687773601617,0.001959788565622173,0.07628082595815143,0.17272867493624652
EA_BIC,policy,36,0.2922150360252272,0.13046141471287054,0.17657761734374844,0.39731616002980086,0.4802172026780393
EA_BIC,fx,36,0.17915702468103348,0.02918202279229508,0.06678363769093862,0.23693367693764847,0.3018437197405452
TR_BIC,brent,1,0.0,0.0,0.0,0.0,0.0
TR_BIC,vix,1,0.0,0.0,0.0,0.0,0.0
TR_BIC,fedfunds,1,0.0,0.0,0.0,0.0,0.0
TR_BIC,activity,1,0.0,0.0,0.0,0.0,0.0
TR_BIC,price,1,0.0,0.0,0.0,0.0,0.0
TR_BIC,policy,1,0.9842973554463521,0.8906239191988963,0.9185525098375543,0.9771436109105615,0.9876596760297722
TR_BIC,fx,1,0.020966891423536693,0.0010060452216324822,0.005322852264058568,0.04038139770459448,0.052401060635092624
TR_BIC,brent,2,0.0,0.0,0.0,0.0,0.0
TR_BIC,vix,2,0.0,0.0,0.0,0.0,0.0
TR_BIC,fedfunds,2,0.0,0.0,0.0,0.0,0.0
TR_BIC,activity,2,4.9306039356548554e-08,1.546373127665046e-05,0.00010092159326173904,0.005303785517920669,0.012116089286075228
TR_BIC,price,2,1.0678489620824924e-05,1.702216041961045e-05,0.00017475597779360475,0.00963343210363034,0.01813695113775214
TR_BIC,policy,2,0.9675757662845106,0.8337440819506354,0.8700039643665216,0.9502884094660937,0.9633858133534883
TR_BIC,fx,2,0.008467692644679102,0.0023441366091774525,0.004102079944425859,0.022042599648571356,0.0332913446786361
TR_BIC,brent,3,0.0,0.0,0.0,0.0,0.0
TR_BIC,vix,3,0.0,0.0,0.0,0.0,0.0
TR_BIC,fedfunds,3,0.0,0.0,0.0,0.0,0.0
TR_BIC,activity,3,2.314143602868266e-05,6.74627706755997e-05,0.00026072353064552836,0.00761696888630264,0.019961625128066023
TR_BIC,price,3,0.006451692876302601,0.0027047420102748678,0.00468543240231356,0.0323406881062863,0.051085315022017484
TR_BIC,policy,3,0.9352979270910713,0.7349955809235164,0.789312123137017,0.9135065436454389,0.9339793474363002
TR_BIC,fx,3,0.006061048369554592,0.003870138816004712,0.0058035825584622225,0.02369669220108684,0.04296490694186744
TR_BIC,brent,4,0.0,0.0,0.0,0.0,0.0
TR_BIC,vix,4,0.0,0.0,0.0,0.0,0.0
TR_BIC,fedfunds,4,0.0,0.0,0.0,0.0,0.0
TR_BIC,activity,4,4.933229514035232e-05,0.00013844983701819378,0.00044637789902915253,0.010460272644899786,0.026560251639462438
TR_BIC,price,4,0.021055549595242837,0.007428419870606656,0.01368065350398529,0.05462821038541165,0.08670043483862129
TR_BIC,policy,4,0.8988731899457567,0.6211975781869218,0.7112718328389879,0.8696940433438792,0.9024081041643358
TR_BIC,fx,4,0.009781844335590126,0.004781379966362804,0.007718740706415164,0.03812056879578064,0.0676578177435925
TR_BIC,brent,5,0.0,0.0,0.0,0.0,0.0
TR_BIC,vix,5,0.0,0.0,0.0,0.0,0.0
TR_BIC,fedfunds,5,0.0,0.0,0.0,0.0,0.0
TR_BIC,activity,5,0.00018675971686315054,0.0002523569649073816,0.0007227390653116723,0.013082074267165322,0.03174960547953678
TR_BIC,price,5,0.033681935703736204,0.011428562901823546,0.02124991559212374,0.0658457079863571,0.09538303433261029
TR_BIC,policy,5,0.8652918061971345,0.5568624732918432,0.6434143658244155,0.8355791096908091,0.8716956517659482
TR_BIC,fx,5,0.01554627287263673,0.005111333429417698,0.008739806156450144,0.05103380543227176,0.09129983625359317
TR_BIC,brent,6,0.0,0.0,0.0,0.0,0.0
TR_BIC,vix,6,0.0,0.0,0.0,0.0,0.0
TR_BIC,fedfunds,6,0.0,0.0,0.0,0.0,0.0
TR_BIC,activity,6,0.0005688729210599158,0.00034694019293720805,0.0010127605256394865,0.016119876293576866,0.03529729156069539
TR_BIC,price,6,0.0411710563568728,0.013594276795347585,0.024726599484993828,0.07261296587600007,0.09913703624509089
TR_BIC,policy,6,0.8367307345882037,0.4970521633732211,0.5900934711739648,0.8039859526332963,0.8531946478463696
TR_BIC,fx,6,0.02126402610063056,0.0050778652763237495,0.009625218470426005,0.060291755941678016,0.10128876942374243
TR_BIC,brent,7,0.0,0.0,0.0,0.0,0.0
TR_BIC,vix,7,0.0,0.0,0.0,0.0,0.0
TR_BIC,fedfunds,7,0.0,0.0,0.0,0.0,0.0
TR_BIC,activity,7,0.0012849399184033984,0.00047290736809586716,0.0013125225202320497,0.01930788589186097,0.039717897909034426
TR_BIC,price,7,0.04536338531820001,0.014624445177122714,0.026523774326782146,0.07586178065974382,0.10005227266812153
TR_BIC,policy,7,0.8123319777206709,0.44512977447093166,0.5441446195454595,0.7761658474537912,0.8302648820206315
TR_BIC,fx,7,0.02631997624081963,0.005138508371675231,0.010089781762575717,0.06631591187579457,0.11152598117953992
TR_BIC,brent,8,0.0,0.0,0.0,0.0,0.0
TR_BIC,vix,8,0.0,0.0,0.0,0.0,0.0
TR_BIC,fedfunds,8,0.0,0.0,0.0,0.0,0.0
TR_BIC,activity,8,0.0023126365053896835,0.0006337292354874832,0.0016229141649891686,0.022797808951844446,0.04587541460210652
TR_BIC,price,8,0.04798327449216044,0.015365988706378352,0.027575768999909874,0.07816121322096366,0.10409465561473541
TR_BIC,policy,8,0.7901520981581439,0.4080471607479341,0.5044716338774755,0.7546266793963143,0.813358620885721
TR_BIC,fx,8,0.030707337633840325,0.004845292464243677,0.010057860993641933,0.07124663381346658,0.1226736942043495
TR_BIC,brent,9,0.0,0.0,0.0,0.0,0.0
TR_BIC,vix,9,0.0,0.0,0.0,0.0,0.0
TR_BIC,fedfunds,9,0.0,0.0,0.0,0.0,0.0
TR_BIC,activity,9,0.0035747105533992306,0.0006928467670196069,0.0018749359964291984,0.025545983470411666,0.049250164821876455
TR_BIC,price,9,0.0498550042037209,0.015987666656425523,0.029314427131073028,0.08129192326077453,0.10707958316215724
TR_BIC,policy,9,0.7683870570495018,0.3745536450953072,0.4638888591617459,0.7302107831653352,0.7950459505470258
TR_BIC,fx,9,0.03456828487649618,0.0043566421608117484,0.010523990402133225,0.07703380524372183,0.13025217091944247
TR_BIC,brent,10,0.0,0.0,0.0,0.0,0.0
TR_BIC,vix,10,0.0,0.0,0.0,0.0,0.0
TR_BIC,fedfunds,10,0.0,0.0,0.0,0.0,0.0
TR_BIC,activity,10,0.004981751619207255,0.000792105262650213,0.002265352130992362,0.02976600386676837,0.054354147369883525
TR_BIC,price,10,0.051315845812703674,0.016465747141823087,0.02946579442833858,0.08262183626216872,0.10989012749698106
TR_BIC,policy,10,0.7458380349278815,0.34057502508326776,0.4320257766683929,0.7039613200305455,0.7742800948000192
TR_BIC,fx,10,0.03804197272464219,0.0041000131427470984,0.011389127378435799,0.08287174286126761,0.1331197924168021
TR_BIC,brent,11,0.0,0.0,0.0,0.0,0.0
TR_BIC,vix,11,0.0,0.0,0.0,0.0,0.0
TR_BIC,fedfunds,11,0.0,0.0,0.0,0.0,0.0
TR_BIC,activity,11,0.00645711821424896,0.0009310738260889236,0.002531738809802798,0.03301527241999201,0.05831299696898251
TR_BIC,price,11,0.05251196803800724,0.016817363570497786,0.02954036757611824,0.08330509390491897,0.11221802283305432
TR_BIC,policy,11,0.7219401180549925,0.31409115526946924,0.39993869077619626,0.6804789864011551,0.7568743006947908
TR_BIC,fx,11,0.04123069410144702,0.004335012930442066,0.011678380236390538,0.09054909137543517,0.13837936517202917
TR_BIC,brent,12,0.0,0.0,0.0,0.0,0.0
TR_BIC,vix,12,0.0,0.0,0.0,0.0,0.0
TR_BIC,fedfunds,12,0.0,0.0,0.0,0.0,0.0
TR_BIC,activity,12,0.007942276585778818,0.001014382506833477,0.003044457330149458,0.03395083015366789,0.06035126212812671
TR_BIC,price,12,0.05351400644433991,0.01711114131266343,0.030717953449204013,0.08439477609409143,0.11437510036489053
TR_BIC,policy,12,0.6966181555780404,0.2856839255603305,0.3703991753404859,0.654223677495108,0.7465269971291135
TR_BIC,fx,12,0.04420010195544555,0.004313105145711549,0.012096746324793323,0.09776650359227936,0.14344155092401537
TR_BIC,brent,13,0.0,0.0,0.0,0.0,0.0
TR_BIC,vix,13,0.0,0.0,0.0,0.0,0.0
TR_BIC,fedfunds,13,0.0,0.0,0.0,0.0,0.0
TR_BIC,activity,13,0.009395995619194953,0.0011650403717334689,0.0031179781992116138,0.03692090557607525,0.06516703016173092
TR_BIC,price,13,0.054358324932372026,0.01732845903194025,0.031062049678923603,0.08500597721391775,0.1147561982574046
TR_BIC,policy,13,0.6701153943564101,0.2631272985623828,0.3433901351485225,0.6309876688344448,0.73454935759712
TR_BIC,fx,13,0.046987516435569705,0.004213783992212406,0.012560739606066558,0.10403141338543068,0.15069031628558516
TR_BIC,brent,14,0.0,0.0,0.0,0.0,0.0
TR_BIC,vix,14,0.0,0.0,0.0,0.0,0.0
TR_BIC,fedfunds,14,0.0,0.0,0.0,0.0,0.0
TR_BIC,activity,14,0.010791113496010578,0.0012379240554085667,0.0033051981250117927,0.03986586828157117,0.06807011856566254
TR_BIC,price,14,0.055064457735872104,0.017383348382707345,0.03126212562951791,0.0859314627691408,0.1153840756933844
TR_BIC,policy,14,0.6428489505934012,0.24795176650587733,0.32540098831093706,0.6083404669108899,0.7179394039404197
TR_BIC,fx,14,0.0496109227695384,0.00399661037741107,0.013226126045922068,0.10809196415427634,0.15591465556571907
TR_BIC,brent,15,0.0,0.0,0.0,0.0,0.0
TR_BIC,vix,15,0.0,0.0,0.0,0.0,0.0
TR_BIC,fedfunds,15,0.0,0.0,0.0,0.0,0.0
TR_BIC,activity,15,0.012111130800490625,0.0012807375618044809,0.003696031611770725,0.041404248920459706,0.07055025489744861
TR_BIC,price,15,0.055644327955731994,0.017514013888481134,0.03150980758738381,0.086051377438001,0.11671903109407544
TR_BIC,policy,15,0.6153017492816646,0.22909123682907256,0.3043354794963754,0.5882698801295337,0.6986333693003213
TR_BIC,fx,15,0.052076337746706725,0.003869643773591459,0.01369150798298687,0.11284433324743309,0.1584348341615849
TR_BIC,brent,16,0.0,0.0,0.0,0.0,0.0
TR_BIC,vix,16,0.0,0.0,0.0,0.0,0.0
TR_BIC,fedfunds,16,0.0,0.0,0.0,0.0,0.0
TR_BIC,activity,16,0.013347264903233826,0.0013521646793654288,0.003953909676974157,0.043799350485015306,0.07339196164105165
TR_BIC,price,16,0.05610719206439913,0.017534872225319065,0.031691935124239075,0.08615109124668344,0.11690728165092965
TR_BIC,policy,16,0.5879474671597313,0.2152259326865454,0.2877939633999124,0.5710273514272416,0.6797680889013715
TR_BIC,fx,16,0.054383054365650434,0.0038019718181874734,0.01393596492477055,0.11747331613028528,0.16686831495987892
TR_BIC,brent,17,0.0,0.0,0.0,0.0,0.0
TR_BIC,vix,17,0.0,0.0,0.0,0.0,0.0
TR_BIC,fedfunds,17,0.0,0.0,0.0,0.0,0.0
TR_BIC,activity,17,0.014496140732568377,0.0014483793734649747,0.0041787721102685685,0.04534652434395849,0.07600937878481114
TR_BIC,price,17,0.05646186749461742,0.017494125097170656,0.03170566864010144,0.08641665234047934,0.11655817192696319
TR_BIC,policy,17,0.5612031229982787,0.20433869166062257,0.2710325513925893,0.5566088567763363,0.661697594238179
TR_BIC,fx,17,0.0565270750119645,0.00389737461597021,0.013429380185468692,0.1213408815542536,0.17491116868724435
TR_BIC,brent,18,0.0,0.0,0.0,0.0,0.0
TR_BIC,vix,18,0.0,0.0,0.0,0.0,0.0
TR_BIC,fedfunds,18,0.0,0.0,0.0,0.0,0.0
TR_BIC,activity,18,0.01555805781220104,0.001579135822644411,0.0042840313407639585,0.04686391635407809,0.07676645618785934
TR_BIC,price,18,0.056717408906243154,0.01741548743296358,0.031888691811204475,0.08645919008217415,0.11625700145900643
TR_BIC,policy,18,0.5354042091414369,0.19044715187149514,0.25415792458220454,0.5419682417682194,0.6362361517094144
TR_BIC,fx,18,0.058503254159066875,0.00395346670814221,0.013098483658369589,0.1254845353059444,0.18215550645094242
TR_BIC,brent,19,0.0,0.0,0.0,0.0,0.0
TR_BIC,vix,19,0.0,0.0,0.0,0.0,0.0
TR_BIC,fedfunds,19,0.0,0.0,0.0,0.0,0.0
TR_BIC,activity,19,0.016535714542716944,0.0016310699367974655,0.004383035044507961,0.04831951829779318,0.07969654385282375
TR_BIC,price,19,0.056883071081574685,0.01730882073571394,0.03221060964262037,0.08698316074762835,0.11614485739223387
TR_BIC,policy,19,0.510797097251385,0.17636772619102511,0.24135495546957236,0.5256763069084389,0.6228059315322745
TR_BIC,fx,19,0.06030660753514251,0.0038608723200509714,0.0129483945122761,0.12802202019781828,0.18620685230172124
TR_BIC,brent,20,0.0,0.0,0.0,0.0,0.0
TR_BIC,vix,20,0.0,0.0,0.0,0.0,0.0
TR_BIC,fedfunds,20,0.0,0.0,0.0,0.0,0.0
TR_BIC,activity,20,0.017433282405363473,0.0015912158743059345,0.004415664387857297,0.049162160518813655,0.08193864375536902
TR_BIC,price,20,0.05696804540049183,0.017174699697440326,0.032708872600184465,0.08711580372015945,0.11637901030150374
TR_BIC,policy,20,0.4875433450528394,0.16290820367674128,0.22699854813215006,0.51329188526042,0.612226564886818
TR_BIC,fx,20,0.061933103764922094,0.003922801277493753,0.012860357817756714,0.13190750272001264,0.18764486375094774
TR_BIC,brent,21,0.0,0.0,0.0,0.0,0.0
TR_BIC,vix,21,0.0,0.0,0.0,0.0,0.0
TR_BIC,fedfunds,21,0.0,0.0,0.0,0.0,0.0
TR_BIC,activity,21,0.01825574477703607,0.0016915111370077716,0.00438403571166931,0.05024913085600229,0.08392586908484193
TR_BIC,price,21,0.05698119195561203,0.017194937188427684,0.032865054049024026,0.08625864018654116,0.1158686315308198
TR_BIC,policy,21,0.4657309596461678,0.15312943325816392,0.21700337338203263,0.49501479801054893,0.6042050301331627
TR_BIC,fx,21,0.06338013301988708,0.003915127922361174,0.012436791638612658,0.1329654760853485,0.19622024941810642
TR_BIC,brent,22,0.0,0.0,0.0,0.0,0.0
TR_BIC,vix,22,0.0,0.0,0.0,0.0,0.0
TR_BIC,fedfunds,22,0.0,0.0,0.0,0.0,0.0
TR_BIC,activity,22,0.01900843603659853,0.0018217728269296284,0.00433187069386998,0.051870167868690725,0.08488793488078501
TR_BIC,price,22,0.056930842557198054,0.017087684213757712,0.032554120621329126,0.08587835843543568,0.11553113573008927
TR_BIC,policy,22,0.4453886463288001,0.14558284858637607,0.20719924976478948,0.4841001787861144,0.5943666944925163
TR_BIC,fx,22,0.06464676492873175,0.003883836168164027,0.01251106148933272,0.13355091863116986,0.19884164171059554
TR_BIC,brent,23,0.0,0.0,0.0,0.0,0.0
TR_BIC,vix,23,0.0,0.0,0.0,0.0,0.0
TR_BIC,fedfunds,23,0.0,0.0,0.0,0.0,0.0
TR_BIC,activity,23,0.019696730904094246,0.0019092796049564012,0.004423595657801625,0.05427277868373015,0.08579597916426811
TR_BIC,price,23,0.056824683504610785,0.016985807408703327,0.03219039516684767,0.08547842876702212,0.1152834224621521
TR_BIC,policy,23,0.42650027911785365,0.1389480346866183,0.1986481152999388,0.46892126455609306,0.578219689315239
TR_BIC,fx,23,0.06573385951926708,0.003847016408410227,0.011984127554221067,0.13358807577504322,0.20212311942726835
TR_BIC,brent,24,0.0,0.0,0.0,0.0,0.0
TR_BIC,vix,24,0.0,0.0,0.0,0.0,0.0
TR_BIC,fedfunds,24,0.0,0.0,0.0,0.0,0.0
TR_BIC,activity,24,0.02032584480008902,0.0019337781074458484,0.004347533030737693,0.05449637531648431,0.08765189575184701
TR_BIC,price,24,0.056669703888872325,0.016890412059103688,0.032219422730329586,0.08546863005133486,0.1146978516108891
TR_BIC,policy,24,0.4090179608608778,0.13261879104442256,0.18777670861522394,0.4556429070797936,0.5685677967624828
TR_BIC,fx,24,0.06664406898875243,0.003642978628769293,0.011747915079363803,0.13461892334614162,0.20598130633016343
TR_BIC,brent,25,0.0,0.0,0.0,0.0,0.0
TR_BIC,vix,25,0.0,0.0,0.0,0.0,0.0
TR_BIC,fedfunds,25,0.0,0.0,0.0,0.0,0.0
TR_BIC,activity,25,0.02090071437649317,0.0018497811916126565,0.004442882785242845,0.055071521942764934,0.08641769744411823
TR_BIC,price,25,0.05647219074329614,0.016768844187786115,0.03218269894904941,0.08541019921050898,0.11428859597560571
TR_BIC,policy,25,0.39287292072694446,0.12502561448378072,0.1781673608247401,0.4461259160410044,0.5654450253118859
TR_BIC,fx,25,0.06738175554154108,0.003499970142341947,0.01172689011165637,0.13515754849363423,0.2050477620413342
TR_BIC,brent,26,0.0,0.0,0.0,0.0,0.0
TR_BIC,vix,26,0.0,0.0,0.0,0.0,0.0
TR_BIC,fedfunds,26,0.0,0.0,0.0,0.0,0.0
TR_BIC,activity,26,0.021425934328296283,0.0018704482380013353,0.004486106189025445,0.056544622310510655,0.0880368946575274
TR_BIC,price,26,0.056237754709670365,0.01660756591402691,0.032125766269112975,0.08499563063421836,0.11376840609882562
TR_BIC,policy,26,0.37798408462353317,0.12050442052639886,0.17149328648093082,0.44013694304352874,0.555086189453081
TR_BIC,fx,26,0.0679528450434901,0.0033691117652559196,0.012016902735990403,0.13535879072279167,0.2067627197789728
TR_BIC,brent,27,0.0,0.0,0.0,0.0,0.0
TR_BIC,vix,27,0.0,0.0,0.0,0.0,0.0
TR_BIC,fedfunds,27,0.0,0.0,0.0,0.0,0.0
TR_BIC,activity,27,0.021905732361858055,0.0018512182902849833,0.0044443618271798845,0.056842697869793325,0.09009432565564027
TR_BIC,price,27,0.05597137381943991,0.016348294361993337,0.0320727347328874,0.08479579505477043,0.1133379136453212
TR_BIC,policy,27,0.36426449035474373,0.11801366569944388,0.16649100997355976,0.43577283615024043,0.5448452050940257
TR_BIC,fx,27,0.06836463392395782,0.0032640717552835682,0.012067231457546719,0.13662484957503493,0.20868453114682195
TR_BIC,brent,28,0.0,0.0,0.0,0.0,0.0
TR_BIC,vix,28,0.0,0.0,0.0,0.0,0.0
TR_BIC,fedfunds,28,0.0,0.0,0.0,0.0,0.0
TR_BIC,activity,28,0.022343968933143415,0.0017793879738955231,0.004531208906111892,0.05797015004498494,0.09488039716826352
TR_BIC,price,28,0.0556774466420575,0.016053394503244722,0.031774332629947936,0.08478177194396772,0.11339645351152804
TR_BIC,policy,28,0.35162587398545,0.11423884478247756,0.16181865597504208,0.43113190116093386,0.5387688960540471
TR_BIC,fx,28,0.06862556542630502,0.0032847564900185195,0.012052585239240632,0.1359371621929883,0.2086486407519661
TR_BIC,brent,29,0.0,0.0,0.0,0.0,0.0
TR_BIC,vix,29,0.0,0.0,0.0,0.0,0.0
TR_BIC,fedfunds,29,0.0,0.0,0.0,0.0,0.0
TR_BIC,activity,29,0.02274415214749985,0.0017151863145583356,0.0045723586890262635,0.058933952806436735,0.09698771563893975
TR_BIC,price,29,0.055359848914486205,0.015716896109889612,0.031524480818056325,0.08486788566474275,0.11342449075355106
TR_BIC,policy,29,0.33998179420041374,0.11066155161471208,0.1564777061680339,0.4159519838928305,0.5293484195415346
TR_BIC,fx,29,0.06874498993456767,0.003441515533673784,0.011788669037451573,0.13530052790983121,0.20806985668142583
TR_BIC,brent,30,0.0,0.0,0.0,0.0,0.0
TR_BIC,vix,30,0.0,0.0,0.0,0.0,0.0
TR_BIC,fedfunds,30,0.0,0.0,0.0,0.0,0.0
TR_BIC,activity,30,0.023109461136684432,0.001661902277275321,0.004667874570532144,0.0594375409990248,0.09866515827584156
TR_BIC,price,30,0.05502198985120037,0.015316503969580867,0.03146460750144232,0.08479867046193863,0.11340059763990154
TR_BIC,policy,30,0.32924963924948225,0.10817713398563807,0.15032959339932062,0.40905518852332434,0.5257126275920095
TR_BIC,fx,30,0.06873292233481543,0.003426553515895777,0.011654771824913816,0.13560148329426988,0.2082692746604713
TR_BIC,brent,31,0.0,0.0,0.0,0.0,0.0
TR_BIC,vix,31,0.0,0.0,0.0,0.0,0.0
TR_BIC,fedfunds,31,0.0,0.0,0.0,0.0,0.0
TR_BIC,activity,31,0.023442773419505965,0.0016383008873376227,0.004857815808244209,0.060323251223636465,0.10003362258823163
TR_BIC,price,31,0.05466686579830909,0.01512525255878683,0.031091151799346572,0.08412907289857245,0.1125615224056023
TR_BIC,policy,31,0.3193518109336694,0.1038215871804458,0.14616161161314373,0.4045490325082725,0.5241896171157286
TR_BIC,fx,31,0.06859980721221404,0.0033211704489446853,0.01128830768375815,0.135739682199621,0.2077881612772095
TR_BIC,brent,32,0.0,0.0,0.0,0.0,0.0
TR_BIC,vix,32,0.0,0.0,0.0,0.0,0.0
TR_BIC,fedfunds,32,0.0,0.0,0.0,0.0,0.0
TR_BIC,activity,32,0.023746693343925304,0.001657209882394674,0.005055061229488002,0.06079419186670586,0.10234069092123145
TR_BIC,price,32,0.05429710990311917,0.01495285789972518,0.030733829335613843,0.08339223550445507,0.11043910205334823
TR_BIC,policy,32,0.31021632253162534,0.09969228428604733,0.14236183084518916,0.40293940778332343,0.5215834209071205
TR_BIC,fx,32,0.06835630030079531,0.00322167568066566,0.011010556918403473,0.1355990862970965,0.20680945325770456
TR_BIC,brent,33,0.0,0.0,0.0,0.0,0.0
TR_BIC,vix,33,0.0,0.0,0.0,0.0,0.0
TR_BIC,fedfunds,33,0.0,0.0,0.0,0.0,0.0
TR_BIC,activity,33,0.024023579830197168,0.0016923694468537968,0.005153369536750884,0.060598379594109554,0.10339573511363707
TR_BIC,price,33,0.053915037152971114,0.014818339803473038,0.03046558112419491,0.08303104550440535,0.10948575725450142
TR_BIC,policy,33,0.30177699330125557,0.09703916372345726,0.13812036691423554,0.3987580817471802,0.5157335083381065
TR_BIC,fx,33,0.06801307219125804,0.00314555030407626,0.010755199481141025,0.13573424448579716,0.20576863898746287
TR_BIC,brent,34,0.0,0.0,0.0,0.0,0.0
TR_BIC,vix,34,0.0,0.0,0.0,0.0,0.0
TR_BIC,fedfunds,34,0.0,0.0,0.0,0.0,0.0
TR_BIC,activity,34,0.024275572402011593,0.001697307186247696,0.005203973087101136,0.0610694027047745,0.10423485518204835
TR_BIC,price,34,0.05352268459059346,0.014686672473754358,0.030137219109084366,0.08259962411649023,0.10973286832802742
TR_BIC,policy,34,0.29397337581246186,0.09516080035286145,0.1346837843888151,0.39472369191385726,0.5103910938338407
TR_BIC,fx,34,0.06758063803811189,0.0030981261910653537,0.010688898980493817,0.13562333269934293,0.20181296889496425
TR_BIC,brent,35,0.0,0.0,0.0,0.0,0.0
TR_BIC,vix,35,0.0,0.0,0.0,0.0,0.0
TR_BIC,fedfunds,35,0.0,0.0,0.0,0.0,0.0
TR_BIC,activity,35,0.024504615001257883,0.0016937541106389464,0.005199173549243474,0.06084631565571485,0.10444279423876479
TR_BIC,price,35,0.0531218468053443,0.014558432275693981,0.030010490817684653,0.08204925558991187,0.10996693471347574
TR_BIC,policy,35,0.2867505150278857,0.09248203103988571,0.1322435611311667,0.38885277919893174,0.508458178826064
TR_BIC,fx,35,0.06706921501787315,0.00318140933731364,0.010436484890648577,0.1360576361201541,0.19768190422134696
TR_BIC,brent,36,0.0,0.0,0.0,0.0,0.0
TR_BIC,vix,36,0.0,0.0,0.0,0.0,0.0
TR_BIC,fedfunds,36,0.0,0.0,0.0,0.0,0.0
TR_BIC,activity,36,0.024712477407326364,0.001721604827924028,0.005210824615612916,0.06086168899382052,0.10675496243110184
TR_BIC,price,36,0.052714106978367384,0.01444585588260892,0.029930745743412694,0.08161427037513036,0.11000037226679198
TR_BIC,policy,36,0.280058609185295,0.08958960033655573,0.1296762585117507,0.3855227648882776,0.506557513762506
TR_BIC,fx,36,0.06648860764811754,0.0031120661042590607,0.01011771194555991,0.13495839256274347,0.19830028521815699
TR_FX_first,brent,1,0.0,0.0,0.0,0.0,0.0
TR_FX_first,vix,1,0.0,0.0,0.0,0.0,0.0
TR_FX_first,fedfunds,1,0.0,0.0,0.0,0.0,0.0
TR_FX_first,activity,1,0.0,0.0,0.0,0.0,0.0
TR_FX_first,price,1,0.0,0.0,0.0,0.0,0.0
TR_FX_first,fx,1,0.0,0.0,0.0,0.0,0.0
TR_FX_first,policy,1,0.9314349324697543,0.7953706813857975,0.8430909925960975,0.9452481545555045,0.966767730581331
TR_FX_first,brent,2,0.0,0.0,0.0,0.0,0.0
TR_FX_first,vix,2,0.0,0.0,0.0,0.0,0.0
TR_FX_first,fedfunds,2,0.0,0.0,0.0,0.0,0.0
TR_FX_first,activity,2,0.002793734474731383,3.234843643517877e-05,0.0004026687022044701,0.016492315711296914,0.030239994189984954
TR_FX_first,price,2,0.00792948856084411,6.342718002233963e-05,0.0009486475054533712,0.025599804662718235,0.043121103620007095
TR_FX_first,fx,2,0.00827826440349044,0.00023451115289530906,0.0018906025768074747,0.01958756868806056,0.029239930240074197
TR_FX_first,policy,2,0.8446226235263603,0.6487851833645091,0.7009909871115039,0.8669153958448899,0.9012561190748151
TR_FX_first,brent,3,0.0,0.0,0.0,0.0,0.0
TR_FX_first,vix,3,0.0,0.0,0.0,0.0,0.0
TR_FX_first,fedfunds,3,0.0,0.0,0.0,0.0,0.0
TR_FX_first,activity,3,0.005119918748595888,0.001016359841336078,0.002789350514466138,0.02645981601857766,0.043272014246590745
TR_FX_first,price,3,0.02940317725338532,0.0030168974135783605,0.00939388965031428,0.06193104993504664,0.09443499415261189
TR_FX_first,fx,3,0.01011592941350143,0.0009058615293092621,0.002902809229878904,0.028847634849959735,0.0491932940278219
TR_FX_first,policy,3,0.774859879095457,0.544317603538581,0.6038459416724435,0.7986842204022645,0.8513535168661928
TR_FX_first,brent,4,0.0,0.0,0.0,0.0,0.0
TR_FX_first,vix,4,0.0,0.0,0.0,0.0,0.0
TR_FX_first,fedfunds,4,0.0,0.0,0.0,0.0,0.0
TR_FX_first,activity,4,0.004807726342493701,0.0027481096066235026,0.0055494976609919405,0.030736782707803882,0.0496326686370619
TR_FX_first,price,4,0.04020288941398817,0.006277004045093404,0.014883793793638,0.07615469165572833,0.11047443437886344
TR_FX_first,fx,4,0.009671787393369996,0.001587561317046009,0.0048922327879927785,0.038990693812521626,0.06539908499590913
TR_FX_first,policy,4,0.6919802736323353,0.4206954299135786,0.4925660955767337,0.7208243396038436,0.7827757630549123
TR_FX_first,brent,5,0.0,0.0,0.0,0.0,0.0
TR_FX_first,vix,5,0.0,0.0,0.0,0.0,0.0
TR_FX_first,fedfunds,5,0.0,0.0,0.0,0.0,0.0
TR_FX_first,activity,5,0.008168836862651751,0.004692764297992877,0.008666224797716145,0.03397332144586486,0.05116351105486622
TR_FX_first,price,5,0.03977372312013044,0.009294742147296529,0.019602751828854167,0.07687856740007627,0.11115099519967528
TR_FX_first,fx,5,0.009501055148488211,0.002752321614945162,0.005948831046440759,0.04511014497312295,0.07977334197830191
TR_FX_first,policy,5,0.6611478651467716,0.36973613717975107,0.43740528960423747,0.6842659137295218,0.7488475924597349
TR_FX_first,brent,6,0.0,0.0,0.0,0.0,0.0
TR_FX_first,vix,6,0.0,0.0,0.0,0.0,0.0
TR_FX_first,fedfunds,6,0.0,0.0,0.0,0.0,0.0
TR_FX_first,activity,6,0.008329064666891504,0.005308533345340589,0.009056418765168493,0.03285454334290307,0.05165414470614523
TR_FX_first,price,6,0.04354942179638885,0.013546754462515657,0.026482350184297985,0.08659499365743874,0.11586169167649736
TR_FX_first,fx,6,0.010664731716254598,0.0034115875864370944,0.007160260940341095,0.048890403863814796,0.09003202479696232
TR_FX_first,policy,6,0.6360664449617353,0.3337704525394751,0.40054810381063016,0.6520050128676975,0.7136814606542043
TR_FX_first,brent,7,0.0,0.0,0.0,0.0,0.0
TR_FX_first,vix,7,0.0,0.0,0.0,0.0,0.0
TR_FX_first,fedfunds,7,0.0,0.0,0.0,0.0,0.0
TR_FX_first,activity,7,0.008301735875018921,0.006444830712159088,0.010473286852791022,0.03489058604700861,0.05248317643211185
TR_FX_first,price,7,0.04283717894020189,0.016030128190374967,0.02834642526315008,0.09062006933846181,0.1170446475931352
TR_FX_first,fx,7,0.013460521197442997,0.004506180447611025,0.00842743654475456,0.05282008960112773,0.09883277263782915
TR_FX_first,policy,7,0.621271637276592,0.30544919916860586,0.37098295109177143,0.6240497988221333,0.6984071828827333
TR_FX_first,brent,8,0.0,0.0,0.0,0.0,0.0
TR_FX_first,vix,8,0.0,0.0,0.0,0.0,0.0
TR_FX_first,fedfunds,8,0.0,0.0,0.0,0.0,0.0
TR_FX_first,activity,8,0.011983041903260133,0.008962615168546378,0.013184758565212895,0.04172271968055116,0.06142724961423631
TR_FX_first,price,8,0.04573176018263487,0.019687077114529862,0.030336200710900967,0.09143188468518054,0.11616726814575162
TR_FX_first,fx,8,0.017896929614918258,0.005242758389686198,0.009684681944096187,0.05422564757718746,0.10681187196280786
TR_FX_first,policy,8,0.6170676010451379,0.29120618976209783,0.35611333670666656,0.6012042636717602,0.6805352734260472
TR_FX_first,brent,9,0.0,0.0,0.0,0.0,0.0
TR_FX_first,vix,9,0.0,0.0,0.0,0.0,0.0
TR_FX_first,fedfunds,9,0.0,0.0,0.0,0.0,0.0
TR_FX_first,activity,9,0.016580384839408758,0.010586432523625882,0.016103359257167604,0.049956151076764065,0.06449065367880746
TR_FX_first,price,9,0.04623418176558356,0.02086261450082899,0.03136910404434318,0.09261796190288402,0.11680988500043452
TR_FX_first,fx,9,0.024122965069018208,0.006212799102214607,0.01161889991140897,0.06478421804202163,0.10670692172305599
TR_FX_first,policy,9,0.6134332012505802,0.27100199791976043,0.3433099270143122,0.5855340360392888,0.6620645887754831
TR_FX_first,brent,10,0.0,0.0,0.0,0.0,0.0
TR_FX_first,vix,10,0.0,0.0,0.0,0.0,0.0
TR_FX_first,fedfunds,10,0.0,0.0,0.0,0.0,0.0
TR_FX_first,activity,10,0.018142851912919384,0.011785729201988041,0.016343725806099593,0.0514307287486626,0.06715458530043507
TR_FX_first,price,10,0.044949879119757855,0.02048916194142353,0.032384202921276604,0.09154459768397243,0.11862112975353846
TR_FX_first,fx,10,0.031136322630916684,0.007654591789729517,0.014397565453644007,0.0730062562864642,0.11531000960698853
TR_FX_first,policy,10,0.6034902768653507,0.24658688406694812,0.322457295546738,0.5644856810159128,0.6397732264633871
TR_FX_first,brent,11,0.0,0.0,0.0,0.0,0.0
TR_FX_first,vix,11,0.0,0.0,0.0,0.0,0.0
TR_FX_first,fedfunds,11,0.0,0.0,0.0,0.0,0.0
TR_FX_first,activity,11,0.020737560593984794,0.012361732006206855,0.017914661353037185,0.05396459152553821,0.07302427070350294
TR_FX_first,price,11,0.04453813417361745,0.022584684494780242,0.03222212521191737,0.09095646402809712,0.1155317409364933
TR_FX_first,fx,11,0.03465571777086068,0.007637987878318642,0.01419257594598328,0.07670817969423256,0.11963552596812804
TR_FX_first,policy,11,0.5917565652304951,0.2277172742658183,0.2997339301686781,0.5471419107451928,0.6208509607647799
TR_FX_first,brent,12,0.0,0.0,0.0,0.0,0.0
TR_FX_first,vix,12,0.0,0.0,0.0,0.0,0.0
TR_FX_first,fedfunds,12,0.0,0.0,0.0,0.0,0.0
TR_FX_first,activity,12,0.021386665890323297,0.012330371984189552,0.01764847763549186,0.05382285956370191,0.07090371098732806
TR_FX_first,price,12,0.04728751388022744,0.02364737823944052,0.03372790243774362,0.09342026364534839,0.12206492511139418
TR_FX_first,fx,12,0.03454227106807679,0.007309983519466581,0.013676923306792613,0.07350302510450091,0.11524728222599652
TR_FX_first,policy,12,0.575519777939143,0.21004331565301543,0.2857598436006661,0.5289697018007588,0.6030182559710656
TR_FX_first,brent,13,0.0,0.0,0.0,0.0,0.0
TR_FX_first,vix,13,0.0,0.0,0.0,0.0,0.0
TR_FX_first,fedfunds,13,0.0,0.0,0.0,0.0,0.0
TR_FX_first,activity,13,0.020399028270121605,0.011940072941514512,0.017438633282933443,0.05115860529399852,0.06875450100218712
TR_FX_first,price,13,0.04676792844228723,0.02328383894726498,0.034204319142141774,0.09325577554896719,0.1208435895209145
TR_FX_first,fx,13,0.03418867783848681,0.0071835803881427724,0.013537866249291713,0.07206776855375346,0.11601034280717454
TR_FX_first,policy,13,0.559728141116951,0.19969570286312088,0.2659619815455436,0.5085019550122346,0.5856029074912276
TR_FX_first,brent,14,0.0,0.0,0.0,0.0,0.0
TR_FX_first,vix,14,0.0,0.0,0.0,0.0,0.0
TR_FX_first,fedfunds,14,0.0,0.0,0.0,0.0,0.0
TR_FX_first,activity,14,0.020389565191782498,0.013233520735704123,0.01873530280628245,0.052521425484892054,0.06556625122591445
TR_FX_first,price,14,0.0480539622289186,0.0244833193109968,0.03466605625603097,0.09551096300212336,0.12007202382068667
TR_FX_first,fx,14,0.03491146132466413,0.007253670719694364,0.01320201166080132,0.07059660259132228,0.11590948123038768
TR_FX_first,policy,14,0.5410510264899446,0.18444348850898706,0.24612802642727694,0.48055180206115217,0.5667380789237605
TR_FX_first,brent,15,0.0,0.0,0.0,0.0,0.0
TR_FX_first,vix,15,0.0,0.0,0.0,0.0,0.0
TR_FX_first,fedfunds,15,0.0,0.0,0.0,0.0,0.0
TR_FX_first,activity,15,0.021822750520349713,0.01403171063050724,0.019687913338449714,0.0516326104112989,0.06677787613551109
TR_FX_first,price,15,0.05201327410962166,0.027416462568874134,0.037799504089570266,0.09929094976017475,0.12581697406210057
TR_FX_first,fx,15,0.03734766325186954,0.007614614529627309,0.013541345013300607,0.07474287376104724,0.1172229197788192
TR_FX_first,policy,15,0.5193075062668207,0.1704449520906831,0.2292115286518192,0.45950953392355587,0.5444727131197226
TR_FX_first,brent,16,0.0,0.0,0.0,0.0,0.0
TR_FX_first,vix,16,0.0,0.0,0.0,0.0,0.0
TR_FX_first,fedfunds,16,0.0,0.0,0.0,0.0,0.0
TR_FX_first,activity,16,0.023058194262214057,0.014634415856312519,0.01981966061570661,0.052516936220092396,0.06750286677214638
TR_FX_first,price,16,0.05233126932451859,0.028048362117347785,0.037903779102675915,0.0975900566079127,0.12404116620430387
TR_FX_first,fx,16,0.039387731528125344,0.0074433471340362685,0.014215236746607006,0.07785798826857236,0.1165191203229139
TR_FX_first,policy,16,0.4963464383950426,0.16311351963283435,0.2150692151426832,0.442477835173352,0.5251290027090075
TR_FX_first,brent,17,0.0,0.0,0.0,0.0,0.0
TR_FX_first,vix,17,0.0,0.0,0.0,0.0,0.0
TR_FX_first,fedfunds,17,0.0,0.0,0.0,0.0,0.0
TR_FX_first,activity,17,0.026055517515466253,0.015705979962530297,0.020438034038484064,0.05244528089733457,0.06872039860567768
TR_FX_first,price,17,0.05183775654066421,0.028269833965987732,0.038325945802108054,0.0973275093902404,0.12371552323327292
TR_FX_first,fx,17,0.04009492198677599,0.007394238291547084,0.014393566148962735,0.07861891195052433,0.11702763933446103
TR_FX_first,policy,17,0.46914146186528743,0.15079543385594338,0.20284116957479822,0.4180227415018956,0.49981378913845154
TR_FX_first,brent,18,0.0,0.0,0.0,0.0,0.0
TR_FX_first,vix,18,0.0,0.0,0.0,0.0,0.0
TR_FX_first,fedfunds,18,0.0,0.0,0.0,0.0,0.0
TR_FX_first,activity,18,0.03038567158132346,0.016268611351066643,0.021269838483682628,0.054404059791026006,0.07212892180464313
TR_FX_first,price,18,0.05160840994390875,0.028119581696681127,0.038667265446024716,0.09871745476535534,0.12329809367683621
TR_FX_first,fx,18,0.04056776672100744,0.007333785534002679,0.0143314537349439,0.08050477437699838,0.11822261469228057
TR_FX_first,policy,18,0.43983406395537106,0.14013843950702487,0.1866361864199775,0.39212844888060827,0.4721932890095848
TR_FX_first,brent,19,0.0,0.0,0.0,0.0,0.0
TR_FX_first,vix,19,0.0,0.0,0.0,0.0,0.0
TR_FX_first,fedfunds,19,0.0,0.0,0.0,0.0,0.0
TR_FX_first,activity,19,0.03633257429540542,0.016622248519532472,0.022975430346279958,0.05726242409181038,0.07516884941972414
TR_FX_first,price,19,0.053639181741256106,0.02857503832231997,0.04061985763762872,0.09978079557763048,0.12231184261910558
TR_FX_first,fx,19,0.04103524103844942,0.007219274140400488,0.014514806293874652,0.08003009129756349,0.11662204684827567
TR_FX_first,policy,19,0.40969265158111845,0.12425298894222081,0.16856651989306864,0.3718601421670467,0.4440052732771754
TR_FX_first,brent,20,0.0,0.0,0.0,0.0,0.0
TR_FX_first,vix,20,0.0,0.0,0.0,0.0,0.0
TR_FX_first,fedfunds,20,0.0,0.0,0.0,0.0,0.0
TR_FX_first,activity,20,0.041000722631184185,0.01713098111239973,0.023685255918464813,0.05940741210420838,0.07744741627175904
TR_FX_first,price,20,0.056520929240165385,0.030102987020387804,0.04071144417988498,0.10046252494119573,0.12480367646973872
TR_FX_first,fx,20,0.041568203751494386,0.007243714794189446,0.01411602016618399,0.08221854781971484,0.11635989027301309
TR_FX_first,policy,20,0.3787545510834111,0.10918581186545842,0.14958204955133478,0.343522597387127,0.41963264205270157
TR_FX_first,brent,21,0.0,0.0,0.0,0.0,0.0
TR_FX_first,vix,21,0.0,0.0,0.0,0.0,0.0
TR_FX_first,fedfunds,21,0.0,0.0,0.0,0.0,0.0
TR_FX_first,activity,21,0.04316819935532037,0.017082335538507184,0.02337330274925594,0.060190418210541,0.07888060263776875
TR_FX_first,price,21,0.05713574280349336,0.03006654587331476,0.040914045580062605,0.09980277755110457,0.12571280829599246
TR_FX_first,fx,21,0.042061421367744885,0.007260559998533854,0.013669070385603901,0.08331149381532518,0.12090897121626415
TR_FX_first,policy,21,0.34701426389120693,0.09963296148132304,0.13394974809336038,0.3179786797548658,0.3925544071561682
TR_FX_first,brent,22,0.0,0.0,0.0,0.0,0.0
TR_FX_first,vix,22,0.0,0.0,0.0,0.0,0.0
TR_FX_first,fedfunds,22,0.0,0.0,0.0,0.0,0.0
TR_FX_first,activity,22,0.0436292037899626,0.016337699490146244,0.022424976738118954,0.059621787846152595,0.07741002064894117
TR_FX_first,price,22,0.05650357392137394,0.030248404840732872,0.04067694139806022,0.09848962349355031,0.12399778241163349
TR_FX_first,fx,22,0.04259309795622742,0.0071254109117160035,0.013434686872071522,0.08205321761356314,0.12526721049260642
TR_FX_first,policy,22,0.31430671511141606,0.08931226521577666,0.11866164011170742,0.28528376052011684,0.3654447385705285
TR_FX_first,brent,23,0.0,0.0,0.0,0.0,0.0
TR_FX_first,vix,23,0.0,0.0,0.0,0.0,0.0
TR_FX_first,fedfunds,23,0.0,0.0,0.0,0.0,0.0
TR_FX_first,activity,23,0.04375057974600372,0.016140543923696817,0.021590657072575743,0.058679427026486555,0.07762894681490616
TR_FX_first,price,23,0.0559464756960598,0.029800885375877825,0.04010938850587542,0.09716063358241754,0.12129973312354049
TR_FX_first,fx,23,0.04310077336526357,0.007525690267676461,0.013626136291182376,0.08114310282081619,0.12788195233036606
TR_FX_first,policy,23,0.28335780720825854,0.07836675603311219,0.10393037759328341,0.25909304375172754,0.3411747911024831
TR_FX_first,brent,24,0.0,0.0,0.0,0.0,0.0
TR_FX_first,vix,24,0.0,0.0,0.0,0.0,0.0
TR_FX_first,fedfunds,24,0.0,0.0,0.0,0.0,0.0
TR_FX_first,activity,24,0.04352567426901081,0.015448896315476529,0.02058064457291029,0.0572601422903533,0.07787436798877027
TR_FX_first,price,24,0.056127066714206766,0.0297094614911479,0.04011825740174683,0.09729446365268563,0.11954136928718878
TR_FX_first,fx,24,0.043476678281457876,0.007613312524339902,0.014109015331064312,0.08035499057102384,0.12725670875513578
TR_FX_first,policy,24,0.25512515424904664,0.06905966875963228,0.09028072310803378,0.24011468960906068,0.31802943219195023
TR_FX_first,brent,25,0.0,0.0,0.0,0.0,0.0
TR_FX_first,vix,25,0.0,0.0,0.0,0.0,0.0
TR_FX_first,fedfunds,25,0.0,0.0,0.0,0.0,0.0
TR_FX_first,activity,25,0.04285826360212986,0.014667263526106025,0.0194918916101229,0.05581433749006827,0.08057253301905677
TR_FX_first,price,25,0.056207502866769884,0.029398611253555997,0.040158938020061465,0.09593360776469018,0.1201016330585324
TR_FX_first,fx,25,0.0436876663971758,0.007494248812428058,0.013820521728811944,0.07975960648680296,0.1297013862551036
TR_FX_first,policy,25,0.22943117913204744,0.06062952959482313,0.07947871992012039,0.2217706023207981,0.2949397885112803
TR_FX_first,brent,26,0.0,0.0,0.0,0.0,0.0
TR_FX_first,vix,26,0.0,0.0,0.0,0.0,0.0
TR_FX_first,fedfunds,26,0.0,0.0,0.0,0.0,0.0
TR_FX_first,activity,26,0.04151127840620819,0.014184819415916995,0.018517249212275835,0.05422816630837503,0.07906526585029923
TR_FX_first,price,26,0.05544441649395521,0.029171916942675243,0.040047002044097016,0.09475804718198409,0.11888329626305127
TR_FX_first,fx,26,0.04354251322736343,0.007130413850732544,0.013254328463711437,0.07907045267160352,0.13714850492915642
TR_FX_first,policy,26,0.20659119206334844,0.05301626468009662,0.07115495726656898,0.20271542738742362,0.2751975661060906
TR_FX_first,brent,27,0.0,0.0,0.0,0.0,0.0
TR_FX_first,vix,27,0.0,0.0,0.0,0.0,0.0
TR_FX_first,fedfunds,27,0.0,0.0,0.0,0.0,0.0
TR_FX_first,activity,27,0.03957815604499717,0.013393542026722896,0.017833235869526513,0.052058035536730364,0.07584726808581059
TR_FX_first,price,27,0.054235449535609104,0.029449174602408982,0.03905560863316466,0.09330385031858052,0.118374171335447
TR_FX_first,fx,27,0.043114889602886015,0.006812894436208871,0.012753002809688361,0.07726944252164546,0.1366832952950637
TR_FX_first,policy,27,0.18682702602040488,0.04862936792023518,0.06507669521005913,0.18846760112362207,0.2606980703456481
TR_FX_first,brent,28,0.0,0.0,0.0,0.0,0.0
TR_FX_first,vix,28,0.0,0.0,0.0,0.0,0.0
TR_FX_first,fedfunds,28,0.0,0.0,0.0,0.0,0.0
TR_FX_first,activity,28,0.03750175265011654,0.012978609524638711,0.01691129301967628,0.050377887072967475,0.07346675185871293
TR_FX_first,price,28,0.05299666806895965,0.029656013763412488,0.038401928013397146,0.0917916665685895,0.11717531386409369
TR_FX_first,fx,28,0.04247605587377511,0.0066835151188242145,0.011995392537317393,0.07566578835458648,0.12959005312149716
TR_FX_first,policy,28,0.16996523945923062,0.04434427669857557,0.05995057780093393,0.17427234205605108,0.2429782011329202
TR_FX_first,brent,29,0.0,0.0,0.0,0.0,0.0
TR_FX_first,vix,29,0.0,0.0,0.0,0.0,0.0
TR_FX_first,fedfunds,29,0.0,0.0,0.0,0.0,0.0
TR_FX_first,activity,29,0.0354915803071732,0.012192001384059648,0.01628175519054127,0.04806149559553397,0.07058496086822326
TR_FX_first,price,29,0.05186546591509117,0.02940487069671238,0.03794141254120023,0.09123629592275276,0.11668894638439624
TR_FX_first,fx,29,0.04157920103698724,0.006397286948496379,0.01163698159094853,0.07350083032787547,0.1284593954320518
TR_FX_first,policy,29,0.15585666997623152,0.04081569833962827,0.05548174543667852,0.16577475234023342,0.2323864044787515
TR_FX_first,brent,30,0.0,0.0,0.0,0.0,0.0
TR_FX_first,vix,30,0.0,0.0,0.0,0.0,0.0
TR_FX_first,fedfunds,30,0.0,0.0,0.0,0.0,0.0
TR_FX_first,activity,30,0.033563048279044584,0.011530577702109232,0.015726226012124627,0.04651682335830295,0.06860743059770717
TR_FX_first,price,30,0.05071751193465251,0.02919793879068251,0.03742367776434486,0.09051759559157257,0.11450944748319082
TR_FX_first,fx,30,0.04041563227391277,0.0059967574572529865,0.010810716964693868,0.0721789931170058,0.1274341603982847
TR_FX_first,policy,30,0.14419694100684974,0.03774516286147353,0.05179860842762122,0.15950332127639802,0.22081129901437066
TR_FX_first,brent,31,0.0,0.0,0.0,0.0,0.0
TR_FX_first,vix,31,0.0,0.0,0.0,0.0,0.0
TR_FX_first,fedfunds,31,0.0,0.0,0.0,0.0,0.0
TR_FX_first,activity,31,0.031646759289460535,0.010730648042711052,0.014975835962019445,0.04508063318354729,0.0667136430311793
TR_FX_first,price,31,0.04953898958830464,0.028988898858696967,0.03676473951387733,0.08921961847990448,0.11501053818735557
TR_FX_first,fx,31,0.03902288164712112,0.005628060211526842,0.01024443163004511,0.06833467108944478,0.12227505316893329
TR_FX_first,policy,31,0.13477472493015188,0.03472194792001587,0.049350225652384054,0.15387124731169685,0.21334857983163266
TR_FX_first,brent,32,0.0,0.0,0.0,0.0,0.0
TR_FX_first,vix,32,0.0,0.0,0.0,0.0,0.0
TR_FX_first,fedfunds,32,0.0,0.0,0.0,0.0,0.0
TR_FX_first,activity,32,0.02981636603221327,0.010409431354948167,0.014192228301290145,0.0436932767983713,0.06555475128569037
TR_FX_first,price,32,0.04850540245878055,0.02822572007639472,0.03589928810492502,0.08876326819544915,0.1148859823244845
TR_FX_first,fx,32,0.03742956751031243,0.005169002804535744,0.009637268486224457,0.0651401852705011,0.115441566213573
TR_FX_first,policy,32,0.127335935733047,0.033053330813420295,0.04769134387451428,0.1491114312440114,0.21011311647950964
TR_FX_first,brent,33,0.0,0.0,0.0,0.0,0.0
TR_FX_first,vix,33,0.0,0.0,0.0,0.0,0.0
TR_FX_first,fedfunds,33,0.0,0.0,0.0,0.0,0.0
TR_FX_first,activity,33,0.02806430047200834,0.009991410432623112,0.013431070672761225,0.04277319828661529,0.06246237067836843
TR_FX_first,price,33,0.04748610992489206,0.0274863557222966,0.035102526937435645,0.0867068624629482,0.1132828594942305
TR_FX_first,fx,33,0.035729839742695786,0.004608489596799425,0.008976998979852156,0.06254247609104822,0.10917662115222965
TR_FX_first,policy,33,0.1215612320272762,0.031681604328106114,0.045951845984312956,0.14696365643107098,0.20754903960752075
TR_FX_first,brent,34,0.0,0.0,0.0,0.0,0.0
TR_FX_first,vix,34,0.0,0.0,0.0,0.0,0.0
TR_FX_first,fedfunds,34,0.0,0.0,0.0,0.0,0.0
TR_FX_first,activity,34,0.026343036232529843,0.009510419721151318,0.012809349182101217,0.04165997787796498,0.06082465107249699
TR_FX_first,price,34,0.04636860855750394,0.027181545692023665,0.034401652171291756,0.0852561272110074,0.1116770149388593
TR_FX_first,fx,34,0.03401718098167214,0.0042896314895344055,0.008401285518626123,0.059008939842330396,0.09991467035062047
TR_FX_first,policy,34,0.11718364836101422,0.030781613208263364,0.043956306264448415,0.14487195580680087,0.20602018126788268
TR_FX_first,brent,35,0.0,0.0,0.0,0.0,0.0
TR_FX_first,vix,35,0.0,0.0,0.0,0.0,0.0
TR_FX_first,fedfunds,35,0.0,0.0,0.0,0.0,0.0
TR_FX_first,activity,35,0.024694851198817373,0.00914858526518905,0.01225415774740614,0.04028617575826948,0.058984453065306225
TR_FX_first,price,35,0.04518861671048922,0.026387284804345455,0.03423192798524425,0.08446744534291747,0.10800921590242255
TR_FX_first,fx,35,0.03229915702642594,0.0039041420527059847,0.007749319785742212,0.056150607075926555,0.09759023257738965
TR_FX_first,policy,35,0.11390369903350218,0.030025735805416693,0.042699863601572165,0.14241648308221094,0.20495025065394498
TR_FX_first,brent,36,0.0,0.0,0.0,0.0,0.0
TR_FX_first,vix,36,0.0,0.0,0.0,0.0,0.0
TR_FX_first,fedfunds,36,0.0,0.0,0.0,0.0,0.0
TR_FX_first,activity,36,0.02311291053914037,0.0086260343191329,0.011649508930193248,0.0389898347401117,0.0562898914260301
TR_FX_first,price,36,0.044010556622219386,0.025526753652780034,0.033674504927857105,0.08349497867051119,0.1069821136009135
TR_FX_first,fx,36,0.030568628849965165,0.003523446715420742,0.007220958026169901,0.053990990065017834,0.09227284783930335
TR_FX_first,policy,36,0.11146581577924161,0.029526515783445118,0.04167719940297871,0.1409586246393264,0.20384830778522203
TR_easing_dummy,brent,1,0.0,0.0,0.0,0.0,0.0
TR_easing_dummy,vix,1,0.0,0.0,0.0,0.0,0.0
TR_easing_dummy,fedfunds,1,0.0,0.0,0.0,0.0,0.0
TR_easing_dummy,activity,1,0.0,0.0,0.0,0.0,0.0
TR_easing_dummy,price,1,0.0,0.0,0.0,0.0,0.0
TR_easing_dummy,policy,1,0.9556329525127282,0.8588482686887419,0.89857696816383,0.9710446835480384,0.9856073846227837
TR_easing_dummy,fx,1,0.022518756158214012,0.003325982533992581,0.00858263414250932,0.04015078002427166,0.055146488581066355
TR_easing_dummy,brent,2,0.0,0.0,0.0,0.0,0.0
TR_easing_dummy,vix,2,0.0,0.0,0.0,0.0,0.0
TR_easing_dummy,fedfunds,2,0.0,0.0,0.0,0.0,0.0
TR_easing_dummy,activity,2,0.00031999008589686886,1.5986497712981705e-05,0.00017326073440031896,0.007676005958892908,0.014250109696764197
TR_easing_dummy,price,2,0.00308466632714468,8.038008369311349e-05,0.0005986695746279993,0.017270385811298163,0.028693549198919376
TR_easing_dummy,policy,2,0.8917945500460118,0.7342332162255001,0.7782426870473835,0.8973377117696353,0.9261103064055596
TR_easing_dummy,fx,2,0.01147188848631399,0.002117141908610745,0.004076485128012394,0.03386508685666761,0.0551331155656853
TR_easing_dummy,brent,3,0.0,0.0,0.0,0.0,0.0
TR_easing_dummy,vix,3,0.0,0.0,0.0,0.0,0.0
TR_easing_dummy,fedfunds,3,0.0,0.0,0.0,0.0,0.0
TR_easing_dummy,activity,3,0.00032245651751920326,0.00011945340524158493,0.00037422904219845405,0.009072349260798704,0.017141429035766608
TR_easing_dummy,price,3,0.003054681824810539,0.0012303913250558724,0.0022834155507998684,0.018740171324911428,0.033668007601898566
TR_easing_dummy,policy,3,0.7893436508081887,0.5714038094332491,0.6324141209593956,0.7920549575033135,0.8296877531295452
TR_easing_dummy,fx,3,0.0066411737573740665,0.0022744339718572502,0.004180622981753297,0.027695848501464795,0.05702121102525419
TR_easing_dummy,brent,4,0.0,0.0,0.0,0.0,0.0
TR_easing_dummy,vix,4,0.0,0.0,0.0,0.0,0.0
TR_easing_dummy,fedfunds,4,0.0,0.0,0.0,0.0,0.0
TR_easing_dummy,activity,4,0.000409360313578216,0.00020710934014951313,0.0005689476771003549,0.010965606411498293,0.020476529326481235
TR_easing_dummy,price,4,0.006916201412507977,0.002290543621086477,0.0045164819562193625,0.022596882827440892,0.034100877359063954
TR_easing_dummy,policy,4,0.6879957979343203,0.43917346616906455,0.5164635394465493,0.7002440436635238,0.7503876671939509
TR_easing_dummy,fx,4,0.0054576804481599826,0.0024311353805684974,0.004477184947551668,0.024878814797281632,0.05301607267246331
TR_easing_dummy,brent,5,0.0,0.0,0.0,0.0,0.0
TR_easing_dummy,vix,5,0.0,0.0,0.0,0.0,0.0
TR_easing_dummy,fedfunds,5,0.0,0.0,0.0,0.0,0.0
TR_easing_dummy,activity,5,0.0004298118209574146,0.00024656704688811427,0.0007448908783257163,0.012483530739824378,0.023055127098781342
TR_easing_dummy,price,5,0.010343958449411298,0.00271248936122733,0.005535542462921413,0.02787335819472435,0.039819312415720474
TR_easing_dummy,policy,5,0.6045563210245296,0.35396271469118695,0.4338332512044465,0.6354820600017204,0.6917330966251576
TR_easing_dummy,fx,5,0.005431884381304262,0.0021249650020292374,0.0043908735690206735,0.0245698949655935,0.049806269556368465
TR_easing_dummy,brent,6,0.0,0.0,0.0,0.0,0.0
TR_easing_dummy,vix,6,0.0,0.0,0.0,0.0,0.0
TR_easing_dummy,fedfunds,6,0.0,0.0,0.0,0.0,0.0
TR_easing_dummy,activity,6,0.0004113905065417267,0.00041242992665707314,0.0008760720513399722,0.013168067485119374,0.024479029744854233
TR_easing_dummy,price,6,0.011872591536876876,0.003094081813647757,0.0058985244200706775,0.03014574821889952,0.042760233870038994
TR_easing_dummy,policy,6,0.5390406773753695,0.3010561414056634,0.37689440139352925,0.5860903183804579,0.6566938835831595
TR_easing_dummy,fx,6,0.005573324432689299,0.002125459209877168,0.004265002350442863,0.024478737411038634,0.04763138260183273
TR_easing_dummy,brent,7,0.0,0.0,0.0,0.0,0.0
TR_easing_dummy,vix,7,0.0,0.0,0.0,0.0,0.0
TR_easing_dummy,fedfunds,7,0.0,0.0,0.0,0.0,0.0
TR_easing_dummy,activity,7,0.00040237031122035817,0.000440832733426481,0.000973916175861504,0.01405090686046258,0.02548184815183533
TR_easing_dummy,price,7,0.012465171357182683,0.003391865766715922,0.006243562409079142,0.03178509280335979,0.04565476003110629
TR_easing_dummy,policy,7,0.4876311864554864,0.26706771132026713,0.3316038409861817,0.5464153437605502,0.6204519929310444
TR_easing_dummy,fx,7,0.00566712779121031,0.0022244600096568957,0.0041389074379484395,0.02346706876909267,0.047954719356244756
TR_easing_dummy,brent,8,0.0,0.0,0.0,0.0,0.0
TR_easing_dummy,vix,8,0.0,0.0,0.0,0.0,0.0
TR_easing_dummy,fedfunds,8,0.0,0.0,0.0,0.0,0.0
TR_easing_dummy,activity,8,0.00042828202145958535,0.0004929116052743775,0.0011081163322861924,0.014471796601602444,0.025435641943456495
TR_easing_dummy,price,8,0.012749153934085922,0.003524231405682719,0.006363026672415578,0.03253757138837775,0.04719936090471372
TR_easing_dummy,policy,8,0.4470496880510345,0.24043641810924188,0.2977469758729747,0.5149976439423556,0.5916304080087049
TR_easing_dummy,fx,8,0.005713120356114682,0.0021694374873764684,0.003967988687701467,0.024313662018743337,0.04661804505104848
TR_easing_dummy,brent,9,0.0,0.0,0.0,0.0,0.0
TR_easing_dummy,vix,9,0.0,0.0,0.0,0.0,0.0
TR_easing_dummy,fedfunds,9,0.0,0.0,0.0,0.0,0.0
TR_easing_dummy,activity,9,0.0004877023958596764,0.0005399087769468189,0.0012326265291034816,0.01516237568831851,0.02643140497439287
TR_easing_dummy,price,9,0.01293306776625515,0.0035257562829158194,0.006704265139938585,0.03285995057057129,0.04881275851025084
TR_easing_dummy,policy,9,0.414937867547076,0.2174158048969599,0.27424220776597386,0.48721651398082777,0.5708908250233459
TR_easing_dummy,fx,9,0.005740493054970333,0.0021512196957143665,0.003783004833059,0.023816754055362748,0.045886190155065475
TR_easing_dummy,brent,10,0.0,0.0,0.0,0.0,0.0
TR_easing_dummy,vix,10,0.0,0.0,0.0,0.0,0.0
TR_easing_dummy,fedfunds,10,0.0,0.0,0.0,0.0,0.0
TR_easing_dummy,activity,10,0.0005698261479979016,0.0006022132438805156,0.0013745733669649355,0.015515746361830516,0.027752107427838683
TR_easing_dummy,price,10,0.013076754580060761,0.0036354774459520286,0.00678986893081162,0.03321240840453877,0.049547432316859825
TR_easing_dummy,policy,10,0.38949643208455104,0.20245034079091265,0.2552636813640712,0.4674995498225071,0.5515410339374012
TR_easing_dummy,fx,10,0.005770306542067642,0.0021110890773923586,0.003576938177799482,0.025690120382339983,0.04534653455961402
TR_easing_dummy,brent,11,0.0,0.0,0.0,0.0,0.0
TR_easing_dummy,vix,11,0.0,0.0,0.0,0.0,0.0
TR_easing_dummy,fedfunds,11,0.0,0.0,0.0,0.0,0.0
TR_easing_dummy,activity,11,0.0006648642832231172,0.0006336469365977038,0.001389659242569653,0.016446032518813995,0.02981501689756424
TR_easing_dummy,price,11,0.01319848280505308,0.003665321198441276,0.006823248416214595,0.0333768682112281,0.04997835839723176
TR_easing_dummy,policy,11,0.36927053649169816,0.18899342759792204,0.24053085925686754,0.4526662379157117,0.53449649974662
TR_easing_dummy,fx,11,0.005812281752214689,0.0021183992936754763,0.003457550307212812,0.026496084965682724,0.045327111027494725
TR_easing_dummy,brent,12,0.0,0.0,0.0,0.0,0.0
TR_easing_dummy,vix,12,0.0,0.0,0.0,0.0,0.0
TR_easing_dummy,fedfunds,12,0.0,0.0,0.0,0.0,0.0
TR_easing_dummy,activity,12,0.0007659505477325557,0.0006468288277337094,0.001427642033090357,0.016509726818355115,0.029359434445784205
TR_easing_dummy,price,12,0.013303240601215745,0.003756257569572525,0.006910114087775847,0.03374120646003206,0.05028524249388381
TR_easing_dummy,policy,12,0.35308299730868153,0.1782432809672396,0.23095040312889226,0.4403710780692338,0.5176459702987846
TR_easing_dummy,fx,12,0.005868184710932499,0.002054409834554688,0.003450055406487871,0.02740232590405848,0.04583860306051826
TR_easing_dummy,brent,13,0.0,0.0,0.0,0.0,0.0
TR_easing_dummy,vix,13,0.0,0.0,0.0,0.0,0.0
TR_easing_dummy,fedfunds,13,0.0,0.0,0.0,0.0,0.0
TR_easing_dummy,activity,13,0.0008688950305280051,0.000677012959565018,0.0015395541663322096,0.01634992327640005,0.02961810429331429
TR_easing_dummy,price,13,0.01339178710704054,0.00381303950054295,0.006999201604647698,0.0340755462206786,0.05046561837393197
TR_easing_dummy,policy,13,0.3400053549285532,0.17050543880421623,0.2231791200188475,0.43128517071569644,0.5065272575947118
TR_easing_dummy,fx,13,0.005935648256476545,0.002031965795902472,0.003430432933451416,0.028460818949074485,0.04899740314748306
TR_easing_dummy,brent,14,0.0,0.0,0.0,0.0,0.0
TR_easing_dummy,vix,14,0.0,0.0,0.0,0.0,0.0
TR_easing_dummy,fedfunds,14,0.0,0.0,0.0,0.0,0.0
TR_easing_dummy,activity,14,0.000971219338997132,0.0007399017442172849,0.0015853863167939433,0.01660927231090422,0.02983629664918023
TR_easing_dummy,price,14,0.013464538154198324,0.0038495208060806497,0.007001585042657394,0.03407993525102497,0.05056032723496174
TR_easing_dummy,policy,14,0.32932309219358546,0.16489890891655984,0.21626374035354587,0.4200354869291958,0.4923934897608281
TR_easing_dummy,fx,14,0.006010966388363986,0.0019482814014773365,0.003444056979342625,0.02962600959451444,0.048723746123642074
TR_easing_dummy,brent,15,0.0,0.0,0.0,0.0,0.0
TR_easing_dummy,vix,15,0.0,0.0,0.0,0.0,0.0
TR_easing_dummy,fedfunds,15,0.0,0.0,0.0,0.0,0.0
TR_easing_dummy,activity,15,0.0010714641145628252,0.0007583410746039399,0.0016187510338739443,0.01655517932060571,0.030369857108614815
TR_easing_dummy,price,15,0.013522828063002486,0.003858130873063867,0.007027829007253593,0.03407911138822071,0.05057578872835655
TR_easing_dummy,policy,15,0.32049411558640856,0.15819795451026375,0.21000907091646595,0.4116343460170763,0.4819371245905985
TR_easing_dummy,fx,15,0.006090599629561386,0.001894375123634314,0.0034762626616977573,0.029993532964819613,0.04996529884006443
TR_easing_dummy,brent,16,0.0,0.0,0.0,0.0,0.0
TR_easing_dummy,vix,16,0.0,0.0,0.0,0.0,0.0
TR_easing_dummy,fedfunds,16,0.0,0.0,0.0,0.0,0.0
TR_easing_dummy,activity,16,0.0011687610868564764,0.0007709441611241551,0.001645098032981471,0.017198904435065325,0.03111952212708979
TR_easing_dummy,price,16,0.013568734957234816,0.0038678627597111643,0.007069464884737642,0.03407493694417361,0.05056511753800198
TR_easing_dummy,policy,16,0.31310873304116155,0.15340518213205545,0.20406517789595763,0.40341874390564214,0.4687888348491299
TR_easing_dummy,fx,16,0.006171729795824421,0.0018415415919118658,0.00343020906250403,0.03139390788211384,0.05155430370885848
TR_easing_dummy,brent,17,0.0,0.0,0.0,0.0,0.0
TR_easing_dummy,vix,17,0.0,0.0,0.0,0.0,0.0
TR_easing_dummy,fedfunds,17,0.0,0.0,0.0,0.0,0.0
TR_easing_dummy,activity,17,0.00126261497880982,0.000785911897576335,0.0016907835136265748,0.017596782699389354,0.030759269458032517
TR_easing_dummy,price,17,0.013604536134398201,0.003878015460420427,0.007095995554930679,0.034068216235808545,0.05054257394384033
TR_easing_dummy,policy,17,0.3068562601072037,0.15052897122471065,0.19872701069802753,0.3948147881906235,0.4593225897273453
TR_easing_dummy,fx,17,0.006252305975003004,0.0018438017518570126,0.0033422463880247804,0.030822948178057155,0.05268111053496955
TR_easing_dummy,brent,18,0.0,0.0,0.0,0.0,0.0
TR_easing_dummy,vix,18,0.0,0.0,0.0,0.0,0.0
TR_easing_dummy,fedfunds,18,0.0,0.0,0.0,0.0,0.0
TR_easing_dummy,activity,18,0.0013527837475281147,0.0007875663782171885,0.0017572032736268765,0.017937294489339253,0.030864519242025767
TR_easing_dummy,price,18,0.013632314512724253,0.003888109687364511,0.007114913450749111,0.03405951867790783,0.050515887400013254
TR_easing_dummy,policy,18,0.30149939858897107,0.14540488893827302,0.19335931804464224,0.38603527400267834,0.4542895935853817
TR_easing_dummy,fx,18,0.006330901133640849,0.001757365353577748,0.003210051767645266,0.03186280865631649,0.05327524212336198
TR_easing_dummy,brent,19,0.0,0.0,0.0,0.0,0.0
TR_easing_dummy,vix,19,0.0,0.0,0.0,0.0,0.0
TR_easing_dummy,fedfunds,19,0.0,0.0,0.0,0.0,0.0
TR_easing_dummy,activity,19,0.0014392031546193403,0.0008095378787244148,0.0018052925690046808,0.01809349520714679,0.032059909652845865
TR_easing_dummy,price,19,0.013653798135536363,0.0038978920611737753,0.007130076521678703,0.0342426930299373,0.05048913664388737
TR_easing_dummy,policy,19,0.29685539862869853,0.1424986903835515,0.19009363554699046,0.37820020968435514,0.4436278065871879
TR_easing_dummy,fx,19,0.006406542706701457,0.0016760967648667999,0.003240834552148503,0.03265765560318036,0.053394401302753886
TR_easing_dummy,brent,20,0.0,0.0,0.0,0.0,0.0
TR_easing_dummy,vix,20,0.0,0.0,0.0,0.0,0.0
TR_easing_dummy,fedfunds,20,0.0,0.0,0.0,0.0,0.0
TR_easing_dummy,activity,20,0.0015219302618041145,0.00080838952453343,0.0019059271688740295,0.018681232325021238,0.03331598546006814
TR_easing_dummy,price,20,0.013670350248103104,0.003907221442489003,0.007145725130840426,0.03436636782508009,0.05055116970359937
TR_easing_dummy,policy,20,0.29278241145685235,0.14072641630498428,0.18703308652637063,0.37183046068910286,0.4386767602015796
TR_easing_dummy,fx,20,0.006478576754002211,0.0015901342684736398,0.003231799754982408,0.033928320852323654,0.054627272433080035
TR_easing_dummy,brent,21,0.0,0.0,0.0,0.0,0.0
TR_easing_dummy,vix,21,0.0,0.0,0.0,0.0,0.0
TR_easing_dummy,fedfunds,21,0.0,0.0,0.0,0.0,0.0
TR_easing_dummy,activity,21,0.0016010992924121615,0.0007964794802321982,0.001873530269115389,0.0188692803868261,0.033660536088919654
TR_easing_dummy,price,21,0.013683023185214641,0.0039044166493177584,0.007165459317270038,0.03434121353285128,0.05062041153430113
TR_easing_dummy,policy,21,0.28916957682428507,0.13787492030187135,0.1841146907689872,0.3671869360258853,0.43131758407289944
TR_easing_dummy,fx,21,0.006546574199306141,0.0015752821668375118,0.0031937535327829234,0.03476467126217233,0.05591095500475287
TR_easing_dummy,brent,22,0.0,0.0,0.0,0.0,0.0
TR_easing_dummy,vix,22,0.0,0.0,0.0,0.0,0.0
TR_easing_dummy,fedfunds,22,0.0,0.0,0.0,0.0,0.0
TR_easing_dummy,activity,22,0.0016768881022038115,0.0007846997896705301,0.0018801564652664074,0.018881422698921662,0.03380890173667313
TR_easing_dummy,price,22,0.01369262530231113,0.0038941850271531886,0.007193796744430541,0.0343138265055336,0.050676699325082925
TR_easing_dummy,policy,22,0.28592974054619574,0.13533678692203324,0.1810548132501026,0.35911433943315385,0.4262873806513491
TR_easing_dummy,fx,22,0.006610269679176006,0.0015426199947768757,0.003137289756352828,0.035402293757589534,0.05652327132303703
TR_easing_dummy,brent,23,0.0,0.0,0.0,0.0,0.0
TR_easing_dummy,vix,23,0.0,0.0,0.0,0.0,0.0
TR_easing_dummy,fedfunds,23,0.0,0.0,0.0,0.0,0.0
TR_easing_dummy,activity,23,0.0017494943096759764,0.0007735568828717844,0.0019125005612543908,0.019032630410300108,0.03430318816817773
TR_easing_dummy,price,23,0.013699779831632671,0.0038848221978906,0.007223708144832653,0.03428482905136869,0.05072444298745021
TR_easing_dummy,policy,23,0.28299402930786344,0.13329002610322477,0.17755744753273148,0.3540583616429184,0.42133031688180783
TR_easing_dummy,fx,23,0.006669521156989302,0.0015031726982037727,0.003034943358241166,0.03588725045325696,0.05685609324000092
TR_easing_dummy,brent,24,0.0,0.0,0.0,0.0,0.0
TR_easing_dummy,vix,24,0.0,0.0,0.0,0.0,0.0
TR_easing_dummy,fedfunds,24,0.0,0.0,0.0,0.0,0.0
TR_easing_dummy,activity,24,0.0018191195075287177,0.0008016376561309853,0.00199392211953317,0.01895442107930541,0.033882952377880804
TR_easing_dummy,price,24,0.013704970516361466,0.0038773687917058055,0.007241315431804868,0.034254684597662566,0.05076648950016702
TR_easing_dummy,policy,24,0.28030775687295423,0.13169186490087129,0.17412313719401792,0.3494541757153612,0.41628268254501977
TR_easing_dummy,fx,24,0.006724281506762214,0.001520973038793048,0.0029725010341079662,0.03627765935029875,0.05769662934983037
TR_easing_dummy,brent,25,0.0,0.0,0.0,0.0,0.0
TR_easing_dummy,vix,25,0.0,0.0,0.0,0.0,0.0
TR_easing_dummy,fedfunds,25,0.0,0.0,0.0,0.0,0.0
TR_easing_dummy,activity,25,0.0018859596480382257,0.0008118438713684153,0.0020088982603647335,0.018978539347152584,0.033798917882338554
TR_easing_dummy,price,25,0.013708575335173959,0.003895483302870253,0.007245171686465615,0.03421131156221181,0.05080411291497156
TR_easing_dummy,policy,25,0.2778273026751672,0.1292265312819236,0.17152472420159487,0.34210312932318604,0.40877279186487747
TR_easing_dummy,fx,25,0.006774576906575788,0.0015111894659291026,0.002918708610438317,0.03648852121311196,0.05786148314395448
TR_easing_dummy,brent,26,0.0,0.0,0.0,0.0,0.0
TR_easing_dummy,vix,26,0.0,0.0,0.0,0.0,0.0
TR_easing_dummy,fedfunds,26,0.0,0.0,0.0,0.0,0.0
TR_easing_dummy,activity,26,0.0019501997568965224,0.000809578820253181,0.0020250276237786494,0.019157082577562917,0.03475765747870111
TR_easing_dummy,price,26,0.013710891233778985,0.0039123608759320735,0.007270386333108113,0.034158230401953385,0.050837718719254375
TR_easing_dummy,policy,26,0.27551771280902065,0.12753943725145847,0.16953699219521584,0.3363377562649432,0.4033224704860502
TR_easing_dummy,fx,26,0.0068204894735436365,0.0014677245731892076,0.002844788146538276,0.036546353529107505,0.057710725009498885
TR_easing_dummy,brent,27,0.0,0.0,0.0,0.0,0.0
TR_easing_dummy,vix,27,0.0,0.0,0.0,0.0,0.0
TR_easing_dummy,fedfunds,27,0.0,0.0,0.0,0.0,0.0
TR_easing_dummy,activity,27,0.0020120114682912224,0.0008643604668311489,0.0019952755219695643,0.01890461598869383,0.035283052047208725
TR_easing_dummy,price,27,0.013712152488390389,0.0039289588264191655,0.007280302809004504,0.034093460407086634,0.05086754477014631
TR_easing_dummy,policy,27,0.27335084507477125,0.12591771882346142,0.16666320871244467,0.3322376675285488,0.3992133608910202
TR_easing_dummy,fx,27,0.006862142992353948,0.001424298110783129,0.002734280838580939,0.0365832571428797,0.057687388749064795
TR_easing_dummy,brent,28,0.0,0.0,0.0,0.0,0.0
TR_easing_dummy,vix,28,0.0,0.0,0.0,0.0,0.0
TR_easing_dummy,fedfunds,28,0.0,0.0,0.0,0.0,0.0
TR_easing_dummy,activity,28,0.0020715522824456462,0.0009041171932866058,0.002017445306087767,0.018547700380843198,0.03532771758700206
TR_easing_dummy,price,28,0.013712544589918121,0.003944237035527382,0.007289412651321936,0.034011671096252374,0.05089399213333402
TR_easing_dummy,policy,28,0.2713039280249503,0.12495433410296745,0.1639242298177964,0.32987986385900003,0.3969407652321227
TR_easing_dummy,fx,28,0.0068996912061946815,0.0013771187369624814,0.002700269392084772,0.03629479078937636,0.058433168868382554
TR_easing_dummy,brent,29,0.0,0.0,0.0,0.0,0.0
TR_easing_dummy,vix,29,0.0,0.0,0.0,0.0,0.0
TR_easing_dummy,fedfunds,29,0.0,0.0,0.0,0.0,0.0
TR_easing_dummy,activity,29,0.002128965810878474,0.0009071966571628728,0.0020371193933604492,0.018563018084187127,0.03573280584311225
TR_easing_dummy,price,29,0.013712214900553944,0.003958354408100605,0.007297847264103514,0.033927972346293654,0.050917612493873325
TR_easing_dummy,policy,29,0.2693584375306462,0.12423969713184238,0.1621512552871327,0.32746218823768825,0.3941531257315098
TR_easing_dummy,fx,29,0.006933308338129104,0.0013470599798438086,0.002684021521520049,0.03622512732953887,0.058967966663591345
TR_easing_dummy,brent,30,0.0,0.0,0.0,0.0,0.0
TR_easing_dummy,vix,30,0.0,0.0,0.0,0.0,0.0
TR_easing_dummy,fedfunds,30,0.0,0.0,0.0,0.0,0.0
TR_easing_dummy,activity,30,0.0021843825480277585,0.0009086890081205276,0.00204233959339974,0.018388777892631183,0.03614445597689334
TR_easing_dummy,price,30,0.013711280907289725,0.003968735654827031,0.007305715090304242,0.033915474492404486,0.05093895966943861
TR_easing_dummy,policy,30,0.26749921834982116,0.12357833845438729,0.15985521229442837,0.3228332665446351,0.3865588346794385
TR_easing_dummy,fx,30,0.006963181547744098,0.00130711010755545,0.0027452844747522165,0.036211229021933085,0.059697825283383466
TR_easing_dummy,brent,31,0.0,0.0,0.0,0.0,0.0
TR_easing_dummy,vix,31,0.0,0.0,0.0,0.0,0.0
TR_easing_dummy,fedfunds,31,0.0,0.0,0.0,0.0,0.0
TR_easing_dummy,activity,31,0.0022379208925900904,0.0008972681970688536,0.002083552462209498,0.018458519216329794,0.036581792252212315
TR_easing_dummy,price,31,0.013709836638858676,0.003972277214301694,0.007313105955604565,0.03390295481440621,0.05095847460384812
TR_easing_dummy,policy,31,0.265713795632098,0.12156963641300997,0.15770009563532209,0.31901347942261254,0.3836579039829619
TR_easing_dummy,fx,31,0.006989505029045859,0.0012701199515150212,0.0027389718734675854,0.03659994210029762,0.06025637881136957
TR_easing_dummy,brent,32,0.0,0.0,0.0,0.0,0.0
TR_easing_dummy,vix,32,0.0,0.0,0.0,0.0,0.0
TR_easing_dummy,fedfunds,32,0.0,0.0,0.0,0.0,0.0
TR_easing_dummy,activity,32,0.002289688257887143,0.0008923938073462994,0.0020653853860611465,0.018767972315894492,0.037004092741694534
TR_easing_dummy,price,32,0.013707957658736752,0.003976184980473807,0.007320094529472565,0.033890400296195396,0.05094200620208575
TR_easing_dummy,policy,32,0.2639918341985078,0.11907202948156702,0.1556255334918083,0.31345252035206983,0.3811983847547143
TR_easing_dummy,fx,32,0.0070124754664854395,0.0012356846262370235,0.0027150019027200184,0.036940215851737145,0.06093946413971062
TR_easing_dummy,brent,33,0.0,0.0,0.0,0.0,0.0
TR_easing_dummy,vix,33,0.0,0.0,0.0,0.0,0.0
TR_easing_dummy,fedfunds,33,0.0,0.0,0.0,0.0,0.0
TR_easing_dummy,activity,33,0.00233978218019317,0.0009170156479584936,0.0020890704419149176,0.019357641765704862,0.03709450245885679
TR_easing_dummy,price,33,0.013705704949250807,0.003979885799683024,0.007326743082345892,0.03387069308211693,0.05089712729022698
TR_easing_dummy,policy,33,0.26232471309743005,0.11668687638111144,0.1539888966477267,0.3108396131796132,0.37695749282414026
TR_easing_dummy,fx,33,0.007032288592870147,0.001203356272778826,0.0026812537500365808,0.03706456290037684,0.06175744573122093
TR_easing_dummy,brent,34,0.0,0.0,0.0,0.0,0.0
TR_easing_dummy,vix,34,0.0,0.0,0.0,0.0,0.0
TR_easing_dummy,fedfunds,34,0.0,0.0,0.0,0.0,0.0
TR_easing_dummy,activity,34,0.0023882913749190835,0.0009092054896105709,0.0020951003035239906,0.01977370428842976,0.03702922023405317
TR_easing_dummy,price,34,0.013703127933353283,0.003983323397413155,0.007333103686488295,0.033846073928192916,0.05084269861802344
TR_easing_dummy,policy,34,0.26070519025597066,0.11535242893056016,0.1517671634683699,0.3093132445940254,0.37367279056628444
TR_easing_dummy,fx,34,0.0070491366289598895,0.0011729529881194418,0.0026497187017891772,0.03715837065217402,0.06306398984946004
TR_easing_dummy,brent,35,0.0,0.0,0.0,0.0,0.0
TR_easing_dummy,vix,35,0.0,0.0,0.0,0.0,0.0
TR_easing_dummy,fedfunds,35,0.0,0.0,0.0,0.0,0.0
TR_easing_dummy,activity,35,0.0024352967147015705,0.0009182056996354832,0.0021352826228669755,0.019757490451845265,0.03677256145854779
TR_easing_dummy,price,35,0.01370026682820254,0.003986529072576761,0.007336157402195973,0.03380413190978839,0.05078339372638498
TR_easing_dummy,policy,35,0.25912713764400397,0.11488969757906606,0.15025243743599523,0.3081995272483231,0.3708735273450745
TR_easing_dummy,fx,35,0.007063206422082197,0.0011443126334609046,0.0026005352954280277,0.037344325063618414,0.06394323550154872
TR_easing_dummy,brent,36,0.0,0.0,0.0,0.0,0.0
TR_easing_dummy,vix,36,0.0,0.0,0.0,0.0,0.0
TR_easing_dummy,fedfunds,36,0.0,0.0,0.0,0.0,0.0
TR_easing_dummy,activity,36,0.0024808721179055237,0.000919374446673988,0.002113799747124509,0.01986809805943356,0.03688675715965077
TR_easing_dummy,price,36,0.013697154482732043,0.003989530739431157,0.007336120355465569,0.03376542095789003,0.05072277227602477
TR_easing_dummy,policy,36,0.2575853316855258,0.11326246212238204,0.14865569647654703,0.3061793986901226,0.3692710273033164
TR_easing_dummy,fx,36,0.007074678135333472,0.0011172902805224553,0.0025843564028377878,0.03748027086953256,0.06430867418658952
