model,method,horizon,variable,estimate,lo90,lo68,hi68,hi90,lag,usable_start,usable_end,usable_nobs,shock_identification,response_estimator,units,uncertainty,status,LP_count,min,max,LP_origin_start,LP_origin_end
p3,recursive VAR,0,brent,0.0,0.0,0.0,0.0,0.0,3,2005-04,2025-10,247,recursive Cholesky,VAR moving-average propagation,100 log response per100bp tightening,pointwise90/68 intervals,estimated,,,,,
p3,recursive VAR,0,vix,0.0,0.0,0.0,0.0,0.0,3,2005-04,2025-10,247,recursive Cholesky,VAR moving-average propagation,unscaled log response per100bp tightening,pointwise90/68 intervals,estimated,,,,,
p3,recursive VAR,0,activity,0.0,0.0,0.0,0.0,0.0,3,2005-04,2025-10,247,recursive Cholesky,VAR moving-average propagation,100 log response per100bp tightening,pointwise90/68 intervals,estimated,,,,,
p3,recursive VAR,0,price,0.0,0.0,0.0,0.0,0.0,3,2005-04,2025-10,247,recursive Cholesky,VAR moving-average propagation,100 log response per100bp tightening,pointwise90/68 intervals,estimated,,,,,
p3,recursive VAR,0,policy,1.0,1.0,1.0,1.0,1.0,3,2005-04,2025-10,247,recursive Cholesky,VAR moving-average propagation,pp response per100bp tightening,pointwise90/68 intervals,estimated,,,,,
p3,recursive VAR,0,fx,3.8571115915960306,2.3844602709180025,2.943930061251009,4.874453290366891,5.485740400425382,3,2005-04,2025-10,247,recursive Cholesky,VAR moving-average propagation,100 log response per100bp tightening,pointwise90/68 intervals,estimated,,,,,
p3,recursive VAR,1,brent,8.822513764851005,0.6606048815546842,3.8114591476392934,13.20134249981906,15.9315710865033,3,2005-04,2025-10,247,recursive Cholesky,VAR moving-average propagation,100 log response per100bp tightening,pointwise90/68 intervals,estimated,,,,,
p3,recursive VAR,1,vix,0.0623576404945137,-0.0812490575124344,-0.015070767198925,0.1396806528119939,0.2000927471113285,3,2005-04,2025-10,247,recursive Cholesky,VAR moving-average propagation,unscaled log response per100bp tightening,pointwise90/68 intervals,estimated,,,,,
p3,recursive VAR,1,activity,0.1289255907221891,-1.3311913726403315,-0.7258602457692422,0.9759400397159504,1.542588374638893,3,2005-04,2025-10,247,recursive Cholesky,VAR moving-average propagation,100 log response per100bp tightening,pointwise90/68 intervals,estimated,,,,,
p3,recursive VAR,1,price,0.3625229178368004,0.1506366379323411,0.2300799715054918,0.4819658814022143,0.5680394738289847,3,2005-04,2025-10,247,recursive Cholesky,VAR moving-average propagation,100 log response per100bp tightening,pointwise90/68 intervals,estimated,,,,,
p3,recursive VAR,1,policy,1.2232320958048275,1.0827758588340204,1.124097947740844,1.2823964706767392,1.329348462805315,3,2005-04,2025-10,247,recursive Cholesky,VAR moving-average propagation,pp response per100bp tightening,pointwise90/68 intervals,estimated,,,,,
p3,recursive VAR,1,fx,5.056313522913451,2.594843672587808,3.5364477391893505,6.577422698812561,7.29217876130314,3,2005-04,2025-10,247,recursive Cholesky,VAR moving-average propagation,100 log response per100bp tightening,pointwise90/68 intervals,estimated,,,,,
p3,recursive VAR,2,brent,16.257086410676553,3.7506333321959926,7.981297258256045,23.140895501248902,27.350797044791623,3,2005-04,2025-10,247,recursive Cholesky,VAR moving-average propagation,100 log response per100bp tightening,pointwise90/68 intervals,estimated,,,,,
p3,recursive VAR,2,vix,-0.0945722394515357,-0.2767933040666957,-0.204797079283568,0.0076705837828308,0.0707713444714378,3,2005-04,2025-10,247,recursive Cholesky,VAR moving-average propagation,unscaled log response per100bp tightening,pointwise90/68 intervals,estimated,,,,,
p3,recursive VAR,2,activity,2.095779360481919,-0.1285244128246312,0.7805487646987929,3.320551226425446,4.265391510166529,3,2005-04,2025-10,247,recursive Cholesky,VAR moving-average propagation,100 log response per100bp tightening,pointwise90/68 intervals,estimated,,,,,
p3,recursive VAR,2,price,0.3696506703985115,-0.0138406100464611,0.1386634834828883,0.5640873537852218,0.6861169068772698,3,2005-04,2025-10,247,recursive Cholesky,VAR moving-average propagation,100 log response per100bp tightening,pointwise90/68 intervals,estimated,,,,,
p3,recursive VAR,2,policy,1.3379875436850677,1.1017752808085552,1.182329604582132,1.4374347908520615,1.5134298990322186,3,2005-04,2025-10,247,recursive Cholesky,VAR moving-average propagation,pp response per100bp tightening,pointwise90/68 intervals,estimated,,,,,
p3,recursive VAR,2,fx,4.727292296891324,1.3729277798840336,2.8085929261801748,6.611358771444364,7.572400179198194,3,2005-04,2025-10,247,recursive Cholesky,VAR moving-average propagation,100 log response per100bp tightening,pointwise90/68 intervals,estimated,,,,,
p3,recursive VAR,3,brent,21.534876945700844,5.954944906292421,10.838184693303605,29.067931070168235,34.09454224023097,3,2005-04,2025-10,247,recursive Cholesky,VAR moving-average propagation,100 log response per100bp tightening,pointwise90/68 intervals,estimated,,,,,
p3,recursive VAR,3,vix,-0.0842596624860765,-0.2688536006258162,-0.1851325842861753,0.0280249836997787,0.0946343399645762,3,2005-04,2025-10,247,recursive Cholesky,VAR moving-average propagation,unscaled log response per100bp tightening,pointwise90/68 intervals,estimated,,,,,
p3,recursive VAR,3,activity,3.319884133684074,0.8016896641294923,1.725409566695243,4.588760829725318,5.588955307352184,3,2005-04,2025-10,247,recursive Cholesky,VAR moving-average propagation,100 log response per100bp tightening,pointwise90/68 intervals,estimated,,,,,
p3,recursive VAR,3,price,0.3953612753583093,-0.0918927064271449,0.1149224317293512,0.6348266369112172,0.8171936181672316,3,2005-04,2025-10,247,recursive Cholesky,VAR moving-average propagation,100 log response per100bp tightening,pointwise90/68 intervals,estimated,,,,,
p3,recursive VAR,3,policy,1.3683870872895454,1.0664472943360903,1.1636189546836395,1.4940139826140737,1.5957994565988856,3,2005-04,2025-10,247,recursive Cholesky,VAR moving-average propagation,pp response per100bp tightening,pointwise90/68 intervals,estimated,,,,,
p3,recursive VAR,3,fx,4.882380585025211,1.1348093518264857,2.5911163921040963,6.925858909092253,8.076704031415808,3,2005-04,2025-10,247,recursive Cholesky,VAR moving-average propagation,100 log response per100bp tightening,pointwise90/68 intervals,estimated,,,,,
p3,recursive VAR,4,brent,20.14780601719081,3.409579548329127,8.310211904937887,27.71479517050891,32.80437492220868,3,2005-04,2025-10,247,recursive Cholesky,VAR moving-average propagation,100 log response per100bp tightening,pointwise90/68 intervals,estimated,,,,,
p3,recursive VAR,4,vix,-0.0448628693320209,-0.2174029465637348,-0.1349091687118857,0.0618193017776938,0.130705177426009,3,2005-04,2025-10,247,recursive Cholesky,VAR moving-average propagation,unscaled log response per100bp tightening,pointwise90/68 intervals,estimated,,,,,
p3,recursive VAR,4,activity,2.9675451094525127,0.3305013223452526,1.3449373770172235,4.0698797119919945,4.900270658686237,3,2005-04,2025-10,247,recursive Cholesky,VAR moving-average propagation,100 log response per100bp tightening,pointwise90/68 intervals,estimated,,,,,
p3,recursive VAR,4,price,0.4441666773454917,-0.1025580061518641,0.0990474190809476,0.6926029126061181,0.9274610738643828,3,2005-04,2025-10,247,recursive Cholesky,VAR moving-average propagation,100 log response per100bp tightening,pointwise90/68 intervals,estimated,,,,,
p3,recursive VAR,4,policy,1.3512012478231543,0.9944179038655226,1.1101482670145288,1.4920411161523957,1.622642241114096,3,2005-04,2025-10,247,recursive Cholesky,VAR moving-average propagation,pp response per100bp tightening,pointwise90/68 intervals,estimated,,,,,
p3,recursive VAR,4,fx,4.710832991555337,0.8229632411532939,2.402132510890719,6.750475915467064,7.771653015219101,3,2005-04,2025-10,247,recursive Cholesky,VAR moving-average propagation,100 log response per100bp tightening,pointwise90/68 intervals,estimated,,,,,
p3,recursive VAR,5,brent,17.322236280231323,0.0584240348644746,5.166524101720169,24.065613175912592,30.37499801515873,3,2005-04,2025-10,247,recursive Cholesky,VAR moving-average propagation,100 log response per100bp tightening,pointwise90/68 intervals,estimated,,,,,
p3,recursive VAR,5,vix,-0.0215094133389408,-0.1804852516721019,-0.1069339750289608,0.0773930783090063,0.140686771440055,3,2005-04,2025-10,247,recursive Cholesky,VAR moving-average propagation,unscaled log response per100bp tightening,pointwise90/68 intervals,estimated,,,,,
p3,recursive VAR,5,activity,2.370280929937453,-0.2932399216226393,0.6221868992510976,3.3196833879325096,4.2231512234771404,3,2005-04,2025-10,247,recursive Cholesky,VAR moving-average propagation,100 log response per100bp tightening,pointwise90/68 intervals,estimated,,,,,
p3,recursive VAR,5,price,0.4408758364648093,-0.1857497176282523,0.0599677830762666,0.7038591976587353,0.9792046729939244,3,2005-04,2025-10,247,recursive Cholesky,VAR moving-average propagation,100 log response per100bp tightening,pointwise90/68 intervals,estimated,,,,,
p3,recursive VAR,5,policy,1.327658439551075,0.9235201111430988,1.0439737631921733,1.472200513418129,1.6252563491865482,3,2005-04,2025-10,247,recursive Cholesky,VAR moving-average propagation,pp response per100bp tightening,pointwise90/68 intervals,estimated,,,,,
p3,recursive VAR,5,fx,4.436163790439098,0.5872580109106676,2.124011946263596,6.411770522504914,7.519013581282112,3,2005-04,2025-10,247,recursive Cholesky,VAR moving-average propagation,100 log response per100bp tightening,pointwise90/68 intervals,estimated,,,,,
p3,recursive VAR,6,brent,15.692961371368812,-2.0969897182047497,3.484031071778776,21.75551176316889,28.311824859657865,3,2005-04,2025-10,247,recursive Cholesky,VAR moving-average propagation,100 log response per100bp tightening,pointwise90/68 intervals,estimated,,,,,
p3,recursive VAR,6,vix,0.0100924736504975,-0.1266999949923601,-0.0706213483910563,0.102296015136007,0.1586120374932647,3,2005-04,2025-10,247,recursive Cholesky,VAR moving-average propagation,unscaled log response per100bp tightening,pointwise90/68 intervals,estimated,,,,,
p3,recursive VAR,6,activity,1.970691039938299,-0.6688396421133967,0.1783070069957403,2.7750343238316493,3.793978431632697,3,2005-04,2025-10,247,recursive Cholesky,VAR moving-average propagation,100 log response per100bp tightening,pointwise90/68 intervals,estimated,,,,,
p3,recursive VAR,6,price,0.4482767460112669,-0.2157158242925057,0.0079653532010462,0.7248230229376029,1.021129782964124,3,2005-04,2025-10,247,recursive Cholesky,VAR moving-average propagation,100 log response per100bp tightening,pointwise90/68 intervals,estimated,,,,,
p3,recursive VAR,6,policy,1.2957628160850936,0.8605770088175394,0.9803687982580944,1.4439843641044374,1.6059686600590724,3,2005-04,2025-10,247,recursive Cholesky,VAR moving-average propagation,pp response per100bp tightening,pointwise90/68 intervals,estimated,,,,,
p3,recursive VAR,6,fx,4.170021736581936,0.4211659077823123,2.0127956749903797,5.916164714969004,7.366958815604013,3,2005-04,2025-10,247,recursive Cholesky,VAR moving-average propagation,100 log response per100bp tightening,pointwise90/68 intervals,estimated,,,,,
p3,recursive VAR,7,brent,14.2398332998762,-3.554200281595579,1.9164264223362304,19.95305973410622,27.061038562061153,3,2005-04,2025-10,247,recursive Cholesky,VAR moving-average propagation,100 log response per100bp tightening,pointwise90/68 intervals,estimated,,,,,
p3,recursive VAR,7,vix,0.0359420625565423,-0.094939622384467,-0.0411779541893093,0.125571040044376,0.1781654394799028,3,2005-04,2025-10,247,recursive Cholesky,VAR moving-average propagation,unscaled log response per100bp tightening,pointwise90/68 intervals,estimated,,,,,
p3,recursive VAR,7,activity,1.6284156029805847,-0.9423657182354714,-0.1441871422733305,2.4057473955400024,3.4491450542115545,3,2005-04,2025-10,247,recursive Cholesky,VAR moving-average propagation,100 log response per100bp tightening,pointwise90/68 intervals,estimated,,,,,
p3,recursive VAR,7,price,0.4634076126999475,-0.2853150804685477,-0.0395989077724511,0.7637480706564006,1.0813500688284066,3,2005-04,2025-10,247,recursive Cholesky,VAR moving-average propagation,100 log response per100bp tightening,pointwise90/68 intervals,estimated,,,,,
p3,recursive VAR,7,policy,1.260410753192952,0.7999281167797665,0.9119264097027844,1.4203494991000811,1.598819738191847,3,2005-04,2025-10,247,recursive Cholesky,VAR moving-average propagation,pp response per100bp tightening,pointwise90/68 intervals,estimated,,,,,
p3,recursive VAR,7,fx,3.934554228949064,0.2913031710601491,1.8987835055472129,5.5797890766942615,7.04077972291014,3,2005-04,2025-10,247,recursive Cholesky,VAR moving-average propagation,100 log response per100bp tightening,pointwise90/68 intervals,estimated,,,,,
p3,recursive VAR,8,brent,12.83936630148381,-5.10250691217535,1.010663275473092,18.661146418761412,24.869769533377063,3,2005-04,2025-10,247,recursive Cholesky,VAR moving-average propagation,100 log response per100bp tightening,pointwise90/68 intervals,estimated,,,,,
p3,recursive VAR,8,vix,0.0547677033406241,-0.0710543488669087,-0.0238204308781985,0.1418277963282015,0.1981098517019899,3,2005-04,2025-10,247,recursive Cholesky,VAR moving-average propagation,unscaled log response per100bp tightening,pointwise90/68 intervals,estimated,,,,,
p3,recursive VAR,8,activity,1.307659417022122,-1.1429831051452368,-0.4939192999576349,1.9976138005019335,3.037618166207252,3,2005-04,2025-10,247,recursive Cholesky,VAR moving-average propagation,100 log response per100bp tightening,pointwise90/68 intervals,estimated,,,,,
p3,recursive VAR,8,price,0.4724602851314506,-0.3653928969947237,-0.0864555644988468,0.8048515783942168,1.1237161708283403,3,2005-04,2025-10,247,recursive Cholesky,VAR moving-average propagation,100 log response per100bp tightening,pointwise90/68 intervals,estimated,,,,,
p3,recursive VAR,8,policy,1.225904180167925,0.7219909236804065,0.8528420105274264,1.3824382396150656,1.6009584595924582,3,2005-04,2025-10,247,recursive Cholesky,VAR moving-average propagation,pp response per100bp tightening,pointwise90/68 intervals,estimated,,,,,
p3,recursive VAR,8,fx,3.761649741193652,0.1049475826454608,1.7988544425558592,5.400169983117305,6.79290399848376,3,2005-04,2025-10,247,recursive Cholesky,VAR moving-average propagation,100 log response per100bp tightening,pointwise90/68 intervals,estimated,,,,,
p3,recursive VAR,9,brent,11.66644413918502,-6.294205207744231,-0.3519993089088635,17.226929170110136,23.502141081022856,3,2005-04,2025-10,247,recursive Cholesky,VAR moving-average propagation,100 log response per100bp tightening,pointwise90/68 intervals,estimated,,,,,
p3,recursive VAR,9,vix,0.0701610931315259,-0.0589122886232998,-0.0074233810687866,0.1536525095066203,0.2160830906314009,3,2005-04,2025-10,247,recursive Cholesky,VAR moving-average propagation,unscaled log response per100bp tightening,pointwise90/68 intervals,estimated,,,,,
p3,recursive VAR,9,activity,1.0139723880295288,-1.4558720550090891,-0.7651472795910336,1.6970909670291543,2.6814056597841,3,2005-04,2025-10,247,recursive Cholesky,VAR moving-average propagation,100 log response per100bp tightening,pointwise90/68 intervals,estimated,,,,,
p3,recursive VAR,9,price,0.4825576407011188,-0.4349820347830959,-0.1329813988579629,0.8246991090213338,1.1510397512839712,3,2005-04,2025-10,247,recursive Cholesky,VAR moving-average propagation,100 log response per100bp tightening,pointwise90/68 intervals,estimated,,,,,
p3,recursive VAR,9,policy,1.192592751768938,0.6543970200362069,0.7844698273431518,1.368985164360639,1.6040004558378684,3,2005-04,2025-10,247,recursive Cholesky,VAR moving-average propagation,pp response per100bp tightening,pointwise90/68 intervals,estimated,,,,,
p3,recursive VAR,9,fx,3.634025922092305,0.0949639842866087,1.6160895578709302,5.291897039292519,6.754324198715754,3,2005-04,2025-10,247,recursive Cholesky,VAR moving-average propagation,100 log response per100bp tightening,pointwise90/68 intervals,estimated,,,,,
p3,recursive VAR,10,brent,10.69430354200377,-7.030929652904222,-1.0230778166856331,16.4843040805724,22.55972932481531,3,2005-04,2025-10,247,recursive Cholesky,VAR moving-average propagation,100 log response per100bp tightening,pointwise90/68 intervals,estimated,,,,,
p3,recursive VAR,10,vix,0.0815615014381561,-0.0481839502963081,0.005655776686657,0.160793579909049,0.2221972587953241,3,2005-04,2025-10,247,recursive Cholesky,VAR moving-average propagation,unscaled log response per100bp tightening,pointwise90/68 intervals,estimated,,,,,
p3,recursive VAR,10,activity,0.7546482703912613,-1.672804861655031,-1.0271087830604992,1.494525778262911,2.333891545175755,3,2005-04,2025-10,247,recursive Cholesky,VAR moving-average propagation,100 log response per100bp tightening,pointwise90/68 intervals,estimated,,,,,
p3,recursive VAR,10,price,0.4942460969563664,-0.4701790590479927,-0.1879453132336895,0.8470019235398435,1.217677144990837,3,2005-04,2025-10,247,recursive Cholesky,VAR moving-average propagation,100 log response per100bp tightening,pointwise90/68 intervals,estimated,,,,,
p3,recursive VAR,10,policy,1.1607496436147222,0.5867012989928486,0.7256039355957348,1.3439580025897468,1.5822064079459557,3,2005-04,2025-10,247,recursive Cholesky,VAR moving-average propagation,pp response per100bp tightening,pointwise90/68 intervals,estimated,,,,,
p3,recursive VAR,10,fx,3.534624205422728,-0.0677548157857349,1.4694697150162273,5.158717349950684,6.730216404143044,3,2005-04,2025-10,247,recursive Cholesky,VAR moving-average propagation,100 log response per100bp tightening,pointwise90/68 intervals,estimated,,,,,
p3,recursive VAR,11,brent,9.919920033818055,-7.686406467332095,-1.722095917354588,15.684813335257324,21.891440947686284,3,2005-04,2025-10,247,recursive Cholesky,VAR moving-average propagation,100 log response per100bp tightening,pointwise90/68 intervals,estimated,,,,,
p3,recursive VAR,11,vix,0.0897034674646613,-0.0448125070281458,0.0102409241435963,0.167245634470512,0.2296429442223052,3,2005-04,2025-10,247,recursive Cholesky,VAR moving-average propagation,unscaled log response per100bp tightening,pointwise90/68 intervals,estimated,,,,,
p3,recursive VAR,11,activity,0.5356783531532363,-1.9765536193640247,-1.2113152640487514,1.242661761867344,2.145283592764251,3,2005-04,2025-10,247,recursive Cholesky,VAR moving-average propagation,100 log response per100bp tightening,pointwise90/68 intervals,estimated,,,,,
p3,recursive VAR,11,price,0.505686967138935,-0.5539229850761147,-0.2290804646682004,0.879732795604506,1.2562499715867086,3,2005-04,2025-10,247,recursive Cholesky,VAR moving-average propagation,100 log response per100bp tightening,pointwise90/68 intervals,estimated,,,,,
p3,recursive VAR,11,policy,1.1302535104339355,0.5185401545221223,0.6665276590122925,1.325832107369479,1.567679002151911,3,2005-04,2025-10,247,recursive Cholesky,VAR moving-average propagation,pp response per100bp tightening,pointwise90/68 intervals,estimated,,,,,
p3,recursive VAR,11,fx,3.4583036182948983,-0.0620479447817918,1.5070739452142892,5.110416954209962,6.883911730701312,3,2005-04,2025-10,247,recursive Cholesky,VAR moving-average propagation,100 log response per100bp tightening,pointwise90/68 intervals,estimated,,,,,
p3,recursive VAR,12,brent,9.311671583929437,-7.902798973304429,-2.2544352630083164,15.07269921864055,21.504562035004906,3,2005-04,2025-10,247,recursive Cholesky,VAR moving-average propagation,100 log response per100bp tightening,pointwise90/68 intervals,estimated,,,,,
p3,recursive VAR,12,vix,0.0955437398438783,-0.0439031491557479,0.0117796860201215,0.16881968588821,0.2284831363149371,3,2005-04,2025-10,247,recursive Cholesky,VAR moving-average propagation,unscaled log response per100bp tightening,pointwise90/68 intervals,estimated,,,,,
p3,recursive VAR,12,activity,0.3508184229383593,-2.186888891210162,-1.361374926821605,1.0867792195895642,1.9765610085345144,3,2005-04,2025-10,247,recursive Cholesky,VAR moving-average propagation,100 log response per100bp tightening,pointwise90/68 intervals,estimated,,,,,
p3,recursive VAR,12,price,0.5167390264335919,-0.6003922322873017,-0.2649716027613391,0.9043089614428986,1.309088749498205,3,2005-04,2025-10,247,recursive Cholesky,VAR moving-average propagation,100 log response per100bp tightening,pointwise90/68 intervals,estimated,,,,,
p3,recursive VAR,12,policy,1.100673104763017,0.461331631126773,0.609215395375444,1.2936881912487723,1.5627826061679404,3,2005-04,2025-10,247,recursive Cholesky,VAR moving-average propagation,pp response per100bp tightening,pointwise90/68 intervals,estimated,,,,,
p3,recursive VAR,12,fx,3.399850348351857,-0.101328057299637,1.3391792958369275,5.034985687097576,6.8066573278757385,3,2005-04,2025-10,247,recursive Cholesky,VAR moving-average propagation,100 log response per100bp tightening,pointwise90/68 intervals,estimated,,,,,
p3,recursive VAR,13,brent,8.821380773756758,-8.04324507015871,-2.86337512898794,14.907623725265244,21.140977390686626,3,2005-04,2025-10,247,recursive Cholesky,VAR moving-average propagation,100 log response per100bp tightening,pointwise90/68 intervals,estimated,,,,,
p3,recursive VAR,13,vix,0.0994532639673672,-0.0404525297721095,0.0125942489775552,0.1681186924823804,0.2284928370983713,3,2005-04,2025-10,247,recursive Cholesky,VAR moving-average propagation,unscaled log response per100bp tightening,pointwise90/68 intervals,estimated,,,,,
p3,recursive VAR,13,activity,0.1923106754153672,-2.2868440121302394,-1.457977196731412,1.0008126325378552,1.835404888622036,3,2005-04,2025-10,247,recursive Cholesky,VAR moving-average propagation,100 log response per100bp tightening,pointwise90/68 intervals,estimated,,,,,
p3,recursive VAR,13,price,0.5268637986257371,-0.6648522991566315,-0.3092188321278452,0.9321945584659468,1.3783140642986844,3,2005-04,2025-10,247,recursive Cholesky,VAR moving-average propagation,100 log response per100bp tightening,pointwise90/68 intervals,estimated,,,,,
p3,recursive VAR,13,policy,1.0717253347349864,0.3985470551212186,0.5546446729040699,1.2811324175399286,1.556456703743954,3,2005-04,2025-10,247,recursive Cholesky,VAR moving-average propagation,pp response per100bp tightening,pointwise90/68 intervals,estimated,,,,,
p3,recursive VAR,13,fx,3.354663183048922,-0.0599678796355161,1.3014205612904597,5.032911102764493,6.73515350469262,3,2005-04,2025-10,247,recursive Cholesky,VAR moving-average propagation,100 log response per100bp tightening,pointwise90/68 intervals,estimated,,,,,
p3,recursive VAR,14,brent,8.423224316063282,-8.570040937300178,-3.5582435109338104,14.674631967164512,20.804294491730232,3,2005-04,2025-10,247,recursive Cholesky,VAR moving-average propagation,100 log response per100bp tightening,pointwise90/68 intervals,estimated,,,,,
p3,recursive VAR,14,vix,0.1018677578266289,-0.0391300466613276,0.0150816472750725,0.1679563773576898,0.2309503474296433,3,2005-04,2025-10,247,recursive Cholesky,VAR moving-average propagation,unscaled log response per100bp tightening,pointwise90/68 intervals,estimated,,,,,
p3,recursive VAR,14,activity,0.0557758263672769,-2.328272666927796,-1.55677441523245,0.9107669238349276,1.8079643393279663,3,2005-04,2025-10,247,recursive Cholesky,VAR moving-average propagation,100 log response per100bp tightening,pointwise90/68 intervals,estimated,,,,,
p3,recursive VAR,14,price,0.5356771945129244,-0.7386106865495812,-0.3581272317363896,0.9707070107052748,1.459681884944099,3,2005-04,2025-10,247,recursive Cholesky,VAR moving-average propagation,100 log response per100bp tightening,pointwise90/68 intervals,estimated,,,,,
p3,recursive VAR,14,policy,1.0432003703402557,0.3354633021720027,0.5035089626733265,1.2653806917770336,1.5563772385181058,3,2005-04,2025-10,247,recursive Cholesky,VAR moving-average propagation,pp response per100bp tightening,pointwise90/68 intervals,estimated,,,,,
p3,recursive VAR,14,fx,3.3192053661409187,-0.1000844736414852,1.2838660336895076,5.076118092128164,6.651697512477911,3,2005-04,2025-10,247,recursive Cholesky,VAR moving-average propagation,100 log response per100bp tightening,pointwise90/68 intervals,estimated,,,,,
p3,recursive VAR,15,brent,8.098637432431262,-8.939184755510848,-3.7551023278319406,14.623990775696418,20.722995359176917,3,2005-04,2025-10,247,recursive Cholesky,VAR moving-average propagation,100 log response per100bp tightening,pointwise90/68 intervals,estimated,,,,,
p3,recursive VAR,15,vix,0.1031743285703306,-0.0358582936140059,0.0141432599780005,0.1668407183055432,0.2310014095061958,3,2005-04,2025-10,247,recursive Cholesky,VAR moving-average propagation,unscaled log response per100bp tightening,pointwise90/68 intervals,estimated,,,,,
p3,recursive VAR,15,activity,-0.0622256795806095,-2.424741578200776,-1.6537378379943055,0.788840395091076,1.6715884586628988,3,2005-04,2025-10,247,recursive Cholesky,VAR moving-average propagation,100 log response per100bp tightening,pointwise90/68 intervals,estimated,,,,,
p3,recursive VAR,15,price,0.5431193827802044,-0.8184410032951958,-0.4242800240982013,1.0041850630295437,1.5076758929600624,3,2005-04,2025-10,247,recursive Cholesky,VAR moving-average propagation,100 log response per100bp tightening,pointwise90/68 intervals,estimated,,,,,
p3,recursive VAR,15,policy,1.0149267729518552,0.2868102157276906,0.4566450347897181,1.2440387562766917,1.558572633179862,3,2005-04,2025-10,247,recursive Cholesky,VAR moving-average propagation,pp response per100bp tightening,pointwise90/68 intervals,estimated,,,,,
p3,recursive VAR,15,fx,3.2903455930942704,-0.0765126394231314,1.2129609464068771,5.059942588067712,6.5996465859598645,3,2005-04,2025-10,247,recursive Cholesky,VAR moving-average propagation,100 log response per100bp tightening,pointwise90/68 intervals,estimated,,,,,
p3,recursive VAR,16,brent,7.830866067615233,-8.9853344368063,-3.9852059071446617,14.36977359968652,20.770966089917803,3,2005-04,2025-10,247,recursive Cholesky,VAR moving-average propagation,100 log response per100bp tightening,pointwise90/68 intervals,estimated,,,,,
p3,recursive VAR,16,vix,0.1036329251924991,-0.0378811499791418,0.0130575569403624,0.1594236758253,0.2322837638529522,3,2005-04,2025-10,247,recursive Cholesky,VAR moving-average propagation,unscaled log response per100bp tightening,pointwise90/68 intervals,estimated,,,,,
p3,recursive VAR,16,activity,-0.1646169399892947,-2.480676933001155,-1.7384475728794435,0.6875622185860408,1.562441524662652,3,2005-04,2025-10,247,recursive Cholesky,VAR moving-average propagation,100 log response per100bp tightening,pointwise90/68 intervals,estimated,,,,,
p3,recursive VAR,16,price,0.5491090387204421,-0.9001542697980983,-0.4932695288932464,1.0315893203102977,1.5678298972172782,3,2005-04,2025-10,247,recursive Cholesky,VAR moving-average propagation,100 log response per100bp tightening,pointwise90/68 intervals,estimated,,,,,
p3,recursive VAR,16,policy,0.9867919126669208,0.2281585307595903,0.4116991485869603,1.2130502277158632,1.5416555427651353,3,2005-04,2025-10,247,recursive Cholesky,VAR moving-average propagation,pp response per100bp tightening,pointwise90/68 intervals,estimated,,,,,
p3,recursive VAR,16,fx,3.265670420721663,-0.0642103405955574,1.1620277723540884,5.066925428727216,6.515553369295178,3,2005-04,2025-10,247,recursive Cholesky,VAR moving-average propagation,100 log response per100bp tightening,pointwise90/68 intervals,estimated,,,,,
p3,recursive VAR,17,brent,7.607388680706358,-8.852260274954485,-4.289176032751072,14.2226666985922,20.637076720330462,3,2005-04,2025-10,247,recursive Cholesky,VAR moving-average propagation,100 log response per100bp tightening,pointwise90/68 intervals,estimated,,,,,
p3,recursive VAR,17,vix,0.1034552408340263,-0.0390677719883845,0.0117334365875094,0.1572977638578423,0.2344460270832206,3,2005-04,2025-10,247,recursive Cholesky,VAR moving-average propagation,unscaled log response per100bp tightening,pointwise90/68 intervals,estimated,,,,,
p3,recursive VAR,17,activity,-0.2537477081979364,-2.5437447952135614,-1.7917176198116005,0.5874163823324574,1.4865853214895774,3,2005-04,2025-10,247,recursive Cholesky,VAR moving-average propagation,100 log response per100bp tightening,pointwise90/68 intervals,estimated,,,,,
p3,recursive VAR,17,price,0.5536010881705496,-0.9820392463070222,-0.5401388547705024,1.06659362002091,1.61851334762851,3,2005-04,2025-10,247,recursive Cholesky,VAR moving-average propagation,100 log response per100bp tightening,pointwise90/68 intervals,estimated,,,,,
p3,recursive VAR,17,policy,0.9587219107005428,0.1763345881868692,0.3663929817231847,1.1891338024583096,1.5410016437261362,3,2005-04,2025-10,247,recursive Cholesky,VAR moving-average propagation,pp response per100bp tightening,pointwise90/68 intervals,estimated,,,,,
p3,recursive VAR,17,fx,3.243402386378359,-0.0092413786122416,1.118620647944796,5.078589220169175,6.596816564063835,3,2005-04,2025-10,247,recursive Cholesky,VAR moving-average propagation,100 log response per100bp tightening,pointwise90/68 intervals,estimated,,,,,
p3,recursive VAR,18,brent,7.418342475381692,-8.616134911931121,-4.254569968733647,14.062035555408032,20.28049429078865,3,2005-04,2025-10,247,recursive Cholesky,VAR moving-average propagation,100 log response per100bp tightening,pointwise90/68 intervals,estimated,,,,,
p3,recursive VAR,18,vix,0.1028054249891353,-0.0384666802176819,0.0116980947276779,0.1559866343170081,0.2339067197507117,3,2005-04,2025-10,247,recursive Cholesky,VAR moving-average propagation,unscaled log response per100bp tightening,pointwise90/68 intervals,estimated,,,,,
p3,recursive VAR,18,activity,-0.3316113318951105,-2.5601516227819228,-1.7755172011314162,0.521719710275869,1.3474068761451112,3,2005-04,2025-10,247,recursive Cholesky,VAR moving-average propagation,100 log response per100bp tightening,pointwise90/68 intervals,estimated,,,,,
p3,recursive VAR,18,price,0.5566140647294696,-1.0624965594949305,-0.5854001884528985,1.0789480816042911,1.6651942224306175,3,2005-04,2025-10,247,recursive Cholesky,VAR moving-average propagation,100 log response per100bp tightening,pointwise90/68 intervals,estimated,,,,,
p3,recursive VAR,18,policy,0.930672500119052,0.130268526463721,0.3201430901079987,1.177676189563931,1.5532167149339418,3,2005-04,2025-10,247,recursive Cholesky,VAR moving-average propagation,pp response per100bp tightening,pointwise90/68 intervals,estimated,,,,,
p3,recursive VAR,18,fx,3.222164288441273,-0.0455272729813283,1.124826666799204,5.08886879750993,6.609722310840763,3,2005-04,2025-10,247,recursive Cholesky,VAR moving-average propagation,100 log response per100bp tightening,pointwise90/68 intervals,estimated,,,,,
p3,recursive VAR,19,brent,7.2558926689731695,-8.281566173304759,-3.9855195442580658,13.976532454906856,20.70158495465928,3,2005-04,2025-10,247,recursive Cholesky,VAR moving-average propagation,100 log response per100bp tightening,pointwise90/68 intervals,estimated,,,,,
p3,recursive VAR,19,vix,0.101804234972146,-0.0405414501062812,0.01202797754801,0.1527550483636073,0.229905570116029,3,2005-04,2025-10,247,recursive Cholesky,VAR moving-average propagation,unscaled log response per100bp tightening,pointwise90/68 intervals,estimated,,,,,
p3,recursive VAR,19,activity,-0.3998525666625743,-2.6023366030505124,-1.7739325193112507,0.4504274073388388,1.3146477156478995,3,2005-04,2025-10,247,recursive Cholesky,VAR moving-average propagation,100 log response per100bp tightening,pointwise90/68 intervals,estimated,,,,,
p3,recursive VAR,19,price,0.5581917764363471,-1.111259156344773,-0.624308927154013,1.1010356100641894,1.731271758412573,3,2005-04,2025-10,247,recursive Cholesky,VAR moving-average propagation,100 log response per100bp tightening,pointwise90/68 intervals,estimated,,,,,
p3,recursive VAR,19,policy,0.902625997630816,0.0881313018799545,0.2811046929629838,1.1688890177584674,1.5646516268263069,3,2005-04,2025-10,247,recursive Cholesky,VAR moving-average propagation,pp response per100bp tightening,pointwise90/68 intervals,estimated,,,,,
p3,recursive VAR,19,fx,3.200908615414816,-0.0428546639350525,1.1718679139085044,5.063867352653628,6.610833947586344,3,2005-04,2025-10,247,recursive Cholesky,VAR moving-average propagation,100 log response per100bp tightening,pointwise90/68 intervals,estimated,,,,,
p3,recursive VAR,20,brent,7.114105662002313,-7.967187555321093,-3.9082495139975544,13.975758717266398,20.918239151971015,3,2005-04,2025-10,247,recursive Cholesky,VAR moving-average propagation,100 log response per100bp tightening,pointwise90/68 intervals,estimated,,,,,
p3,recursive VAR,20,vix,0.1005449684917305,-0.0426246716739057,0.009881736172416,0.1506547466452821,0.224074959673857,3,2005-04,2025-10,247,recursive Cholesky,VAR moving-average propagation,unscaled log response per100bp tightening,pointwise90/68 intervals,estimated,,,,,
p3,recursive VAR,20,activity,-0.4598047451962642,-2.6369798521057337,-1.7758682911205526,0.3816080554199336,1.252365346656788,3,2005-04,2025-10,247,recursive Cholesky,VAR moving-average propagation,100 log response per100bp tightening,pointwise90/68 intervals,estimated,,,,,
p3,recursive VAR,20,price,0.5584008192397354,-1.1680525781027928,-0.6517204906920799,1.1041680935109024,1.79293862410726,3,2005-04,2025-10,247,recursive Cholesky,VAR moving-average propagation,100 log response per100bp tightening,pointwise90/68 intervals,estimated,,,,,
p3,recursive VAR,20,policy,0.8745840061617841,0.0322684765489418,0.2411449222142961,1.1563985122248273,1.5749076422711883,3,2005-04,2025-10,247,recursive Cholesky,VAR moving-average propagation,pp response per100bp tightening,pointwise90/68 intervals,estimated,,,,,
p3,recursive VAR,20,fx,3.178851279730284,-0.037514777080812,1.1840977466306437,4.981314247769635,6.621086801135804,3,2005-04,2025-10,247,recursive Cholesky,VAR moving-average propagation,100 log response per100bp tightening,pointwise90/68 intervals,estimated,,,,,
p3,recursive VAR,21,brent,6.98839605239496,-7.87583490375164,-3.5529788326794662,13.93748651354387,21.192478734922577,3,2005-04,2025-10,247,recursive Cholesky,VAR moving-average propagation,100 log response per100bp tightening,pointwise90/68 intervals,estimated,,,,,
p3,recursive VAR,21,vix,0.0990983201545404,-0.0395256705148581,0.0093560107291743,0.1465408778648625,0.2199967854578608,3,2005-04,2025-10,247,recursive Cholesky,VAR moving-average propagation,unscaled log response per100bp tightening,pointwise90/68 intervals,estimated,,,,,
p3,recursive VAR,21,activity,-0.5125696511910216,-2.597730721376341,-1.7784501629359415,0.3207128511112931,1.2792218386766994,3,2005-04,2025-10,247,recursive Cholesky,VAR moving-average propagation,100 log response per100bp tightening,pointwise90/68 intervals,estimated,,,,,
p3,recursive VAR,21,price,0.5573248981239686,-1.2081753009972087,-0.70195532890186,1.1269731954946622,1.858793035861646,3,2005-04,2025-10,247,recursive Cholesky,VAR moving-average propagation,100 log response per100bp tightening,pointwise90/68 intervals,estimated,,,,,
p3,recursive VAR,21,policy,0.8465621059055564,-0.0018629868620021,0.205753383685716,1.1401626616985228,1.5824003832582985,3,2005-04,2025-10,247,recursive Cholesky,VAR moving-average propagation,pp response per100bp tightening,pointwise90/68 intervals,estimated,,,,,
p3,recursive VAR,21,fx,3.155410033893539,-0.0304027889515755,1.1512405387599536,4.927052999428672,6.58874627617606,3,2005-04,2025-10,247,recursive Cholesky,VAR moving-average propagation,100 log response per100bp tightening,pointwise90/68 intervals,estimated,,,,,
p3,recursive VAR,22,brent,6.875188987518013,-7.59871392481759,-3.598389011812749,13.936533923048174,21.326534921771103,3,2005-04,2025-10,247,recursive Cholesky,VAR moving-average propagation,100 log response per100bp tightening,pointwise90/68 intervals,estimated,,,,,
p3,recursive VAR,22,vix,0.0975167571547193,-0.0433819766114688,0.0067789499579153,0.1444450387858906,0.2150141544201704,3,2005-04,2025-10,247,recursive Cholesky,VAR moving-average propagation,unscaled log response per100bp tightening,pointwise90/68 intervals,estimated,,,,,
p3,recursive VAR,22,activity,-0.559061595523897,-2.60196682734748,-1.8094787450739,0.3038005894548946,1.2908503132235718,3,2005-04,2025-10,247,recursive Cholesky,VAR moving-average propagation,100 log response per100bp tightening,pointwise90/68 intervals,estimated,,,,,
p3,recursive VAR,22,price,0.5550556735816359,-1.230213008382374,-0.7528769100067999,1.155719174706228,1.9200725898926327,3,2005-04,2025-10,247,recursive Cholesky,VAR moving-average propagation,100 log response per100bp tightening,pointwise90/68 intervals,estimated,,,,,
p3,recursive VAR,22,policy,0.818586170621202,-0.0309637570133558,0.1661958004134897,1.1198277576810691,1.5838682613189796,3,2005-04,2025-10,247,recursive Cholesky,VAR moving-average propagation,pp response per100bp tightening,pointwise90/68 intervals,estimated,,,,,
p3,recursive VAR,22,fx,3.1301668678265173,-0.0823334176403631,1.1264056830374551,4.845037122869138,6.605836147164565,3,2005-04,2025-10,247,recursive Cholesky,VAR moving-average propagation,100 log response per100bp tightening,pointwise90/68 intervals,estimated,,,,,
p3,recursive VAR,23,brent,6.771714888574535,-7.505052501798807,-3.620556910262301,13.778083660353612,21.282846193395407,3,2005-04,2025-10,247,recursive Cholesky,VAR moving-average propagation,100 log response per100bp tightening,pointwise90/68 intervals,estimated,,,,,
p3,recursive VAR,23,vix,0.0958394005001287,-0.041651283949193,0.0041470663538874,0.1430982145905337,0.2127938316420055,3,2005-04,2025-10,247,recursive Cholesky,VAR moving-average propagation,unscaled log response per100bp tightening,pointwise90/68 intervals,estimated,,,,,
p3,recursive VAR,23,activity,-0.6000422287883632,-2.63667232887175,-1.8211455451483909,0.2764425361194101,1.2871386371272886,3,2005-04,2025-10,247,recursive Cholesky,VAR moving-average propagation,100 log response per100bp tightening,pointwise90/68 intervals,estimated,,,,,
p3,recursive VAR,23,price,0.5516894822620864,-1.2807340971661896,-0.7885032439413514,1.1818886300932891,1.937197876009948,3,2005-04,2025-10,247,recursive Cholesky,VAR moving-average propagation,100 log response per100bp tightening,pointwise90/68 intervals,estimated,,,,,
p3,recursive VAR,23,policy,0.7906891029114439,-0.0623281112350888,0.1364310428361837,1.0948758084850418,1.5729408662233726,3,2005-04,2025-10,247,recursive Cholesky,VAR moving-average propagation,pp response per100bp tightening,pointwise90/68 intervals,estimated,,,,,
p3,recursive VAR,23,fx,3.1028346049953077,-0.1462349286463575,1.1063399774986014,4.756777688898361,6.667903358264826,3,2005-04,2025-10,247,recursive Cholesky,VAR moving-average propagation,100 log response per100bp tightening,pointwise90/68 intervals,estimated,,,,,
p3,recursive VAR,24,brent,6.675810689227612,-7.3051937588819635,-3.6268356848114416,13.750823560961202,21.239957490852905,3,2005-04,2025-10,247,recursive Cholesky,VAR moving-average propagation,100 log response per100bp tightening,pointwise90/68 intervals,estimated,,,,,
p3,recursive VAR,24,vix,0.0940950721109887,-0.041944297333282,0.0040482074626444,0.1432224947522229,0.2101840879220435,3,2005-04,2025-10,247,recursive Cholesky,VAR moving-average propagation,unscaled log response per100bp tightening,pointwise90/68 intervals,estimated,,,,,
p3,recursive VAR,24,activity,-0.6361515463368403,-2.672351148995788,-1.8085644860454737,0.2421849733360534,1.2664144372311428,3,2005-04,2025-10,247,recursive Cholesky,VAR moving-average propagation,100 log response per100bp tightening,pointwise90/68 intervals,estimated,,,,,
p3,recursive VAR,24,price,0.5473245071975854,-1.300465844798863,-0.8173177705050904,1.2121945887840266,2.004569072395901,3,2005-04,2025-10,247,recursive Cholesky,VAR moving-average propagation,100 log response per100bp tightening,pointwise90/68 intervals,estimated,,,,,
p3,recursive VAR,24,policy,0.7629083977373441,-0.0944308536161298,0.1071584422142464,1.0692741370391203,1.559570715692611,3,2005-04,2025-10,247,recursive Cholesky,VAR moving-average propagation,pp response per100bp tightening,pointwise90/68 intervals,estimated,,,,,
p3,recursive VAR,24,fx,3.0732285993760073,-0.1226242401291556,1.080421585631082,4.665292393259905,6.581817188907572,3,2005-04,2025-10,247,recursive Cholesky,VAR moving-average propagation,100 log response per100bp tightening,pointwise90/68 intervals,estimated,,,,,
p3,recursive VAR,25,brent,6.585778412648455,-7.210928127340159,-3.402091496011818,13.766533316666733,21.19763792692178,3,2005-04,2025-10,247,recursive Cholesky,VAR moving-average propagation,100 log response per100bp tightening,pointwise90/68 intervals,estimated,,,,,
p3,recursive VAR,25,vix,0.0923047361159148,-0.0401570389745966,0.0040128155074606,0.1427213970502759,0.2084031923628042,3,2005-04,2025-10,247,recursive Cholesky,VAR moving-average propagation,unscaled log response per100bp tightening,pointwise90/68 intervals,estimated,,,,,
p3,recursive VAR,25,activity,-0.6679300303536327,-2.6924063954024686,-1.7878012008409274,0.2230902597391776,1.2392199592387854,3,2005-04,2025-10,247,recursive Cholesky,VAR moving-average propagation,100 log response per100bp tightening,pointwise90/68 intervals,estimated,,,,,
p3,recursive VAR,25,price,0.5420581184623151,-1.3223178280205887,-0.8537060414067232,1.2302940162346687,2.078410502959336,3,2005-04,2025-10,247,recursive Cholesky,VAR moving-average propagation,100 log response per100bp tightening,pointwise90/68 intervals,estimated,,,,,
p3,recursive VAR,25,policy,0.7352842873757803,-0.1210454573386571,0.0753144396011703,1.0552855802955188,1.5579008286731455,3,2005-04,2025-10,247,recursive Cholesky,VAR moving-average propagation,pp response per100bp tightening,pointwise90/68 intervals,estimated,,,,,
p3,recursive VAR,25,fx,3.0412453796788843,-0.088115907443473,1.0642885208108417,4.646919379071289,6.568659676084824,3,2005-04,2025-10,247,recursive Cholesky,VAR moving-average propagation,100 log response per100bp tightening,pointwise90/68 intervals,estimated,,,,,
p3,recursive VAR,26,brent,6.500280999120234,-6.92218138250254,-3.4586039456818383,13.73853312414094,21.141891707237303,3,2005-04,2025-10,247,recursive Cholesky,VAR moving-average propagation,100 log response per100bp tightening,pointwise90/68 intervals,estimated,,,,,
p3,recursive VAR,26,vix,0.0904835178643586,-0.0384198658307038,0.0018440014122836,0.1389362049277642,0.2027145198202685,3,2005-04,2025-10,247,recursive Cholesky,VAR moving-average propagation,unscaled log response per100bp tightening,pointwise90/68 intervals,estimated,,,,,
p3,recursive VAR,26,activity,-0.6958364912555767,-2.6460719511172064,-1.7672701226972114,0.1765710103872106,1.182682317087406,3,2005-04,2025-10,247,recursive Cholesky,VAR moving-average propagation,100 log response per100bp tightening,pointwise90/68 intervals,estimated,,,,,
p3,recursive VAR,26,price,0.5359852615976202,-1.362683418885816,-0.8954599690702978,1.251331980732792,2.1504331833082233,3,2005-04,2025-10,247,recursive Cholesky,VAR moving-average propagation,100 log response per100bp tightening,pointwise90/68 intervals,estimated,,,,,
p3,recursive VAR,26,policy,0.7078582465553557,-0.1500948032751259,0.0465682065934478,1.035328449586615,1.564272515356164,3,2005-04,2025-10,247,recursive Cholesky,VAR moving-average propagation,pp response per100bp tightening,pointwise90/68 intervals,estimated,,,,,
p3,recursive VAR,26,fx,3.006845399517332,-0.0358072491869016,0.9826035481992292,4.600001117442479,6.531548897571422,3,2005-04,2025-10,247,recursive Cholesky,VAR moving-average propagation,100 log response per100bp tightening,pointwise90/68 intervals,estimated,,,,,
p3,recursive VAR,27,brent,6.4182573551283975,-7.035070633766854,-3.436722309968399,13.67337631130122,21.05767104173114,3,2005-04,2025-10,247,recursive Cholesky,VAR moving-average propagation,100 log response per100bp tightening,pointwise90/68 intervals,estimated,,,,,
p3,recursive VAR,27,vix,0.088642173298962,-0.0396738833329018,-0.000295637753265,0.1344658473009734,0.1985722448080355,3,2005-04,2025-10,247,recursive Cholesky,VAR moving-average propagation,unscaled log response per100bp tightening,pointwise90/68 intervals,estimated,,,,,
p3,recursive VAR,27,activity,-0.7202628944628549,-2.640206926114038,-1.758440949105439,0.1459491184948025,1.1787798970993972,3,2005-04,2025-10,247,recursive Cholesky,VAR moving-average propagation,100 log response per100bp tightening,pointwise90/68 intervals,estimated,,,,,
p3,recursive VAR,27,price,0.529197256847791,-1.403595038551948,-0.9343546527483628,1.2643928212203344,2.2086250613854546,3,2005-04,2025-10,247,recursive Cholesky,VAR moving-average propagation,100 log response per100bp tightening,pointwise90/68 intervals,estimated,,,,,
p3,recursive VAR,27,policy,0.6806718463173429,-0.1762168687314412,0.0184966730425633,1.004669856893736,1.550838044240311,3,2005-04,2025-10,247,recursive Cholesky,VAR moving-average propagation,pp response per100bp tightening,pointwise90/68 intervals,estimated,,,,,
p3,recursive VAR,27,fx,2.9700391837086166,-0.0511810647517941,0.9092724163014142,4.466170525327532,6.492474857930396,3,2005-04,2025-10,247,recursive Cholesky,VAR moving-average propagation,100 log response per100bp tightening,pointwise90/68 intervals,estimated,,,,,
p3,recursive VAR,28,brent,6.338858517321295,-6.797849667376409,-3.2303035843697354,13.633253787189158,20.980955918278497,3,2005-04,2025-10,247,recursive Cholesky,VAR moving-average propagation,100 log response per100bp tightening,pointwise90/68 intervals,estimated,,,,,
p3,recursive VAR,28,vix,0.0867882300059916,-0.0405085323930923,-0.0029280310326617,0.1335372127830199,0.199525708316759,3,2005-04,2025-10,247,recursive Cholesky,VAR moving-average propagation,unscaled log response per100bp tightening,pointwise90/68 intervals,estimated,,,,,
p3,recursive VAR,28,activity,-0.7415460996494574,-2.6537986351742804,-1.7614975502804504,0.1305756625758965,1.187160105617911,3,2005-04,2025-10,247,recursive Cholesky,VAR moving-average propagation,100 log response per100bp tightening,pointwise90/68 intervals,estimated,,,,,
p3,recursive VAR,28,price,0.5217809313082383,-1.4483689585870787,-0.9596656667018604,1.2856906128998358,2.285676506696124,3,2005-04,2025-10,247,recursive Cholesky,VAR moving-average propagation,100 log response per100bp tightening,pointwise90/68 intervals,estimated,,,,,
p3,recursive VAR,28,policy,0.6537658828125735,-0.2027335739670607,-0.007161280975265,0.9923886998572828,1.535272543986865,3,2005-04,2025-10,247,recursive Cholesky,VAR moving-average propagation,pp response per100bp tightening,pointwise90/68 intervals,estimated,,,,,
p3,recursive VAR,28,fx,2.9308763584499804,-0.0881816131902405,0.9063602982300968,4.462740504908608,6.386474378364981,3,2005-04,2025-10,247,recursive Cholesky,VAR moving-average propagation,100 log response per100bp tightening,pointwise90/68 intervals,estimated,,,,,
p3,recursive VAR,29,brent,6.2613995388019665,-7.037672493939019,-2.9991550501031172,13.588901332335748,20.90584429763894,3,2005-04,2025-10,247,recursive Cholesky,VAR moving-average propagation,100 log response per100bp tightening,pointwise90/68 intervals,estimated,,,,,
p3,recursive VAR,29,vix,0.0849268759531939,-0.0407927261283121,-0.0047089886850775,0.1325222671979816,0.1962291250350716,3,2005-04,2025-10,247,recursive Cholesky,VAR moving-average propagation,unscaled log response per100bp tightening,pointwise90/68 intervals,estimated,,,,,
p3,recursive VAR,29,activity,-0.7599773589895497,-2.609641678684529,-1.7667658882317276,0.1311161144195272,1.1850564052974162,3,2005-04,2025-10,247,recursive Cholesky,VAR moving-average propagation,100 log response per100bp tightening,pointwise90/68 intervals,estimated,,,,,
p3,recursive VAR,29,price,0.5138181018268042,-1.4797148131574864,-0.9899756751389772,1.3040397221840874,2.361801713685975,3,2005-04,2025-10,247,recursive Cholesky,VAR moving-average propagation,100 log response per100bp tightening,pointwise90/68 intervals,estimated,,,,,
p3,recursive VAR,29,policy,0.627179716558926,-0.2200977090999096,-0.0298999181162522,0.9778598800141326,1.533258162797888,3,2005-04,2025-10,247,recursive Cholesky,VAR moving-average propagation,pp response per100bp tightening,pointwise90/68 intervals,estimated,,,,,
p3,recursive VAR,29,fx,2.889436783545025,-0.0469956049376739,0.8274139360769756,4.3301821048489595,6.337700812183314,3,2005-04,2025-10,247,recursive Cholesky,VAR moving-average propagation,100 log response per100bp tightening,pointwise90/68 intervals,estimated,,,,,
p3,recursive VAR,30,brent,6.185322553752308,-6.88156253488452,-2.8487411060353347,13.410745400960414,20.834717507709396,3,2005-04,2025-10,247,recursive Cholesky,VAR moving-average propagation,100 log response per100bp tightening,pointwise90/68 intervals,estimated,,,,,
p3,recursive VAR,30,vix,0.083061627901936,-0.0416057741403487,-0.0051638846570605,0.1294808848406401,0.1949988991513936,3,2005-04,2025-10,247,recursive Cholesky,VAR moving-average propagation,unscaled log response per100bp tightening,pointwise90/68 intervals,estimated,,,,,
p3,recursive VAR,30,activity,-0.775810036099652,-2.6298378952129307,-1.7384514445878754,0.0999140893129603,1.172910773897372,3,2005-04,2025-10,247,recursive Cholesky,VAR moving-average propagation,100 log response per100bp tightening,pointwise90/68 intervals,estimated,,,,,
p3,recursive VAR,30,price,0.505385277917021,-1.503747283249635,-1.021711204709896,1.3045647748781066,2.426925189407054,3,2005-04,2025-10,247,recursive Cholesky,VAR moving-average propagation,100 log response per100bp tightening,pointwise90/68 intervals,estimated,,,,,
p3,recursive VAR,30,policy,0.6009507855677446,-0.2258205064012329,-0.0541404673619724,0.9678241411634652,1.5275750157449068,3,2005-04,2025-10,247,recursive Cholesky,VAR moving-average propagation,pp response per100bp tightening,pointwise90/68 intervals,estimated,,,,,
p3,recursive VAR,30,fx,2.845823385182465,-0.0653333212219295,0.7754004189879702,4.264216009705268,6.3811496596147155,3,2005-04,2025-10,247,recursive Cholesky,VAR moving-average propagation,100 log response per100bp tightening,pointwise90/68 intervals,estimated,,,,,
p3,recursive VAR,31,brent,6.110169008431568,-6.743353183154304,-2.599842682690193,13.37336274065434,20.969668413923,3,2005-04,2025-10,247,recursive Cholesky,VAR moving-average propagation,100 log response per100bp tightening,pointwise90/68 intervals,estimated,,,,,
p3,recursive VAR,31,vix,0.0811948386826436,-0.042830664151819,-0.0076741388264592,0.1282153283697721,0.1944077147037355,3,2005-04,2025-10,247,recursive Cholesky,VAR moving-average propagation,unscaled log response per100bp tightening,pointwise90/68 intervals,estimated,,,,,
p3,recursive VAR,31,activity,-0.78926584548002,-2.6182143595959904,-1.721250103825873,0.0989806810249296,1.1512804995146586,3,2005-04,2025-10,247,recursive Cholesky,VAR moving-average propagation,100 log response per100bp tightening,pointwise90/68 intervals,estimated,,,,,
p3,recursive VAR,31,price,0.4965535318041838,-1.5484096644406886,-1.0576737328604473,1.3134010925854644,2.4885046982523424,3,2005-04,2025-10,247,recursive Cholesky,VAR moving-average propagation,100 log response per100bp tightening,pointwise90/68 intervals,estimated,,,,,
p3,recursive VAR,31,policy,0.5751142559831451,-0.2337586837363757,-0.0826525756272201,0.9518946997296582,1.5035979884222357,3,2005-04,2025-10,247,recursive Cholesky,VAR moving-average propagation,pp response per100bp tightening,pointwise90/68 intervals,estimated,,,,,
p3,recursive VAR,31,fx,2.800156378664716,-0.1035162633188637,0.7288969223399568,4.185808091915775,6.331062190597688,3,2005-04,2025-10,247,recursive Cholesky,VAR moving-average propagation,100 log response per100bp tightening,pointwise90/68 intervals,estimated,,,,,
p3,recursive VAR,32,brent,6.035558760886659,-6.687238390010301,-2.2894516535299396,13.24019401738818,21.149787971175428,3,2005-04,2025-10,247,recursive Cholesky,VAR moving-average propagation,100 log response per100bp tightening,pointwise90/68 intervals,estimated,,,,,
p3,recursive VAR,32,vix,0.0793280791742674,-0.0443292107473093,-0.0078411215127236,0.1254444479065662,0.1968724771854559,3,2005-04,2025-10,247,recursive Cholesky,VAR moving-average propagation,unscaled log response per100bp tightening,pointwise90/68 intervals,estimated,,,,,
p3,recursive VAR,32,activity,-0.8005399484936454,-2.589060664493858,-1.674906024058263,0.1065676798049821,1.1208188300973734,3,2005-04,2025-10,247,recursive Cholesky,VAR moving-average propagation,100 log response per100bp tightening,pointwise90/68 intervals,estimated,,,,,
p3,recursive VAR,32,price,0.487388502988035,-1.6256630461197734,-1.0863467923452013,1.3287437896572305,2.5511129859009576,3,2005-04,2025-10,247,recursive Cholesky,VAR moving-average propagation,100 log response per100bp tightening,pointwise90/68 intervals,estimated,,,,,
p3,recursive VAR,32,policy,0.5497027813386409,-0.2435518570738199,-0.099712707835965,0.9314965779753156,1.4861068177402084,3,2005-04,2025-10,247,recursive Cholesky,VAR moving-average propagation,pp response per100bp tightening,pointwise90/68 intervals,estimated,,,,,
p3,recursive VAR,32,fx,2.75256858947482,-0.2138734882161913,0.6808261850007543,4.142762572742885,6.339305774042989,3,2005-04,2025-10,247,recursive Cholesky,VAR moving-average propagation,100 log response per100bp tightening,pointwise90/68 intervals,estimated,,,,,
p3,recursive VAR,33,brent,5.961174305204242,-6.728359302606332,-2.068900315673319,13.11006409165608,21.40935507550428,3,2005-04,2025-10,247,recursive Cholesky,VAR moving-average propagation,100 log response per100bp tightening,pointwise90/68 intervals,estimated,,,,,
p3,recursive VAR,33,vix,0.0774624208336959,-0.0465737076220844,-0.0088466134398045,0.1239316725270604,0.198666599822923,3,2005-04,2025-10,247,recursive Cholesky,VAR moving-average propagation,unscaled log response per100bp tightening,pointwise90/68 intervals,estimated,,,,,
p3,recursive VAR,33,activity,-0.809805137037527,-2.5287483375684756,-1.6506717127853163,0.1088499468322863,1.1062979772797956,3,2005-04,2025-10,247,recursive Cholesky,VAR moving-average propagation,100 log response per100bp tightening,pointwise90/68 intervals,estimated,,,,,
p3,recursive VAR,33,price,0.4779504974609192,-1.663792321076238,-1.1101561435831389,1.3349635117378915,2.6146456866120005,3,2005-04,2025-10,247,recursive Cholesky,VAR moving-average propagation,100 log response per100bp tightening,pointwise90/68 intervals,estimated,,,,,
p3,recursive VAR,33,policy,0.5247463490512045,-0.2538910669578115,-0.1105064578070159,0.9126597177324244,1.479149423802145,3,2005-04,2025-10,247,recursive Cholesky,VAR moving-average propagation,pp response per100bp tightening,pointwise90/68 intervals,estimated,,,,,
p3,recursive VAR,33,fx,2.7032016601037263,-0.2372002025843451,0.6350881099632236,4.068523669428748,6.321479990166163,3,2005-04,2025-10,247,recursive Cholesky,VAR moving-average propagation,100 log response per100bp tightening,pointwise90/68 intervals,estimated,,,,,
p3,recursive VAR,34,brent,5.886748948637558,-6.376955234076898,-1.8227127914431265,13.11797970878928,21.641329038640617,3,2005-04,2025-10,247,recursive Cholesky,VAR moving-average propagation,100 log response per100bp tightening,pointwise90/68 intervals,estimated,,,,,
p3,recursive VAR,34,vix,0.0755986426317963,-0.045494375406332,-0.009614197007425,0.1197243950715485,0.1947054835655515,3,2005-04,2025-10,247,recursive Cholesky,VAR moving-average propagation,unscaled log response per100bp tightening,pointwise90/68 intervals,estimated,,,,,
p3,recursive VAR,34,activity,-0.8172152759658753,-2.4752021713468664,-1.652188146361799,0.1032301227412348,1.102411426478505,3,2005-04,2025-10,247,recursive Cholesky,VAR moving-average propagation,100 log response per100bp tightening,pointwise90/68 intervals,estimated,,,,,
p3,recursive VAR,34,price,0.4682946559004912,-1.653860128864923,-1.1361783392355835,1.3631498993897035,2.6931257892863307,3,2005-04,2025-10,247,recursive Cholesky,VAR moving-average propagation,100 log response per100bp tightening,pointwise90/68 intervals,estimated,,,,,
p3,recursive VAR,34,policy,0.5002721961628809,-0.2825738032407339,-0.1215081260747282,0.9078696375215926,1.4696982332623538,3,2005-04,2025-10,247,recursive Cholesky,VAR moving-average propagation,pp response per100bp tightening,pointwise90/68 intervals,estimated,,,,,
p3,recursive VAR,34,fx,2.6522029731310552,-0.2430272239752908,0.5985810056650981,3.9883322059671538,6.417388123318906,3,2005-04,2025-10,247,recursive Cholesky,VAR moving-average propagation,100 log response per100bp tightening,pointwise90/68 intervals,estimated,,,,,
p3,recursive VAR,35,brent,5.81205795577138,-6.141546714274149,-1.8390570491038536,13.089304304705772,21.761164052547187,3,2005-04,2025-10,247,recursive Cholesky,VAR moving-average propagation,100 log response per100bp tightening,pointwise90/68 intervals,estimated,,,,,
p3,recursive VAR,35,vix,0.0737373798160466,-0.0464400433198137,-0.0091830804582959,0.1168899954250989,0.1914941575346784,3,2005-04,2025-10,247,recursive Cholesky,VAR moving-average propagation,unscaled log response per100bp tightening,pointwise90/68 intervals,estimated,,,,,
p3,recursive VAR,35,activity,-0.8229081498254208,-2.441216356519616,-1.6202432733592471,0.0914670568728771,1.0719917854793295,3,2005-04,2025-10,247,recursive Cholesky,VAR moving-average propagation,100 log response per100bp tightening,pointwise90/68 intervals,estimated,,,,,
p3,recursive VAR,35,price,0.4584711712723461,-1.6773023293759486,-1.1492482256107968,1.3815969287489036,2.7587671160891167,3,2005-04,2025-10,247,recursive Cholesky,VAR moving-average propagation,100 log response per100bp tightening,pointwise90/68 intervals,estimated,,,,,
p3,recursive VAR,35,policy,0.4763047798045778,-0.2995339599360843,-0.1340332470346225,0.8996187491481243,1.466679969768223,3,2005-04,2025-10,247,recursive Cholesky,VAR moving-average propagation,pp response per100bp tightening,pointwise90/68 intervals,estimated,,,,,
p3,recursive VAR,35,fx,2.5997231520171376,-0.2352555985183022,0.5583126592236404,3.9896447337413696,6.411173259441229,3,2005-04,2025-10,247,recursive Cholesky,VAR moving-average propagation,100 log response per100bp tightening,pointwise90/68 intervals,estimated,,,,,
p3,recursive VAR,36,brent,5.736911902740506,-5.745928078978232,-1.791055660781444,13.134130844921891,22.058854572671745,3,2005-04,2025-10,247,recursive Cholesky,VAR moving-average propagation,100 log response per100bp tightening,pointwise90/68 intervals,estimated,,,,,
p3,recursive VAR,36,vix,0.0718792278972731,-0.0471625344440934,-0.0094955057046848,0.1157557529569862,0.1876331512166479,3,2005-04,2025-10,247,recursive Cholesky,VAR moving-average propagation,unscaled log response per100bp tightening,pointwise90/68 intervals,estimated,,,,,
p3,recursive VAR,36,activity,-0.8270078267378446,-2.4448109682219976,-1.56305698304778,0.0730498396082992,1.0531505164183874,3,2005-04,2025-10,247,recursive Cholesky,VAR moving-average propagation,100 log response per100bp tightening,pointwise90/68 intervals,estimated,,,,,
p3,recursive VAR,36,price,0.4485255390109595,-1.7055712263437444,-1.1511387339428236,1.411765977179832,2.812166304386175,3,2005-04,2025-10,247,recursive Cholesky,VAR moving-average propagation,100 log response per100bp tightening,pointwise90/68 intervals,estimated,,,,,
p3,recursive VAR,36,policy,0.4528657907908744,-0.3141940716436754,-0.1473213240229119,0.8866062778199186,1.4574826922201805,3,2005-04,2025-10,247,recursive Cholesky,VAR moving-average propagation,pp response per100bp tightening,pointwise90/68 intervals,estimated,,,,,
p3,recursive VAR,36,fx,2.5459140320199256,-0.3439976602418507,0.5228710586852025,3.9424954971755737,6.283841263081422,3,2005-04,2025-10,247,recursive Cholesky,VAR moving-average propagation,100 log response per100bp tightening,pointwise90/68 intervals,estimated,,,,,
p3,recursive-shock LP,0,brent,1.4932049801138023e-14,-6.213674536108011e-13,-3.697666534039727e-13,3.996307530062489e-13,6.512315532130771e-13,3,2005-04,2025-10,247,recursive Cholesky,local projection,100 log response per100bp tightening,pointwise90/68 intervals,estimated,247.0,,,2005-04,2025-10
p3,recursive-shock LP,0,vix,8.157591291578946e-17,-6.2242724535038835e-15,-3.730860960226358e-15,3.894012786057937e-15,6.387424279335462e-15,3,2005-04,2025-10,247,recursive Cholesky,local projection,unscaled log response per100bp tightening,pointwise90/68 intervals,estimated,247.0,,,2005-04,2025-10
p3,recursive-shock LP,0,activity,9.311820614654414e-15,-2.118549628202584e-13,-1.2440284413556184e-13,1.4302648536487065e-13,2.304786040495672e-13,3,2005-04,2025-10,247,recursive Cholesky,local projection,100 log response per100bp tightening,pointwise90/68 intervals,estimated,247.0,,,2005-04,2025-10
p3,recursive-shock LP,0,price,1.385310474553457e-16,-2.7556024968301936e-13,-1.66545495662495e-13,1.668225577574057e-13,2.758373117779301e-13,3,2005-04,2025-10,247,recursive Cholesky,local projection,100 log response per100bp tightening,pointwise90/68 intervals,estimated,247.0,,,2005-04,2025-10
p3,recursive-shock LP,0,policy,1.0000000000000009,0.9999999999999668,0.9999999999999803,1.0000000000000215,1.0000000000000349,3,2005-04,2025-10,247,recursive Cholesky,local projection,pp response per100bp tightening,pointwise90/68 intervals,estimated,247.0,,,2005-04,2025-10
p3,recursive-shock LP,0,fx,3.857111591596035,2.1823847408131067,2.844592731744159,4.869630451447912,5.531838442378964,3,2005-04,2025-10,247,recursive Cholesky,local projection,100 log response per100bp tightening,pointwise90/68 intervals,estimated,247.0,,,2005-04,2025-10
p3,recursive-shock LP,1,brent,9.011145992661984,2.781689560562344,5.244894725371585,12.777397259952386,15.240602424761626,3,2005-04,2025-10,247,recursive Cholesky,local projection,100 log response per100bp tightening,pointwise90/68 intervals,estimated,246.0,,,2005-04,2025-09
p3,recursive-shock LP,1,vix,0.0679359968781235,-0.0388025399226231,0.0034032155871177,0.1324687781691292,0.1746745336788701,3,2005-04,2025-10,247,recursive Cholesky,local projection,unscaled log response per100bp tightening,pointwise90/68 intervals,estimated,246.0,,,2005-04,2025-09
p3,recursive-shock LP,1,activity,0.0786664532725632,-1.3110484653809122,-0.7615377652818476,0.918870671826974,1.4683813719260386,3,2005-04,2025-10,247,recursive Cholesky,local projection,100 log response per100bp tightening,pointwise90/68 intervals,estimated,246.0,,,2005-04,2025-09
p3,recursive-shock LP,1,price,0.3760556738433462,0.156688930375395,0.2434292906921165,0.508682056994576,0.5954224173112975,3,2005-04,2025-10,247,recursive Cholesky,local projection,100 log response per100bp tightening,pointwise90/68 intervals,estimated,246.0,,,2005-04,2025-09
p3,recursive-shock LP,1,policy,1.203951245857006,1.0456772584873308,1.1082607771929165,1.299641714521096,1.362225233226681,3,2005-04,2025-10,247,recursive Cholesky,local projection,pp response per100bp tightening,pointwise90/68 intervals,estimated,246.0,,,2005-04,2025-09
p3,recursive-shock LP,1,fx,4.896932148055174,2.2339403352238745,3.2869206808942426,6.506943615216105,7.559923960886474,3,2005-04,2025-10,247,recursive Cholesky,local projection,100 log response per100bp tightening,pointwise90/68 intervals,estimated,246.0,,,2005-04,2025-09
p3,recursive-shock LP,2,brent,17.930441642183485,6.366519007157123,10.939038980693686,24.92184430367328,29.494364277209847,3,2005-04,2025-10,247,recursive Cholesky,local projection,100 log response per100bp tightening,pointwise90/68 intervals,estimated,245.0,,,2005-04,2025-08
p3,recursive-shock LP,2,vix,-0.1095352703506298,-0.2537421493161529,-0.1967209416167881,-0.0223495990844714,0.0346716086148933,3,2005-04,2025-10,247,recursive Cholesky,local projection,unscaled log response per100bp tightening,pointwise90/68 intervals,estimated,245.0,,,2005-04,2025-08
p3,recursive-shock LP,2,activity,1.386400918610192,-0.4701766664247229,0.2639373844838399,2.508864452736544,3.242978503645107,3,2005-04,2025-10,247,recursive Cholesky,local projection,100 log response per100bp tightening,pointwise90/68 intervals,estimated,245.0,,,2005-04,2025-08
p3,recursive-shock LP,2,price,0.3818448510044065,0.0651206896478479,0.1903573934561123,0.5733323085527008,0.6985690123609652,3,2005-04,2025-10,247,recursive Cholesky,local projection,100 log response per100bp tightening,pointwise90/68 intervals,estimated,245.0,,,2005-04,2025-08
p3,recursive-shock LP,2,policy,1.267891414828985,0.9807269979232476,1.0942754082190131,1.441507421438957,1.5550558317347225,3,2005-04,2025-10,247,recursive Cholesky,local projection,pp response per100bp tightening,pointwise90/68 intervals,estimated,245.0,,,2005-04,2025-08
p3,recursive-shock LP,2,fx,3.9798785065840314,0.7945279184723297,2.0540554721019713,5.905701541066092,7.165229094695733,3,2005-04,2025-10,247,recursive Cholesky,local projection,100 log response per100bp tightening,pointwise90/68 intervals,estimated,245.0,,,2005-04,2025-08
p3,recursive-shock LP,3,brent,13.253275464541296,-0.4947904885717111,4.941367133038311,21.56518379604428,27.001341417654302,3,2005-04,2025-10,247,recursive Cholesky,local projection,100 log response per100bp tightening,pointwise90/68 intervals,estimated,244.0,,,2005-04,2025-07
p3,recursive-shock LP,3,vix,0.007517343737918,-0.1640294317843183,-0.0961976862574743,0.1112323737333105,0.1790641192601545,3,2005-04,2025-10,247,recursive Cholesky,local projection,unscaled log response per100bp tightening,pointwise90/68 intervals,estimated,244.0,,,2005-04,2025-07
p3,recursive-shock LP,3,activity,2.4626695352127332,0.2120625921509158,1.101980790717865,3.823358279707602,4.713276478274551,3,2005-04,2025-10,247,recursive Cholesky,local projection,100 log response per100bp tightening,pointwise90/68 intervals,estimated,244.0,,,2005-04,2025-07
p3,recursive-shock LP,3,price,0.2268074019510222,-0.2852198187334255,-0.0827578369762539,0.5363726408782985,0.7388346226354701,3,2005-04,2025-10,247,recursive Cholesky,local projection,100 log response per100bp tightening,pointwise90/68 intervals,estimated,244.0,,,2005-04,2025-07
p3,recursive-shock LP,3,policy,1.2600227909245247,0.9229145035128918,1.0562113462957632,1.4638342355532863,1.5971310783361576,3,2005-04,2025-10,247,recursive Cholesky,local projection,pp response per100bp tightening,pointwise90/68 intervals,estimated,244.0,,,2005-04,2025-07
p3,recursive-shock LP,3,fx,4.636707966625394,1.042296006567347,2.463571554598256,6.8098443786525324,8.23111992668344,3,2005-04,2025-10,247,recursive Cholesky,local projection,100 log response per100bp tightening,pointwise90/68 intervals,estimated,244.0,,,2005-04,2025-07
p3,recursive-shock LP,4,brent,6.652244892908476,-9.399287181672216,-3.0523101797186154,16.356799965535565,22.70377696748917,3,2005-04,2025-10,247,recursive Cholesky,local projection,100 log response per100bp tightening,pointwise90/68 intervals,estimated,243.0,,,2005-04,2025-06
p3,recursive-shock LP,4,vix,0.075050189643071,-0.0641634792410472,-0.009116649402023,0.1592170286881651,0.2142638585271893,3,2005-04,2025-10,247,recursive Cholesky,local projection,unscaled log response per100bp tightening,pointwise90/68 intervals,estimated,243.0,,,2005-04,2025-06
p3,recursive-shock LP,4,activity,3.806858166719021,1.102301853391233,2.1717173236044274,5.441999009833614,6.511414480046808,3,2005-04,2025-10,247,recursive Cholesky,local projection,100 log response per100bp tightening,pointwise90/68 intervals,estimated,243.0,,,2005-04,2025-06
p3,recursive-shock LP,4,price,0.1885677929729839,-0.2265019466600067,-0.062378168355419,0.4395137543013869,0.6036375326059746,3,2005-04,2025-10,247,recursive Cholesky,local projection,100 log response per100bp tightening,pointwise90/68 intervals,estimated,243.0,,,2005-04,2025-06
p3,recursive-shock LP,4,policy,1.2072686019635486,0.8981597482568433,1.02038526395597,1.394151939971127,1.5163774556702538,3,2005-04,2025-10,247,recursive Cholesky,local projection,pp response per100bp tightening,pointwise90/68 intervals,estimated,243.0,,,2005-04,2025-06
p3,recursive-shock LP,4,fx,3.570121593749029,-1.1536583537870762,0.7141834540849894,6.4260597334130685,8.293901541285134,3,2005-04,2025-10,247,recursive Cholesky,local projection,100 log response per100bp tightening,pointwise90/68 intervals,estimated,243.0,,,2005-04,2025-06
p3,recursive-shock LP,5,brent,1.4978004005549292,-16.6388780154135,-9.467408010984846,12.463008812094705,19.63447881652336,3,2005-04,2025-10,247,recursive Cholesky,local projection,100 log response per100bp tightening,pointwise90/68 intervals,estimated,242.0,,,2005-04,2025-05
p3,recursive-shock LP,5,vix,0.1543821049538793,0.0113684859750189,0.0679178637171241,0.2408463461906344,0.2973957239327397,3,2005-04,2025-10,247,recursive Cholesky,local projection,unscaled log response per100bp tightening,pointwise90/68 intervals,estimated,242.0,,,2005-04,2025-05
p3,recursive-shock LP,5,activity,3.867260967577148,1.3797006113699286,2.3633131599079884,5.371208775246307,6.354821323784367,3,2005-04,2025-10,247,recursive Cholesky,local projection,100 log response per100bp tightening,pointwise90/68 intervals,estimated,242.0,,,2005-04,2025-05
p3,recursive-shock LP,5,price,0.3694939410090991,-0.1009542334064927,0.085066872227115,0.6539210097910833,0.8399421154246911,3,2005-04,2025-10,247,recursive Cholesky,local projection,100 log response per100bp tightening,pointwise90/68 intervals,estimated,242.0,,,2005-04,2025-05
p3,recursive-shock LP,5,policy,1.0672190610349397,0.7474057249862539,0.8738639271932286,1.2605741948766502,1.3870323970836251,3,2005-04,2025-10,247,recursive Cholesky,local projection,pp response per100bp tightening,pointwise90/68 intervals,estimated,242.0,,,2005-04,2025-05
p3,recursive-shock LP,5,fx,2.0495357959612623,-3.780000176371892,-1.4749285746988607,5.574000166621385,7.879071768294416,3,2005-04,2025-10,247,recursive Cholesky,local projection,100 log response per100bp tightening,pointwise90/68 intervals,estimated,242.0,,,2005-04,2025-05
p3,recursive-shock LP,6,brent,-4.9533521832406935,-27.76797620584238,-18.74678786650726,8.840083500025873,17.861271839360995,3,2005-04,2025-10,247,recursive Cholesky,local projection,100 log response per100bp tightening,pointwise90/68 intervals,estimated,241.0,,,2005-04,2025-04
p3,recursive-shock LP,6,vix,0.311637814309781,0.1071614357382921,0.1880139591115103,0.4352616695080516,0.5161141928812698,3,2005-04,2025-10,247,recursive Cholesky,local projection,unscaled log response per100bp tightening,pointwise90/68 intervals,estimated,241.0,,,2005-04,2025-04
p3,recursive-shock LP,6,activity,2.416597517861795,-0.3613721186785961,0.7370718998315717,4.096123135892018,5.194567154402186,3,2005-04,2025-10,247,recursive Cholesky,local projection,100 log response per100bp tightening,pointwise90/68 intervals,estimated,241.0,,,2005-04,2025-04
p3,recursive-shock LP,6,price,0.3009139067557897,-0.2276824093836031,-0.0186687995757828,0.6204966130873623,0.8295102228951825,3,2005-04,2025-10,247,recursive Cholesky,local projection,100 log response per100bp tightening,pointwise90/68 intervals,estimated,241.0,,,2005-04,2025-04
p3,recursive-shock LP,6,policy,0.8982316277880217,0.5549552296351388,0.6906910207276367,1.1057722348484067,1.2415080259409046,3,2005-04,2025-10,247,recursive Cholesky,local projection,pp response per100bp tightening,pointwise90/68 intervals,estimated,241.0,,,2005-04,2025-04
p3,recursive-shock LP,6,fx,2.298987222962557,-3.6573809567369,-1.302158310321185,5.900132756246299,8.255355402662016,3,2005-04,2025-10,247,recursive Cholesky,local projection,100 log response per100bp tightening,pointwise90/68 intervals,estimated,241.0,,,2005-04,2025-04
p3,recursive-shock LP,7,brent,-12.595214653834576,-37.338658076964336,-27.554790367261795,2.3643610595926443,12.148228769295182,3,2005-04,2025-10,247,recursive Cholesky,local projection,100 log response per100bp tightening,pointwise90/68 intervals,estimated,240.0,,,2005-04,2025-03
p3,recursive-shock LP,7,vix,0.3377405235069655,0.0675910439658779,0.1744115347308884,0.5010695122830426,0.6078900030480532,3,2005-04,2025-10,247,recursive Cholesky,local projection,unscaled log response per100bp tightening,pointwise90/68 intervals,estimated,240.0,,,2005-04,2025-03
p3,recursive-shock LP,7,activity,1.2954348087718233,-1.3352691796984442,-0.2950558445358837,2.8859254620795305,3.926138797242091,3,2005-04,2025-10,247,recursive Cholesky,local projection,100 log response per100bp tightening,pointwise90/68 intervals,estimated,240.0,,,2005-04,2025-03
p3,recursive-shock LP,7,price,0.3251544241871583,-0.3187351770708591,-0.064133157027332,0.7144420054016487,0.9690440254451758,3,2005-04,2025-10,247,recursive Cholesky,local projection,100 log response per100bp tightening,pointwise90/68 intervals,estimated,240.0,,,2005-04,2025-03
p3,recursive-shock LP,7,policy,0.7324744231710382,0.3256358810389684,0.486504940666601,0.9784439056754752,1.139312965303108,3,2005-04,2025-10,247,recursive Cholesky,local projection,pp response per100bp tightening,pointwise90/68 intervals,estimated,240.0,,,2005-04,2025-03
p3,recursive-shock LP,7,fx,1.7025044439960315,-4.040150276700893,-1.769432611055523,5.174441499047586,7.445159164692956,3,2005-04,2025-10,247,recursive Cholesky,local projection,100 log response per100bp tightening,pointwise90/68 intervals,estimated,240.0,,,2005-04,2025-03
p3,recursive-shock LP,8,brent,-10.723493670005343,-39.23476321403106,-27.96104982320768,6.514062483196994,17.787775874020372,3,2005-04,2025-10,247,recursive Cholesky,local projection,100 log response per100bp tightening,pointwise90/68 intervals,estimated,239.0,,,2005-04,2025-02
p3,recursive-shock LP,8,vix,0.2274945781019816,0.0035211073639977,0.0920830253925511,0.3629061308114121,0.4514680488399655,3,2005-04,2025-10,247,recursive Cholesky,local projection,unscaled log response per100bp tightening,pointwise90/68 intervals,estimated,239.0,,,2005-04,2025-02
p3,recursive-shock LP,8,activity,1.333787661938972,-1.6601265652086168,-0.4762953485224785,3.143870672400423,4.327701889086561,3,2005-04,2025-10,247,recursive Cholesky,local projection,100 log response per100bp tightening,pointwise90/68 intervals,estimated,239.0,,,2005-04,2025-02
p3,recursive-shock LP,8,price,0.3924793564784447,-0.3372935464560767,-0.0487321923091193,0.8336909052660089,1.1222522594129662,3,2005-04,2025-10,247,recursive Cholesky,local projection,100 log response per100bp tightening,pointwise90/68 intervals,estimated,239.0,,,2005-04,2025-02
p3,recursive-shock LP,8,policy,0.775489134691948,0.3569265504648367,0.52243144330773,1.028546826076166,1.1940517189190594,3,2005-04,2025-10,247,recursive Cholesky,local projection,pp response per100bp tightening,pointwise90/68 intervals,estimated,239.0,,,2005-04,2025-02
p3,recursive-shock LP,8,fx,0.5522877779595676,-4.4922638063612075,-2.4975848721580407,3.602160428077176,5.596839362280343,3,2005-04,2025-10,247,recursive Cholesky,local projection,100 log response per100bp tightening,pointwise90/68 intervals,estimated,239.0,,,2005-04,2025-02
p3,recursive-shock LP,9,brent,-4.0266737157846775,-30.85835793369911,-20.24877363585675,12.195426204287395,22.80501050212976,3,2005-04,2025-10,247,recursive Cholesky,local projection,100 log response per100bp tightening,pointwise90/68 intervals,estimated,238.0,,,2005-04,2025-01
p3,recursive-shock LP,9,vix,0.2078520574623436,-0.0171299891152176,0.0718307324436642,0.3438733824810229,0.4328341040399048,3,2005-04,2025-10,247,recursive Cholesky,local projection,unscaled log response per100bp tightening,pointwise90/68 intervals,estimated,238.0,,,2005-04,2025-01
p3,recursive-shock LP,9,activity,1.6780630255878497,-1.747204641234806,-0.3928108671173551,3.748936918293054,5.1033306924105055,3,2005-04,2025-10,247,recursive Cholesky,local projection,100 log response per100bp tightening,pointwise90/68 intervals,estimated,238.0,,,2005-04,2025-01
p3,recursive-shock LP,9,price,0.4801436667600841,-0.3499553577674797,-0.0217237974690092,0.9820111309891776,1.310242691287648,3,2005-04,2025-10,247,recursive Cholesky,local projection,100 log response per100bp tightening,pointwise90/68 intervals,estimated,238.0,,,2005-04,2025-01
p3,recursive-shock LP,9,policy,0.8621439594323594,0.4765469928066889,0.6290168671977995,1.0952710516669193,1.24774092605803,3,2005-04,2025-10,247,recursive Cholesky,local projection,pp response per100bp tightening,pointwise90/68 intervals,estimated,238.0,,,2005-04,2025-01
p3,recursive-shock LP,9,fx,1.2414792820201392,-3.390943464621152,-1.5592254392234386,4.042184003263717,5.87390202866143,3,2005-04,2025-10,247,recursive Cholesky,local projection,100 log response per100bp tightening,pointwise90/68 intervals,estimated,238.0,,,2005-04,2025-01
p3,recursive-shock LP,10,brent,1.282629771549045,-25.34552889004136,-14.816421148536206,17.381680691634294,27.910788433139448,3,2005-04,2025-10,247,recursive Cholesky,local projection,100 log response per100bp tightening,pointwise90/68 intervals,estimated,237.0,,,2005-04,2024-12
p3,recursive-shock LP,10,vix,0.176535482483323,-0.0634082047555398,0.0314685370777653,0.3216024278888806,0.4164791697221858,3,2005-04,2025-10,247,recursive Cholesky,local projection,unscaled log response per100bp tightening,pointwise90/68 intervals,estimated,237.0,,,2005-04,2024-12
p3,recursive-shock LP,10,activity,2.1410934513072815,-1.772641586299414,-0.2251016904182541,4.507288593032817,6.0548284889139765,3,2005-04,2025-10,247,recursive Cholesky,local projection,100 log response per100bp tightening,pointwise90/68 intervals,estimated,237.0,,,2005-04,2024-12
p3,recursive-shock LP,10,price,0.5908948211641927,-0.2812457386595871,0.0636095717215603,1.118180070606825,1.4630353809879724,3,2005-04,2025-10,247,recursive Cholesky,local projection,100 log response per100bp tightening,pointwise90/68 intervals,estimated,237.0,,,2005-04,2024-12
p3,recursive-shock LP,10,policy,0.7428929208832374,0.3280717751487483,0.4920972563095317,0.9936885854569432,1.1577140666177266,3,2005-04,2025-10,247,recursive Cholesky,local projection,pp response per100bp tightening,pointwise90/68 intervals,estimated,237.0,,,2005-04,2024-12
p3,recursive-shock LP,10,fx,-0.1304597405334355,-4.952266855261692,-3.045663876627583,2.784744395560712,4.691347374194821,3,2005-04,2025-10,247,recursive Cholesky,local projection,100 log response per100bp tightening,pointwise90/68 intervals,estimated,237.0,,,2005-04,2024-12
p3,recursive-shock LP,11,brent,4.658515335667863,-19.526418346370676,-9.963392389692244,19.280423061027967,28.843449017706405,3,2005-04,2025-10,247,recursive Cholesky,local projection,100 log response per100bp tightening,pointwise90/68 intervals,estimated,236.0,,,2005-04,2024-11
p3,recursive-shock LP,11,vix,0.124933214951554,-0.0937438454528969,-0.0072761944652496,0.2571426243683578,0.343610275356005,3,2005-04,2025-10,247,recursive Cholesky,local projection,unscaled log response per100bp tightening,pointwise90/68 intervals,estimated,236.0,,,2005-04,2024-11
p3,recursive-shock LP,11,activity,1.31207977783758,-2.3096041601008994,-0.8775449301385314,3.501704485813691,4.93376371577606,3,2005-04,2025-10,247,recursive Cholesky,local projection,100 log response per100bp tightening,pointwise90/68 intervals,estimated,236.0,,,2005-04,2024-11
p3,recursive-shock LP,11,price,0.5789539376791716,-0.325294760600891,0.0322565102288101,1.125651365129533,1.483202635959234,3,2005-04,2025-10,247,recursive Cholesky,local projection,100 log response per100bp tightening,pointwise90/68 intervals,estimated,236.0,,,2005-04,2024-11
p3,recursive-shock LP,11,policy,0.749300683599739,0.3201186490804146,0.4898226056927286,1.0087787615067494,1.1784827181190634,3,2005-04,2025-10,247,recursive Cholesky,local projection,pp response per100bp tightening,pointwise90/68 intervals,estimated,236.0,,,2005-04,2024-11
p3,recursive-shock LP,11,fx,-0.2703262732220395,-4.7828983315588305,-2.9985707707474605,2.4579182243033815,4.2422457851147515,3,2005-04,2025-10,247,recursive Cholesky,local projection,100 log response per100bp tightening,pointwise90/68 intervals,estimated,236.0,,,2005-04,2024-11
p3,recursive-shock LP,12,brent,10.515126449027804,-14.871406895530916,-4.833253369213928,25.863506267269535,35.901659793586525,3,2005-04,2025-10,247,recursive Cholesky,local projection,100 log response per100bp tightening,pointwise90/68 intervals,estimated,235.0,,,2005-04,2024-10
p3,recursive-shock LP,12,vix,0.0130018244477653,-0.1871715149641736,-0.1080204672169125,0.1340241161124433,0.2131751638597044,3,2005-04,2025-10,247,recursive Cholesky,local projection,unscaled log response per100bp tightening,pointwise90/68 intervals,estimated,235.0,,,2005-04,2024-10
p3,recursive-shock LP,12,activity,2.9688962428478565,-0.9286814895446268,0.6124696053092125,5.3253228803865005,6.866473975240339,3,2005-04,2025-10,247,recursive Cholesky,local projection,100 log response per100bp tightening,pointwise90/68 intervals,estimated,235.0,,,2005-04,2024-10
p3,recursive-shock LP,12,price,0.6352831235778497,-0.3413053925538517,0.0448499490957906,1.2257162980599086,1.611871639709551,3,2005-04,2025-10,247,recursive Cholesky,local projection,100 log response per100bp tightening,pointwise90/68 intervals,estimated,235.0,,,2005-04,2024-10
p3,recursive-shock LP,12,policy,0.8068593690108525,0.3272007911569461,0.5168638057703372,1.096854932251368,1.286517946864759,3,2005-04,2025-10,247,recursive Cholesky,local projection,pp response per100bp tightening,pointwise90/68 intervals,estimated,235.0,,,2005-04,2024-10
p3,recursive-shock LP,12,fx,-0.1068869247275651,-4.878891056016106,-2.9919808013569953,2.7782069519018653,4.665117206560976,3,2005-04,2025-10,247,recursive Cholesky,local projection,100 log response per100bp tightening,pointwise90/68 intervals,estimated,235.0,,,2005-04,2024-10
p3,recursive-shock LP,13,brent,9.425927389991378,-16.81621915681299,-6.439745444485792,25.291600224468542,35.66807393679574,3,2005-04,2025-10,247,recursive Cholesky,local projection,100 log response per100bp tightening,pointwise90/68 intervals,estimated,234.0,,,2005-04,2024-09
p3,recursive-shock LP,13,vix,0.1263582419246978,-0.1081124482704074,-0.0153997980768964,0.2681162819262922,0.3608289321198031,3,2005-04,2025-10,247,recursive Cholesky,local projection,unscaled log response per100bp tightening,pointwise90/68 intervals,estimated,234.0,,,2005-04,2024-09
p3,recursive-shock LP,13,activity,2.9986348775531204,-0.0649170877234244,1.146449763587429,4.8508199915188115,6.062186842829665,3,2005-04,2025-10,247,recursive Cholesky,local projection,100 log response per100bp tightening,pointwise90/68 intervals,estimated,234.0,,,2005-04,2024-09
p3,recursive-shock LP,13,price,0.6029924924108774,-0.4461749128501953,-0.0313209686004336,1.2373059534221884,1.65215989767195,3,2005-04,2025-10,247,recursive Cholesky,local projection,100 log response per100bp tightening,pointwise90/68 intervals,estimated,234.0,,,2005-04,2024-09
p3,recursive-shock LP,13,policy,0.8176060661517968,0.2918224925116039,0.4997239086751109,1.1354882236284825,1.3433896397919896,3,2005-04,2025-10,247,recursive Cholesky,local projection,pp response per100bp tightening,pointwise90/68 intervals,estimated,234.0,,,2005-04,2024-09
p3,recursive-shock LP,13,fx,-0.1081958686890039,-4.962894249735596,-3.043285652079101,2.8268939147010927,4.746502512357589,3,2005-04,2025-10,247,recursive Cholesky,local projection,100 log response per100bp tightening,pointwise90/68 intervals,estimated,234.0,,,2005-04,2024-09
p3,recursive-shock LP,14,brent,9.879716798846584,-14.566948339335225,-4.900430483870389,24.65986408156356,34.326381937028394,3,2005-04,2025-10,247,recursive Cholesky,local projection,100 log response per100bp tightening,pointwise90/68 intervals,estimated,233.0,,,2005-04,2024-08
p3,recursive-shock LP,14,vix,0.1086566361970996,-0.1378701305263029,-0.0403903565402866,0.2577036289344859,0.3551834029205021,3,2005-04,2025-10,247,recursive Cholesky,local projection,unscaled log response per100bp tightening,pointwise90/68 intervals,estimated,233.0,,,2005-04,2024-08
p3,recursive-shock LP,14,activity,2.7041553316779634,0.0138902582946682,1.077654793080911,4.330655870275016,5.3944204050612585,3,2005-04,2025-10,247,recursive Cholesky,local projection,100 log response per100bp tightening,pointwise90/68 intervals,estimated,233.0,,,2005-04,2024-08
p3,recursive-shock LP,14,price,0.7677107829925923,-0.3909226091125811,0.0672155585849795,1.4682060074002052,1.926344175097766,3,2005-04,2025-10,247,recursive Cholesky,local projection,100 log response per100bp tightening,pointwise90/68 intervals,estimated,233.0,,,2005-04,2024-08
p3,recursive-shock LP,14,policy,0.8212180380390732,0.2268613433435242,0.4618774311949608,1.1805586448831855,1.4155747327346222,3,2005-04,2025-10,247,recursive Cholesky,local projection,pp response per100bp tightening,pointwise90/68 intervals,estimated,233.0,,,2005-04,2024-08
p3,recursive-shock LP,14,fx,0.7234739179436022,-3.909154814008411,-2.0773553394366364,3.524303175323841,5.3561026498956155,3,2005-04,2025-10,247,recursive Cholesky,local projection,100 log response per100bp tightening,pointwise90/68 intervals,estimated,233.0,,,2005-04,2024-08
p3,recursive-shock LP,15,brent,4.898768937256022,-18.589623733288324,-9.302018824291196,19.09955669880324,28.38716160780037,3,2005-04,2025-10,247,recursive Cholesky,local projection,100 log response per100bp tightening,pointwise90/68 intervals,estimated,232.0,,,2005-04,2024-07
p3,recursive-shock LP,15,vix,0.0540044687415864,-0.1869243587417143,-0.091658080106184,0.1996670175893569,0.2949332962248873,3,2005-04,2025-10,247,recursive Cholesky,local projection,unscaled log response per100bp tightening,pointwise90/68 intervals,estimated,232.0,,,2005-04,2024-07
p3,recursive-shock LP,15,activity,1.8273706625475763,-0.8224638206018335,0.2253139519739504,3.429427373121203,4.477205145696987,3,2005-04,2025-10,247,recursive Cholesky,local projection,100 log response per100bp tightening,pointwise90/68 intervals,estimated,232.0,,,2005-04,2024-07
p3,recursive-shock LP,15,price,0.6655633508408053,-0.5829410061105146,-0.0892667323034831,1.420393433985094,1.914067707792125,3,2005-04,2025-10,247,recursive Cholesky,local projection,100 log response per100bp tightening,pointwise90/68 intervals,estimated,232.0,,,2005-04,2024-07
p3,recursive-shock LP,15,policy,0.7724508033598636,0.1453288315170359,0.3933007206932408,1.1516008860264864,1.3995727752026914,3,2005-04,2025-10,247,recursive Cholesky,local projection,pp response per100bp tightening,pointwise90/68 intervals,estimated,232.0,,,2005-04,2024-07
p3,recursive-shock LP,15,fx,1.0863447642871014,-3.22298163353019,-1.5190199547461802,3.691709483320383,5.395671162104393,3,2005-04,2025-10,247,recursive Cholesky,local projection,100 log response per100bp tightening,pointwise90/68 intervals,estimated,232.0,,,2005-04,2024-07
p3,recursive-shock LP,16,brent,6.371672630438198,-12.741700571605596,-5.184033205059389,17.927378465935785,25.48504583248199,3,2005-04,2025-10,247,recursive Cholesky,local projection,100 log response per100bp tightening,pointwise90/68 intervals,estimated,231.0,,,2005-04,2024-06
p3,recursive-shock LP,16,vix,0.0619898407023447,-0.1597347649498608,-0.0720620763676688,0.1960417577723583,0.2837144463545504,3,2005-04,2025-10,247,recursive Cholesky,local projection,unscaled log response per100bp tightening,pointwise90/68 intervals,estimated,231.0,,,2005-04,2024-06
p3,recursive-shock LP,16,activity,0.6762081476903226,-1.8466369773212716,-0.8490723888732479,2.201488684253893,3.1990532727019168,3,2005-04,2025-10,247,recursive Cholesky,local projection,100 log response per100bp tightening,pointwise90/68 intervals,estimated,231.0,,,2005-04,2024-06
p3,recursive-shock LP,16,price,0.9314562982114628,-0.3873480049265013,0.1341237488725989,1.7287888475503266,2.250260601349427,3,2005-04,2025-10,247,recursive Cholesky,local projection,100 log response per100bp tightening,pointwise90/68 intervals,estimated,231.0,,,2005-04,2024-06
p3,recursive-shock LP,16,policy,0.8203450306914226,0.2197251399816145,0.4572177740516006,1.1834722873312449,1.4209649214012303,3,2005-04,2025-10,247,recursive Cholesky,local projection,pp response per100bp tightening,pointwise90/68 intervals,estimated,231.0,,,2005-04,2024-06
p3,recursive-shock LP,16,fx,0.2203388150129967,-4.426413154007367,-2.5890291744519276,3.0297068044779207,4.86709078403336,3,2005-04,2025-10,247,recursive Cholesky,local projection,100 log response per100bp tightening,pointwise90/68 intervals,estimated,231.0,,,2005-04,2024-06
p3,recursive-shock LP,17,brent,3.099011176214054,-14.43701638717061,-7.503051259525039,13.701073611953149,20.63503873959872,3,2005-04,2025-10,247,recursive Cholesky,local projection,100 log response per100bp tightening,pointwise90/68 intervals,estimated,230.0,,,2005-04,2024-05
p3,recursive-shock LP,17,vix,0.1641188412870516,-0.0384026653845427,0.0416768771334682,0.2865608054406349,0.366640347958646,3,2005-04,2025-10,247,recursive Cholesky,local projection,unscaled log response per100bp tightening,pointwise90/68 intervals,estimated,230.0,,,2005-04,2024-05
p3,recursive-shock LP,17,activity,0.177883666922847,-2.3952835457639905,-1.3778209730188258,1.7335883068645197,2.751050879609685,3,2005-04,2025-10,247,recursive Cholesky,local projection,100 log response per100bp tightening,pointwise90/68 intervals,estimated,230.0,,,2005-04,2024-05
p3,recursive-shock LP,17,price,0.9890805574215268,-0.3778057977134097,0.1626782021948826,1.8154829126481704,2.355966912556463,3,2005-04,2025-10,247,recursive Cholesky,local projection,100 log response per100bp tightening,pointwise90/68 intervals,estimated,230.0,,,2005-04,2024-05
p3,recursive-shock LP,17,policy,0.8391080521638785,0.2171822343862977,0.4630994991068746,1.2151166052208824,1.4610338699414591,3,2005-04,2025-10,247,recursive Cholesky,local projection,pp response per100bp tightening,pointwise90/68 intervals,estimated,230.0,,,2005-04,2024-05
p3,recursive-shock LP,17,fx,0.0434603447438998,-5.274156466650884,-3.171504118556804,3.258424808044603,5.361077156138683,3,2005-04,2025-10,247,recursive Cholesky,local projection,100 log response per100bp tightening,pointwise90/68 intervals,estimated,230.0,,,2005-04,2024-05
p3,recursive-shock LP,18,brent,0.1320998691992098,-16.4369310784708,-9.885328534807304,10.149528273205728,16.701130816869217,3,2005-04,2025-10,247,recursive Cholesky,local projection,100 log response per100bp tightening,pointwise90/68 intervals,estimated,229.0,,,2005-04,2024-04
p3,recursive-shock LP,18,vix,0.1622081307670181,-0.046401559373851,0.036085327208491,0.2883309343255453,0.3708178209078874,3,2005-04,2025-10,247,recursive Cholesky,local projection,unscaled log response per100bp tightening,pointwise90/68 intervals,estimated,229.0,,,2005-04,2024-04
p3,recursive-shock LP,18,activity,0.6962337787463159,-1.2193256394944774,-0.4618894323486536,1.8543569898412855,2.611793196987109,3,2005-04,2025-10,247,recursive Cholesky,local projection,100 log response per100bp tightening,pointwise90/68 intervals,estimated,229.0,,,2005-04,2024-04
p3,recursive-shock LP,18,price,1.0445821713177,-0.4168690959199941,0.1610070556856709,1.928157286949729,2.506033438555394,3,2005-04,2025-10,247,recursive Cholesky,local projection,100 log response per100bp tightening,pointwise90/68 intervals,estimated,229.0,,,2005-04,2024-04
p3,recursive-shock LP,18,policy,0.806610903925304,0.1833027371690239,0.4297666000047036,1.1834552078459044,1.429919070681584,3,2005-04,2025-10,247,recursive Cholesky,local projection,pp response per100bp tightening,pointwise90/68 intervals,estimated,229.0,,,2005-04,2024-04
p3,recursive-shock LP,18,fx,-0.2082606476956704,-5.6626171882610645,-3.505896237103629,3.089374941712288,5.246095892869723,3,2005-04,2025-10,247,recursive Cholesky,local projection,100 log response per100bp tightening,pointwise90/68 intervals,estimated,229.0,,,2005-04,2024-04
p3,recursive-shock LP,19,brent,-0.2552630112441816,-16.731027915974565,-10.216303934858908,9.705777912370545,16.2205018934862,3,2005-04,2025-10,247,recursive Cholesky,local projection,100 log response per100bp tightening,pointwise90/68 intervals,estimated,228.0,,,2005-04,2024-03
p3,recursive-shock LP,19,vix,0.1798916320916603,-0.0550683109791458,0.0378377959346198,0.3219454682487007,0.4148515751624664,3,2005-04,2025-10,247,recursive Cholesky,local projection,unscaled log response per100bp tightening,pointwise90/68 intervals,estimated,228.0,,,2005-04,2024-03
p3,recursive-shock LP,19,activity,-0.2010130257303867,-1.7835567017844665,-1.1577990937360312,0.7557730422752579,1.3815306503236933,3,2005-04,2025-10,247,recursive Cholesky,local projection,100 log response per100bp tightening,pointwise90/68 intervals,estimated,228.0,,,2005-04,2024-03
p3,recursive-shock LP,19,price,1.1249024544073294,-0.3790636891118939,0.2156233775357746,2.034181531278884,2.6288685979265525,3,2005-04,2025-10,247,recursive Cholesky,local projection,100 log response per100bp tightening,pointwise90/68 intervals,estimated,228.0,,,2005-04,2024-03
p3,recursive-shock LP,19,policy,0.751159158062779,0.1237357743455274,0.3718268455553347,1.1304914705702234,1.3785825417800306,3,2005-04,2025-10,247,recursive Cholesky,local projection,pp response per100bp tightening,pointwise90/68 intervals,estimated,228.0,,,2005-04,2024-03
p3,recursive-shock LP,19,fx,0.6277737222090279,-5.476052781024487,-3.062523264967373,4.318070709385429,6.731600225442543,3,2005-04,2025-10,247,recursive Cholesky,local projection,100 log response per100bp tightening,pointwise90/68 intervals,estimated,228.0,,,2005-04,2024-03
p3,recursive-shock LP,20,brent,-2.8700086201642843,-19.567782992972816,-12.965273685100756,7.225256444772187,13.827765752644249,3,2005-04,2025-10,247,recursive Cholesky,local projection,100 log response per100bp tightening,pointwise90/68 intervals,estimated,227.0,,,2005-04,2024-02
p3,recursive-shock LP,20,vix,0.2025093878903685,-0.0171718831397758,0.0696928453179084,0.3353259304628285,0.4221906589205129,3,2005-04,2025-10,247,recursive Cholesky,local projection,unscaled log response per100bp tightening,pointwise90/68 intervals,estimated,227.0,,,2005-04,2024-02
p3,recursive-shock LP,20,activity,-1.217575154251775,-3.052164684932287,-2.3267449863544964,-0.1084053221490533,0.617014376428737,3,2005-04,2025-10,247,recursive Cholesky,local projection,100 log response per100bp tightening,pointwise90/68 intervals,estimated,227.0,,,2005-04,2024-02
p3,recursive-shock LP,20,price,1.37926100200047,-0.1715043945675065,0.441687683404248,2.3168343205966924,2.9300263985684465,3,2005-04,2025-10,247,recursive Cholesky,local projection,100 log response per100bp tightening,pointwise90/68 intervals,estimated,227.0,,,2005-04,2024-02
p3,recursive-shock LP,20,policy,0.7310021103706359,0.0575713035887707,0.3238542866206699,1.1381499341206018,1.404432917152501,3,2005-04,2025-10,247,recursive Cholesky,local projection,pp response per100bp tightening,pointwise90/68 intervals,estimated,227.0,,,2005-04,2024-02
p3,recursive-shock LP,20,fx,-0.4924451801764689,-5.944817852279115,-3.788881347581336,2.8039909872283983,4.959927491926178,3,2005-04,2025-10,247,recursive Cholesky,local projection,100 log response per100bp tightening,pointwise90/68 intervals,estimated,227.0,,,2005-04,2024-02
p3,recursive-shock LP,21,brent,-2.3286490917134555,-15.876388204136186,-10.51944232660315,5.86214414317624,11.219090020709276,3,2005-04,2025-10,247,recursive Cholesky,local projection,100 log response per100bp tightening,pointwise90/68 intervals,estimated,226.0,,,2005-04,2024-01
p3,recursive-shock LP,21,vix,0.1032647606781064,-0.1426960393136001,-0.0454400556681728,0.2519695770243858,0.3492255606698131,3,2005-04,2025-10,247,recursive Cholesky,local projection,unscaled log response per100bp tightening,pointwise90/68 intervals,estimated,226.0,,,2005-04,2024-01
p3,recursive-shock LP,21,activity,-1.0398565035257146,-2.804756424605788,-2.10689287128279,0.0271798642313612,0.725043417554359,3,2005-04,2025-10,247,recursive Cholesky,local projection,100 log response per100bp tightening,pointwise90/68 intervals,estimated,226.0,,,2005-04,2024-01
p3,recursive-shock LP,21,price,1.4607455377131509,-0.162660139235071,0.47925481620699,2.4422362592193116,3.0841512146613725,3,2005-04,2025-10,247,recursive Cholesky,local projection,100 log response per100bp tightening,pointwise90/68 intervals,estimated,226.0,,,2005-04,2024-01
p3,recursive-shock LP,21,policy,0.6468835986781664,-0.0172357602940464,0.2453653595469648,1.0484018378093678,1.3110029576503792,3,2005-04,2025-10,247,recursive Cholesky,local projection,pp response per100bp tightening,pointwise90/68 intervals,estimated,226.0,,,2005-04,2024-01
p3,recursive-shock LP,21,fx,-2.720294175472171,-6.748887937042257,-5.155931461853765,-0.2846568890905776,1.3082995860979143,3,2005-04,2025-10,247,recursive Cholesky,local projection,100 log response per100bp tightening,pointwise90/68 intervals,estimated,226.0,,,2005-04,2024-01
p3,recursive-shock LP,22,brent,4.148713299337772,-7.887772818928444,-3.1283953201319576,11.425821918807502,16.18519941760399,3,2005-04,2025-10,247,recursive Cholesky,local projection,100 log response per100bp tightening,pointwise90/68 intervals,estimated,225.0,,,2005-04,2023-12
p3,recursive-shock LP,22,vix,0.2006835081727805,-0.0613663962736693,0.0422514209638296,0.3591155953817313,0.4627334126192303,3,2005-04,2025-10,247,recursive Cholesky,local projection,unscaled log response per100bp tightening,pointwise90/68 intervals,estimated,225.0,,,2005-04,2023-12
p3,recursive-shock LP,22,activity,0.0736976339148754,-2.1297012519563907,-1.2584497109959036,1.4058449788256544,2.2770965197861415,3,2005-04,2025-10,247,recursive Cholesky,local projection,100 log response per100bp tightening,pointwise90/68 intervals,estimated,225.0,,,2005-04,2023-12
p3,recursive-shock LP,22,price,1.6157707225846347,-0.042705572215083,0.6130767451656085,2.6184647000036607,3.2742470173843525,3,2005-04,2025-10,247,recursive Cholesky,local projection,100 log response per100bp tightening,pointwise90/68 intervals,estimated,225.0,,,2005-04,2023-12
p3,recursive-shock LP,22,policy,0.5884752906138283,-0.0980509444472697,0.1734101350886166,1.00354044613904,1.2750015256749263,3,2005-04,2025-10,247,recursive Cholesky,local projection,pp response per100bp tightening,pointwise90/68 intervals,estimated,225.0,,,2005-04,2023-12
p3,recursive-shock LP,22,fx,-3.540817299308573,-8.04839712428166,-6.2660435551242095,-0.8155910434929372,0.9667625256645148,3,2005-04,2025-10,247,recursive Cholesky,local projection,100 log response per100bp tightening,pointwise90/68 intervals,estimated,225.0,,,2005-04,2023-12
p3,recursive-shock LP,23,brent,5.002195620204341,-7.594703148438742,-2.613731462432014,12.618122702840695,17.599094388847423,3,2005-04,2025-10,247,recursive Cholesky,local projection,100 log response per100bp tightening,pointwise90/68 intervals,estimated,224.0,,,2005-04,2023-11
p3,recursive-shock LP,23,vix,0.2448711318331242,0.0627852838747698,0.1347843107591294,0.3549579529071191,0.4269569797914787,3,2005-04,2025-10,247,recursive Cholesky,local projection,unscaled log response per100bp tightening,pointwise90/68 intervals,estimated,224.0,,,2005-04,2023-11
p3,recursive-shock LP,23,activity,0.1295707171829594,-2.333588856411077,-1.3596246832029208,1.6187661175688397,2.592730290776996,3,2005-04,2025-10,247,recursive Cholesky,local projection,100 log response per100bp tightening,pointwise90/68 intervals,estimated,224.0,,,2005-04,2023-11
p3,recursive-shock LP,23,price,2.0531032113503693,0.213980398997726,0.9411926139772346,3.165013808723504,3.892226023703013,3,2005-04,2025-10,247,recursive Cholesky,local projection,100 log response per100bp tightening,pointwise90/68 intervals,estimated,224.0,,,2005-04,2023-11
p3,recursive-shock LP,23,policy,0.6641338978629509,-0.0613238254085075,0.2255312526052119,1.1027365431206897,1.3895916211344093,3,2005-04,2025-10,247,recursive Cholesky,local projection,pp response per100bp tightening,pointwise90/68 intervals,estimated,224.0,,,2005-04,2023-11
p3,recursive-shock LP,23,fx,-2.999322917004181,-6.710182945269974,-5.242862371293727,-0.7557834627146343,0.7115371112616127,3,2005-04,2025-10,247,recursive Cholesky,local projection,100 log response per100bp tightening,pointwise90/68 intervals,estimated,224.0,,,2005-04,2023-11
p3,recursive-shock LP,24,brent,4.880809896718808,-9.315638832458385,-3.702185040331515,13.463804833769132,19.077258625896,3,2005-04,2025-10,247,recursive Cholesky,local projection,100 log response per100bp tightening,pointwise90/68 intervals,estimated,223.0,,,2005-04,2023-10
p3,recursive-shock LP,24,vix,0.2548104307079362,0.1000183191805509,0.1612250605298071,0.3483958008860652,0.4096025422353214,3,2005-04,2025-10,247,recursive Cholesky,local projection,unscaled log response per100bp tightening,pointwise90/68 intervals,estimated,223.0,,,2005-04,2023-10
p3,recursive-shock LP,24,activity,-0.2196679914332682,-2.702063412785637,-1.720493144236055,1.2811571613695183,2.2627274299191007,3,2005-04,2025-10,247,recursive Cholesky,local projection,100 log response per100bp tightening,pointwise90/68 intervals,estimated,223.0,,,2005-04,2023-10
p3,recursive-shock LP,24,price,2.167900228475649,0.2139167966003512,0.9865463404150874,3.34925411653621,4.121883660350947,3,2005-04,2025-10,247,recursive Cholesky,local projection,100 log response per100bp tightening,pointwise90/68 intervals,estimated,223.0,,,2005-04,2023-10
p3,recursive-shock LP,24,policy,0.5674035936847722,-0.2459168647373405,0.0756802401893776,1.0591269471801668,1.3807240521068849,3,2005-04,2025-10,247,recursive Cholesky,local projection,pp response per100bp tightening,pointwise90/68 intervals,estimated,223.0,,,2005-04,2023-10
p3,recursive-shock LP,24,fx,-3.7950321180681663,-7.269269639117075,-5.895512570759616,-1.6945516653767183,-0.3207945970192583,3,2005-04,2025-10,247,recursive Cholesky,local projection,100 log response per100bp tightening,pointwise90/68 intervals,estimated,223.0,,,2005-04,2023-10
p3,recursive-shock LP,25,brent,1.7636851740037582,-10.241682006846014,-5.494609326006449,9.021979674013965,13.76905235485353,3,2005-04,2025-10,247,recursive Cholesky,local projection,100 log response per100bp tightening,pointwise90/68 intervals,estimated,222.0,,,2005-04,2023-09
p3,recursive-shock LP,25,vix,0.335737351568239,0.155298379288185,0.2266462108843513,0.4448284922521267,0.516176323848293,3,2005-04,2025-10,247,recursive Cholesky,local projection,unscaled log response per100bp tightening,pointwise90/68 intervals,estimated,222.0,,,2005-04,2023-09
p3,recursive-shock LP,25,activity,-0.96907778044536,-2.878924187690103,-2.1237469767095902,0.1855914158188701,0.940768626799383,3,2005-04,2025-10,247,recursive Cholesky,local projection,100 log response per100bp tightening,pointwise90/68 intervals,estimated,222.0,,,2005-04,2023-09
p3,recursive-shock LP,25,price,2.3134937289070145,0.316275375179053,1.1060005490810052,3.5209869087330237,4.310712082634976,3,2005-04,2025-10,247,recursive Cholesky,local projection,100 log response per100bp tightening,pointwise90/68 intervals,estimated,222.0,,,2005-04,2023-09
p3,recursive-shock LP,25,policy,0.604234079318525,-0.2625556539365875,0.0801838725421276,1.1282842860949225,1.4710238125736377,3,2005-04,2025-10,247,recursive Cholesky,local projection,pp response per100bp tightening,pointwise90/68 intervals,estimated,222.0,,,2005-04,2023-09
p3,recursive-shock LP,25,fx,-4.085658232950202,-7.311090422929274,-6.03571410146416,-2.1356023644362434,-0.8602260429711301,3,2005-04,2025-10,247,recursive Cholesky,local projection,100 log response per100bp tightening,pointwise90/68 intervals,estimated,222.0,,,2005-04,2023-09
p3,recursive-shock LP,26,brent,-4.450204057348262,-17.891489420829505,-12.5766366901166,3.6762285754200743,8.99108130613298,3,2005-04,2025-10,247,recursive Cholesky,local projection,100 log response per100bp tightening,pointwise90/68 intervals,estimated,221.0,,,2005-04,2023-08
p3,recursive-shock LP,26,vix,0.4245716977032441,0.2216477426458489,0.3018864183006399,0.5472569771058484,0.6274956527606393,3,2005-04,2025-10,247,recursive Cholesky,local projection,unscaled log response per100bp tightening,pointwise90/68 intervals,estimated,221.0,,,2005-04,2023-08
p3,recursive-shock LP,26,activity,-2.3164032457991106,-4.94096492311817,-3.903180334783914,-0.7296261568143079,0.3081584315199484,3,2005-04,2025-10,247,recursive Cholesky,local projection,100 log response per100bp tightening,pointwise90/68 intervals,estimated,221.0,,,2005-04,2023-08
p3,recursive-shock LP,26,price,2.3328911651603303,0.2520545497707416,1.074843432560031,3.59093889776063,4.4137277805499195,3,2005-04,2025-10,247,recursive Cholesky,local projection,100 log response per100bp tightening,pointwise90/68 intervals,estimated,221.0,,,2005-04,2023-08
p3,recursive-shock LP,26,policy,0.6085699744407612,-0.3070690360656859,0.0549861070056201,1.1621538418759023,1.5242089849472085,3,2005-04,2025-10,247,recursive Cholesky,local projection,pp response per100bp tightening,pointwise90/68 intervals,estimated,221.0,,,2005-04,2023-08
p3,recursive-shock LP,26,fx,-4.738298405835741,-8.33924878718845,-6.915387865412937,-2.5612089462585454,-1.1373480244830314,3,2005-04,2025-10,247,recursive Cholesky,local projection,100 log response per100bp tightening,pointwise90/68 intervals,estimated,221.0,,,2005-04,2023-08
p3,recursive-shock LP,27,brent,-5.5512280504605505,-19.39953440500591,-13.923740472070484,2.8212843711493845,8.297078304084806,3,2005-04,2025-10,247,recursive Cholesky,local projection,100 log response per100bp tightening,pointwise90/68 intervals,estimated,220.0,,,2005-04,2023-07
p3,recursive-shock LP,27,vix,0.3616193985796472,0.1792319682607448,0.2513502445910575,0.471888552568237,0.5440068288985497,3,2005-04,2025-10,247,recursive Cholesky,local projection,unscaled log response per100bp tightening,pointwise90/68 intervals,estimated,220.0,,,2005-04,2023-07
p3,recursive-shock LP,27,activity,-2.6301959734603617,-5.26673951075626,-4.224217144784313,-1.0361748021364103,0.0063475638355368,3,2005-04,2025-10,247,recursive Cholesky,local projection,100 log response per100bp tightening,pointwise90/68 intervals,estimated,220.0,,,2005-04,2023-07
p3,recursive-shock LP,27,price,2.218450597260029,0.1473988553820167,0.9663186765230816,3.4705825179969763,4.289502339138041,3,2005-04,2025-10,247,recursive Cholesky,local projection,100 log response per100bp tightening,pointwise90/68 intervals,estimated,220.0,,,2005-04,2023-07
p3,recursive-shock LP,27,policy,0.5435072282989221,-0.3490883226080919,0.0038551476681504,1.0831593089296936,1.4361027792059362,3,2005-04,2025-10,247,recursive Cholesky,local projection,pp response per100bp tightening,pointwise90/68 intervals,estimated,220.0,,,2005-04,2023-07
p3,recursive-shock LP,27,fx,-3.671858444880465,-6.9238945624835715,-5.6379987145329595,-1.7057181752279709,-0.4198223272773584,3,2005-04,2025-10,247,recursive Cholesky,local projection,100 log response per100bp tightening,pointwise90/68 intervals,estimated,220.0,,,2005-04,2023-07
p3,recursive-shock LP,28,brent,0.3263466990375471,-11.945116427925877,-7.092826074253012,7.745519472328106,12.597809826000969,3,2005-04,2025-10,247,recursive Cholesky,local projection,100 log response per100bp tightening,pointwise90/68 intervals,estimated,219.0,,,2005-04,2023-06
p3,recursive-shock LP,28,vix,0.3173490385695265,0.0978910020512237,0.1846674607844906,0.4500306163545625,0.5368070750878294,3,2005-04,2025-10,247,recursive Cholesky,local projection,unscaled log response per100bp tightening,pointwise90/68 intervals,estimated,219.0,,,2005-04,2023-06
p3,recursive-shock LP,28,activity,-2.2202849324385325,-4.568019412652305,-3.6396957683188367,-0.8008740965582284,0.1274495477752397,3,2005-04,2025-10,247,recursive Cholesky,local projection,100 log response per100bp tightening,pointwise90/68 intervals,estimated,219.0,,,2005-04,2023-06
p3,recursive-shock LP,28,price,2.4133280741893937,0.3421863584594531,1.1611417563894697,3.665514391989318,4.484469789919334,3,2005-04,2025-10,247,recursive Cholesky,local projection,100 log response per100bp tightening,pointwise90/68 intervals,estimated,219.0,,,2005-04,2023-06
p3,recursive-shock LP,28,policy,0.5344200932337286,-0.373821117810454,-0.0146911573842621,1.0835313438517191,1.4426613042779113,3,2005-04,2025-10,247,recursive Cholesky,local projection,pp response per100bp tightening,pointwise90/68 intervals,estimated,219.0,,,2005-04,2023-06
p3,recursive-shock LP,28,fx,-1.3420334270404437,-4.874267189138475,-3.4775776800377747,0.7935108259568879,2.190200335057588,3,2005-04,2025-10,247,recursive Cholesky,local projection,100 log response per100bp tightening,pointwise90/68 intervals,estimated,219.0,,,2005-04,2023-06
p3,recursive-shock LP,29,brent,-1.2636755044074257,-12.571483997762764,-8.100234766452441,5.572883757637591,10.044132988947917,3,2005-04,2025-10,247,recursive Cholesky,local projection,100 log response per100bp tightening,pointwise90/68 intervals,estimated,218.0,,,2005-04,2023-05
p3,recursive-shock LP,29,vix,0.2047935907071688,0.0294938636483862,0.0988095732592335,0.3107776081551041,0.3800933177659514,3,2005-04,2025-10,247,recursive Cholesky,local projection,unscaled log response per100bp tightening,pointwise90/68 intervals,estimated,218.0,,,2005-04,2023-05
p3,recursive-shock LP,29,activity,-1.2370710573163493,-3.3078889755857768,-2.489061611230725,0.0149194965980263,0.8337468609530783,3,2005-04,2025-10,247,recursive Cholesky,local projection,100 log response per100bp tightening,pointwise90/68 intervals,estimated,218.0,,,2005-04,2023-05
p3,recursive-shock LP,29,price,2.5331804014261428,0.4299340247126952,1.2615840080549368,3.8047767947973488,4.63642677813959,3,2005-04,2025-10,247,recursive Cholesky,local projection,100 log response per100bp tightening,pointwise90/68 intervals,estimated,218.0,,,2005-04,2023-05
p3,recursive-shock LP,29,policy,0.6196799223601912,-0.3107726400538588,0.057139967142239,1.1822198775781434,1.5501324847742413,3,2005-04,2025-10,247,recursive Cholesky,local projection,pp response per100bp tightening,pointwise90/68 intervals,estimated,218.0,,,2005-04,2023-05
p3,recursive-shock LP,29,fx,-1.42896133284182,-5.385144085180434,-3.820819830775914,0.962897165092274,2.527221419496794,3,2005-04,2025-10,247,recursive Cholesky,local projection,100 log response per100bp tightening,pointwise90/68 intervals,estimated,218.0,,,2005-04,2023-05
p3,recursive-shock LP,30,brent,2.04929032510364,-9.368352321510796,-4.853673289136902,8.952253939344182,13.466932971718071,3,2005-04,2025-10,247,recursive Cholesky,local projection,100 log response per100bp tightening,pointwise90/68 intervals,estimated,217.0,,,2005-04,2023-04
p3,recursive-shock LP,30,vix,0.1332480481521188,-0.0865386530422196,0.0003677638240441,0.2661283324801934,0.3530347493464573,3,2005-04,2025-10,247,recursive Cholesky,local projection,unscaled log response per100bp tightening,pointwise90/68 intervals,estimated,217.0,,,2005-04,2023-04
p3,recursive-shock LP,30,activity,-0.2690270880370565,-2.046119954484622,-1.3434351577143335,0.8053809816402209,1.5080657784105092,3,2005-04,2025-10,247,recursive Cholesky,local projection,100 log response per100bp tightening,pointwise90/68 intervals,estimated,217.0,,,2005-04,2023-04
p3,recursive-shock LP,30,price,2.5806632502361473,0.452254138306138,1.293853782589386,3.867472717882909,4.7090723621661565,3,2005-04,2025-10,247,recursive Cholesky,local projection,100 log response per100bp tightening,pointwise90/68 intervals,estimated,217.0,,,2005-04,2023-04
p3,recursive-shock LP,30,policy,0.642571565196928,-0.3207373133920568,0.0601670931015965,1.2249760372922596,1.6058804437859129,3,2005-04,2025-10,247,recursive Cholesky,local projection,pp response per100bp tightening,pointwise90/68 intervals,estimated,217.0,,,2005-04,2023-04
p3,recursive-shock LP,30,fx,-0.7954313670863233,-4.441209711124794,-2.9996232509465295,1.4087605167738828,2.8503469769521477,3,2005-04,2025-10,247,recursive Cholesky,local projection,100 log response per100bp tightening,pointwise90/68 intervals,estimated,217.0,,,2005-04,2023-04
p3,recursive-shock LP,31,brent,5.578043463181948,-7.377721579163603,-2.2548496698396656,13.410936596203562,18.5338085055275,3,2005-04,2025-10,247,recursive Cholesky,local projection,100 log response per100bp tightening,pointwise90/68 intervals,estimated,216.0,,,2005-04,2023-03
p3,recursive-shock LP,31,vix,0.1419471581280657,-0.1474630594480696,-0.033026631414199,0.3169209476703305,0.4313573757042011,3,2005-04,2025-10,247,recursive Cholesky,local projection,unscaled log response per100bp tightening,pointwise90/68 intervals,estimated,216.0,,,2005-04,2023-03
p3,recursive-shock LP,31,activity,-0.431916845037878,-2.4885881616377548,-1.675354540922578,0.8115208508468219,1.6247544715619986,3,2005-04,2025-10,247,recursive Cholesky,local projection,100 log response per100bp tightening,pointwise90/68 intervals,estimated,216.0,,,2005-04,2023-03
p3,recursive-shock LP,31,price,2.6215865272053676,0.5999470171493324,1.399328622403458,3.843844432007277,4.643226037261403,3,2005-04,2025-10,247,recursive Cholesky,local projection,100 log response per100bp tightening,pointwise90/68 intervals,estimated,216.0,,,2005-04,2023-03
p3,recursive-shock LP,31,policy,0.8091648767636845,-0.1381165045858161,0.2364504285809779,1.3818793249463912,1.7564462581131852,3,2005-04,2025-10,247,recursive Cholesky,local projection,pp response per100bp tightening,pointwise90/68 intervals,estimated,216.0,,,2005-04,2023-03
p3,recursive-shock LP,31,fx,0.3385296700296362,-3.126405178020055,-1.756326503183437,2.4333858432427093,3.803464518079327,3,2005-04,2025-10,247,recursive Cholesky,local projection,100 log response per100bp tightening,pointwise90/68 intervals,estimated,216.0,,,2005-04,2023-03
p3,recursive-shock LP,32,brent,5.5276580307413745,-7.549214012229371,-2.378454876678539,13.433770938161288,18.60453007371212,3,2005-04,2025-10,247,recursive Cholesky,local projection,100 log response per100bp tightening,pointwise90/68 intervals,estimated,215.0,,,2005-04,2023-02
p3,recursive-shock LP,32,vix,0.0317482503047026,-0.1299324688578065,-0.0660018856950419,0.1294983863044472,0.1934289694672118,3,2005-04,2025-10,247,recursive Cholesky,local projection,unscaled log response per100bp tightening,pointwise90/68 intervals,estimated,215.0,,,2005-04,2023-02
p3,recursive-shock LP,32,activity,-0.401457502068858,-2.6309211420613385,-1.7493632705773683,0.9464482664396524,1.8280061379236228,3,2005-04,2025-10,247,recursive Cholesky,local projection,100 log response per100bp tightening,pointwise90/68 intervals,estimated,215.0,,,2005-04,2023-02
p3,recursive-shock LP,32,price,2.6027359448892264,0.6851431054316794,1.4433833528172793,3.7620885369611736,4.520328784346773,3,2005-04,2025-10,247,recursive Cholesky,local projection,100 log response per100bp tightening,pointwise90/68 intervals,estimated,215.0,,,2005-04,2023-02
p3,recursive-shock LP,32,policy,0.8591297643235608,-0.075865894698377,0.293843109848076,1.4244164187990456,1.7941254233454986,3,2005-04,2025-10,247,recursive Cholesky,local projection,pp response per100bp tightening,pointwise90/68 intervals,estimated,215.0,,,2005-04,2023-02
p3,recursive-shock LP,32,fx,1.2005702413411463,-1.731564739303027,-0.5721618111399605,2.973302293822253,4.1327052219853195,3,2005-04,2025-10,247,recursive Cholesky,local projection,100 log response per100bp tightening,pointwise90/68 intervals,estimated,215.0,,,2005-04,2023-02
p3,recursive-shock LP,33,brent,12.446090225663704,-0.4041055845645349,4.677022926979726,20.21515752434768,25.296286035891946,3,2005-04,2025-10,247,recursive Cholesky,local projection,100 log response per100bp tightening,pointwise90/68 intervals,estimated,214.0,,,2005-04,2023-01
p3,recursive-shock LP,33,vix,-0.1759410797176525,-0.321420739657718,-0.2638962584056225,-0.0879859010296824,-0.0304614197775869,3,2005-04,2025-10,247,recursive Cholesky,local projection,unscaled log response per100bp tightening,pointwise90/68 intervals,estimated,214.0,,,2005-04,2023-01
p3,recursive-shock LP,33,activity,-0.3454221498629116,-2.560803228075797,-1.6848137780564183,0.9939694783305952,1.8699589283499736,3,2005-04,2025-10,247,recursive Cholesky,local projection,100 log response per100bp tightening,pointwise90/68 intervals,estimated,214.0,,,2005-04,2023-01
p3,recursive-shock LP,33,price,2.6375761051604787,0.7384966846930532,1.4894164941284391,3.7857357161925185,4.536655525627904,3,2005-04,2025-10,247,recursive Cholesky,local projection,100 log response per100bp tightening,pointwise90/68 intervals,estimated,214.0,,,2005-04,2023-01
p3,recursive-shock LP,33,policy,1.0045679277687851,0.0382408972861565,0.4203387188736686,1.588797136663902,1.970894958251414,3,2005-04,2025-10,247,recursive Cholesky,local projection,pp response per100bp tightening,pointwise90/68 intervals,estimated,214.0,,,2005-04,2023-01
p3,recursive-shock LP,33,fx,1.7383079478072647,-0.9213624018276014,0.1303045956575192,3.3463112999570104,4.397978297442131,3,2005-04,2025-10,247,recursive Cholesky,local projection,100 log response per100bp tightening,pointwise90/68 intervals,estimated,214.0,,,2005-04,2023-01
p3,recursive-shock LP,34,brent,18.1862114926616,6.52535093733186,11.136201379756004,25.236221605567195,29.84707204799134,3,2005-04,2025-10,247,recursive Cholesky,local projection,100 log response per100bp tightening,pointwise90/68 intervals,estimated,213.0,,,2005-04,2022-12
p3,recursive-shock LP,34,vix,-0.2324955644007642,-0.4796396695041351,-0.3819157921838155,-0.0830753366177128,0.0146485407026067,3,2005-04,2025-10,247,recursive Cholesky,local projection,unscaled log response per100bp tightening,pointwise90/68 intervals,estimated,213.0,,,2005-04,2022-12
p3,recursive-shock LP,34,activity,-0.3848077398099335,-2.4953117314994593,-1.6607919962152735,0.8911765165954065,1.725696251879592,3,2005-04,2025-10,247,recursive Cholesky,local projection,100 log response per100bp tightening,pointwise90/68 intervals,estimated,213.0,,,2005-04,2022-12
p3,recursive-shock LP,34,price,2.860413136536274,0.995822415937058,1.7331049610992442,3.987721311973304,4.725003857135491,3,2005-04,2025-10,247,recursive Cholesky,local projection,100 log response per100bp tightening,pointwise90/68 intervals,estimated,213.0,,,2005-04,2022-12
p3,recursive-shock LP,34,policy,1.0809096982677084,0.1772196931887925,0.5345500497230639,1.6272693468123531,1.9845997033466245,3,2005-04,2025-10,247,recursive Cholesky,local projection,pp response per100bp tightening,pointwise90/68 intervals,estimated,213.0,,,2005-04,2022-12
p3,recursive-shock LP,34,fx,3.0824434157487666,0.5863586646240262,1.573341865773045,4.591544965724488,5.578528166873507,3,2005-04,2025-10,247,recursive Cholesky,local projection,100 log response per100bp tightening,pointwise90/68 intervals,estimated,213.0,,,2005-04,2022-12
p3,recursive-shock LP,35,brent,12.606766381310733,-0.0387713185875746,4.961432810568015,20.25209995205345,25.252304081209036,3,2005-04,2025-10,247,recursive Cholesky,local projection,100 log response per100bp tightening,pointwise90/68 intervals,estimated,212.0,,,2005-04,2022-11
p3,recursive-shock LP,35,vix,-0.0901396745643262,-0.2737580310006398,-0.2011530310527925,0.0208736819241399,0.0934786818719872,3,2005-04,2025-10,247,recursive Cholesky,local projection,unscaled log response per100bp tightening,pointwise90/68 intervals,estimated,212.0,,,2005-04,2022-11
p3,recursive-shock LP,35,activity,-0.0314951462049431,-2.206278271804083,-1.3463417611781907,1.2833514687683043,2.1432879793941964,3,2005-04,2025-10,247,recursive Cholesky,local projection,100 log response per100bp tightening,pointwise90/68 intervals,estimated,212.0,,,2005-04,2022-11
p3,recursive-shock LP,35,price,2.8011906968299916,0.9139088932719304,1.6601637770881492,3.942217616571834,4.688472500388053,3,2005-04,2025-10,247,recursive Cholesky,local projection,100 log response per100bp tightening,pointwise90/68 intervals,estimated,212.0,,,2005-04,2022-11
p3,recursive-shock LP,35,policy,1.143914197911856,0.2733118913990028,0.6175589571376908,1.6702694386860215,2.0145165044247095,3,2005-04,2025-10,247,recursive Cholesky,local projection,pp response per100bp tightening,pointwise90/68 intervals,estimated,212.0,,,2005-04,2022-11
p3,recursive-shock LP,35,fx,3.846474243754596,1.1457393766984492,2.213643799150744,5.479304688358448,6.547209110810743,3,2005-04,2025-10,247,recursive Cholesky,local projection,100 log response per100bp tightening,pointwise90/68 intervals,estimated,212.0,,,2005-04,2022-11
p3,recursive-shock LP,36,brent,15.57459027143994,1.811936900228364,7.253862569820306,23.895317973059576,29.33724364265152,3,2005-04,2025-10,247,recursive Cholesky,local projection,100 log response per100bp tightening,pointwise90/68 intervals,estimated,211.0,,,2005-04,2022-10
p3,recursive-shock LP,36,vix,-0.0314665228789342,-0.2654403239568054,-0.1729241499491783,0.1099911041913097,0.2025072781989368,3,2005-04,2025-10,247,recursive Cholesky,local projection,unscaled log response per100bp tightening,pointwise90/68 intervals,estimated,211.0,,,2005-04,2022-10
p3,recursive-shock LP,36,activity,0.0483190841746135,-2.2367665006980952,-1.3332150149398962,1.4298531832891233,2.3334046690473227,3,2005-04,2025-10,247,recursive Cholesky,local projection,100 log response per100bp tightening,pointwise90/68 intervals,estimated,211.0,,,2005-04,2022-10
p3,recursive-shock LP,36,price,2.399151247771913,0.5679981752204202,1.2920590551750586,3.5062434403687677,4.230304320323405,3,2005-04,2025-10,247,recursive Cholesky,local projection,100 log response per100bp tightening,pointwise90/68 intervals,estimated,211.0,,,2005-04,2022-10
p3,recursive-shock LP,36,policy,0.8993937962890324,0.1010551013938708,0.4167282292128305,1.3820593633652345,1.697732491184194,3,2005-04,2025-10,247,recursive Cholesky,local projection,pp response per100bp tightening,pointwise90/68 intervals,estimated,211.0,,,2005-04,2022-10
p3,recursive-shock LP,36,fx,4.637753432253476,1.3980999743281886,2.679099563414976,6.5964073010919755,7.877406890178763,3,2005-04,2025-10,247,recursive Cholesky,local projection,100 log response per100bp tightening,pointwise90/68 intervals,estimated,211.0,,,2005-04,2022-10
p3,sign-restricted VAR,0,brent,-26.49637644973925,,,,,3,2005-04,2025-10,247,sign restrictions,VAR moving-average propagation,100 log response per100bp tightening,finite sign-admissible range,estimated,,-422.476219402321,266.52313472296885,,
p3,sign-restricted VAR,0,vix,-0.3083086170945723,,,,,3,2005-04,2025-10,247,sign restrictions,VAR moving-average propagation,unscaled log response per100bp tightening,finite sign-admissible range,estimated,,-7.552375647142213,6.331122766556603,,
p3,sign-restricted VAR,0,activity,-1.906904755071992,,,,,3,2005-04,2025-10,247,sign restrictions,VAR moving-average propagation,100 log response per100bp tightening,finite sign-admissible range,estimated,,-80.29032767443556,79.48616500390364,,
p3,sign-restricted VAR,0,price,-1.6616531794455858,,,,,3,2005-04,2025-10,247,sign restrictions,VAR moving-average propagation,100 log response per100bp tightening,finite sign-admissible range,estimated,,-10.869323637954398,-0.0022693866952134,,
p3,sign-restricted VAR,0,policy,1.0,,,,,3,2005-04,2025-10,247,sign restrictions,VAR moving-average propagation,pp response per100bp tightening,finite sign-admissible range,estimated,,1.0,1.0,,
p3,sign-restricted VAR,0,fx,5.983623834685341,,,,,3,2005-04,2025-10,247,sign restrictions,VAR moving-average propagation,100 log response per100bp tightening,finite sign-admissible range,estimated,,-81.25922358267967,105.94438731945976,,
p3,sign-restricted VAR,1,brent,-16.312083939584323,,,,,3,2005-04,2025-10,247,sign restrictions,VAR moving-average propagation,100 log response per100bp tightening,finite sign-admissible range,estimated,,-519.2797453881972,388.18189741059473,,
p3,sign-restricted VAR,1,vix,-0.1819747338386104,,,,,3,2005-04,2025-10,247,sign restrictions,VAR moving-average propagation,unscaled log response per100bp tightening,finite sign-admissible range,estimated,,-7.185953632871209,5.678710475962159,,
p3,sign-restricted VAR,1,activity,-2.679649587110652,,,,,3,2005-04,2025-10,247,sign restrictions,VAR moving-average propagation,100 log response per100bp tightening,finite sign-admissible range,estimated,,-75.95668641701761,92.0201553577077,,
p3,sign-restricted VAR,1,price,-1.7030501508956115,,,,,3,2005-04,2025-10,247,sign restrictions,VAR moving-average propagation,100 log response per100bp tightening,finite sign-admissible range,estimated,,-11.572883317940306,-0.0080733045860621,,
p3,sign-restricted VAR,1,policy,1.0724315161185305,,,,,3,2005-04,2025-10,247,sign restrictions,VAR moving-average propagation,pp response per100bp tightening,finite sign-admissible range,estimated,,0.070966508824255,1.7169151683787476,,
p3,sign-restricted VAR,1,fx,7.891594190641488,,,,,3,2005-04,2025-10,247,sign restrictions,VAR moving-average propagation,100 log response per100bp tightening,finite sign-admissible range,estimated,,-103.27589009081532,138.00215637478303,,
p3,sign-restricted VAR,2,brent,-10.099476267335938,,,,,3,2005-04,2025-10,247,sign restrictions,VAR moving-average propagation,100 log response per100bp tightening,finite sign-admissible range,estimated,,-432.6579147894013,320.12696128819107,,
p3,sign-restricted VAR,2,vix,-0.3467736111201001,,,,,3,2005-04,2025-10,247,sign restrictions,VAR moving-average propagation,unscaled log response per100bp tightening,finite sign-admissible range,estimated,,-5.722378944715135,3.6124350667016674,,
p3,sign-restricted VAR,2,activity,-0.9265476467061702,,,,,3,2005-04,2025-10,247,sign restrictions,VAR moving-average propagation,100 log response per100bp tightening,finite sign-admissible range,estimated,,-52.646395450737415,70.95262748111502,,
p3,sign-restricted VAR,2,price,-1.7648923300435049,,,,,3,2005-04,2025-10,247,sign restrictions,VAR moving-average propagation,100 log response per100bp tightening,finite sign-admissible range,estimated,,-11.577702857160997,-0.0106716625556904,,
p3,sign-restricted VAR,2,policy,1.076487806695127,,,,,3,2005-04,2025-10,247,sign restrictions,VAR moving-average propagation,pp response per100bp tightening,finite sign-admissible range,estimated,,0.0791258604531576,1.9053827717106255,,
p3,sign-restricted VAR,2,fx,7.767564201149242,,,,,3,2005-04,2025-10,247,sign restrictions,VAR moving-average propagation,100 log response per100bp tightening,finite sign-admissible range,estimated,,-108.56240987017696,139.6067652359785,,
p3,sign-restricted VAR,3,brent,-4.351510908001638,,,,,3,2005-04,2025-10,247,sign restrictions,VAR moving-average propagation,100 log response per100bp tightening,finite sign-admissible range,estimated,,-361.0353926299954,330.8376555374438,,
p3,sign-restricted VAR,3,vix,-0.3147560151196116,,,,,3,2005-04,2025-10,247,sign restrictions,VAR moving-average propagation,unscaled log response per100bp tightening,finite sign-admissible range,estimated,,-4.9743017592210625,3.2089841518009017,,
p3,sign-restricted VAR,3,activity,1.0876804549294825,,,,,3,2005-04,2025-10,247,sign restrictions,VAR moving-average propagation,100 log response per100bp tightening,finite sign-admissible range,estimated,,-43.00490845800088,58.59706678623434,,
p3,sign-restricted VAR,3,price,-1.953528828320121,,,,,3,2005-04,2025-10,247,sign restrictions,VAR moving-average propagation,100 log response per100bp tightening,finite sign-admissible range,estimated,,-12.670611587640378,-0.0156871148804629,,
p3,sign-restricted VAR,3,policy,1.0332138338044885,,,,,3,2005-04,2025-10,247,sign restrictions,VAR moving-average propagation,pp response per100bp tightening,finite sign-admissible range,estimated,,0.0121881948606566,2.195786574942311,,
p3,sign-restricted VAR,3,fx,8.061126804682836,,,,,3,2005-04,2025-10,247,sign restrictions,VAR moving-average propagation,100 log response per100bp tightening,finite sign-admissible range,estimated,,-102.61749553354436,131.28751508980423,,
p3,sign-restricted VAR,4,brent,-1.5453134606045524,,,,,3,2005-04,2025-10,247,sign restrictions,VAR moving-average propagation,100 log response per100bp tightening,finite sign-admissible range,estimated,,-326.84446211472374,327.10121114907054,,
p3,sign-restricted VAR,4,vix,-0.2465365938394965,,,,,3,2005-04,2025-10,247,sign restrictions,VAR moving-average propagation,unscaled log response per100bp tightening,finite sign-admissible range,estimated,,-4.207602471365489,2.7213875932528975,,
p3,sign-restricted VAR,4,activity,1.2938856668035577,,,,,3,2005-04,2025-10,247,sign restrictions,VAR moving-average propagation,100 log response per100bp tightening,finite sign-admissible range,estimated,,-41.76144740121701,55.22285822159866,,
p3,sign-restricted VAR,4,price,-2.042505327013412,,,,,3,2005-04,2025-10,247,sign restrictions,VAR moving-average propagation,100 log response per100bp tightening,finite sign-admissible range,estimated,,-13.048136517623837,0.9264947934763208,,
p3,sign-restricted VAR,4,policy,0.9416123684975166,,,,,3,2005-04,2025-10,247,sign restrictions,VAR moving-average propagation,pp response per100bp tightening,finite sign-admissible range,estimated,,-0.6807983583720966,2.3682180175077727,,
p3,sign-restricted VAR,4,fx,7.728327430195966,,,,,3,2005-04,2025-10,247,sign restrictions,VAR moving-average propagation,100 log response per100bp tightening,finite sign-admissible range,estimated,,-92.29648090323386,118.447798571903,,
p3,sign-restricted VAR,5,brent,-3.155842328904923,,,,,3,2005-04,2025-10,247,sign restrictions,VAR moving-average propagation,100 log response per100bp tightening,finite sign-admissible range,estimated,,-296.9620600912706,308.13906708447206,,
p3,sign-restricted VAR,5,vix,-0.2029432964785072,,,,,3,2005-04,2025-10,247,sign restrictions,VAR moving-average propagation,unscaled log response per100bp tightening,finite sign-admissible range,estimated,,-3.5826826187910905,2.4888221828536783,,
p3,sign-restricted VAR,5,activity,1.079125872248018,,,,,3,2005-04,2025-10,247,sign restrictions,VAR moving-average propagation,100 log response per100bp tightening,finite sign-admissible range,estimated,,-39.1883389541254,50.43593402534429,,
p3,sign-restricted VAR,5,price,-2.1600346566645987,,,,,3,2005-04,2025-10,247,sign restrictions,VAR moving-average propagation,100 log response per100bp tightening,finite sign-admissible range,estimated,,-13.53605069336654,1.78250037145224,,
p3,sign-restricted VAR,5,policy,0.8443520391684498,,,,,3,2005-04,2025-10,247,sign restrictions,VAR moving-average propagation,pp response per100bp tightening,finite sign-admissible range,estimated,,-1.4801614185767629,2.7019050213705857,,
p3,sign-restricted VAR,5,fx,7.195209757138795,,,,,3,2005-04,2025-10,247,sign restrictions,VAR moving-average propagation,100 log response per100bp tightening,finite sign-admissible range,estimated,,-82.77534171287857,106.45443793544354,,
p3,sign-restricted VAR,6,brent,-4.040548528790854,,,,,3,2005-04,2025-10,247,sign restrictions,VAR moving-average propagation,100 log response per100bp tightening,finite sign-admissible range,estimated,,-279.04834348084546,283.3109486861162,,
p3,sign-restricted VAR,6,vix,-0.1544369041347692,,,,,3,2005-04,2025-10,247,sign restrictions,VAR moving-average propagation,unscaled log response per100bp tightening,finite sign-admissible range,estimated,,-3.3219885591839446,2.5194328103756387,,
p3,sign-restricted VAR,6,activity,0.8895536609334611,,,,,3,2005-04,2025-10,247,sign restrictions,VAR moving-average propagation,100 log response per100bp tightening,finite sign-admissible range,estimated,,-35.00917054866012,43.808337925340304,,
p3,sign-restricted VAR,6,price,-2.2994701612797006,,,,,3,2005-04,2025-10,247,sign restrictions,VAR moving-average propagation,100 log response per100bp tightening,finite sign-admissible range,estimated,,-14.35836431468684,2.485217817525468,,
p3,sign-restricted VAR,6,policy,0.7498291434260638,,,,,3,2005-04,2025-10,247,sign restrictions,VAR moving-average propagation,pp response per100bp tightening,finite sign-admissible range,estimated,,-2.3138483265300316,3.1778944519656527,,
p3,sign-restricted VAR,6,fx,6.808754582063731,,,,,3,2005-04,2025-10,247,sign restrictions,VAR moving-average propagation,100 log response per100bp tightening,finite sign-admissible range,estimated,,-74.23652392769401,96.0415147535302,,
p3,sign-restricted VAR,7,brent,-4.299920035271684,,,,,3,2005-04,2025-10,247,sign restrictions,VAR moving-average propagation,100 log response per100bp tightening,finite sign-admissible range,estimated,,-262.98933645864184,257.3182653304444,,
p3,sign-restricted VAR,7,vix,-0.1041912992970106,,,,,3,2005-04,2025-10,247,sign restrictions,VAR moving-average propagation,unscaled log response per100bp tightening,finite sign-admissible range,estimated,,-3.0547105801003585,2.4854549022104555,,
p3,sign-restricted VAR,7,activity,0.7082158205283389,,,,,3,2005-04,2025-10,247,sign restrictions,VAR moving-average propagation,100 log response per100bp tightening,finite sign-admissible range,estimated,,-30.782142987069935,37.12135430437304,,
p3,sign-restricted VAR,7,price,-2.4218647149257304,,,,,3,2005-04,2025-10,247,sign restrictions,VAR moving-average propagation,100 log response per100bp tightening,finite sign-admissible range,estimated,,-15.520814756833246,3.22399443567569,,
p3,sign-restricted VAR,7,policy,0.6573235675857232,,,,,3,2005-04,2025-10,247,sign restrictions,VAR moving-average propagation,pp response per100bp tightening,finite sign-admissible range,estimated,,-3.107246201617554,3.6879668061361417,,
p3,sign-restricted VAR,7,fx,6.430638985031445,,,,,3,2005-04,2025-10,247,sign restrictions,VAR moving-average propagation,100 log response per100bp tightening,finite sign-admissible range,estimated,,-66.48487296846275,86.73697188411627,,
p3,sign-restricted VAR,8,brent,-4.725662693025534,,,,,3,2005-04,2025-10,247,sign restrictions,VAR moving-average propagation,100 log response per100bp tightening,finite sign-admissible range,estimated,,-252.75111025441697,234.89415364650964,,
p3,sign-restricted VAR,8,vix,-0.0737565275932234,,,,,3,2005-04,2025-10,247,sign restrictions,VAR moving-average propagation,unscaled log response per100bp tightening,finite sign-admissible range,estimated,,-2.814540061992167,2.4265305702748696,,
p3,sign-restricted VAR,8,activity,0.6066152104752882,,,,,3,2005-04,2025-10,247,sign restrictions,VAR moving-average propagation,100 log response per100bp tightening,finite sign-admissible range,estimated,,-27.1084720614185,32.32202089063792,,
p3,sign-restricted VAR,8,price,-2.501496933609145,,,,,3,2005-04,2025-10,247,sign restrictions,VAR moving-average propagation,100 log response per100bp tightening,finite sign-admissible range,estimated,,-16.610535591370265,3.961061863049859,,
p3,sign-restricted VAR,8,policy,0.5855302195860541,,,,,3,2005-04,2025-10,247,sign restrictions,VAR moving-average propagation,pp response per100bp tightening,finite sign-admissible range,estimated,,-3.820013367743611,4.148227239926154,,
p3,sign-restricted VAR,8,fx,6.113675893541417,,,,,3,2005-04,2025-10,247,sign restrictions,VAR moving-average propagation,100 log response per100bp tightening,finite sign-admissible range,estimated,,-59.48412016075527,78.40929932753312,,
p3,sign-restricted VAR,9,brent,-4.60011533208403,,,,,3,2005-04,2025-10,247,sign restrictions,VAR moving-average propagation,100 log response per100bp tightening,finite sign-admissible range,estimated,,-243.23830203268903,217.27249482410795,,
p3,sign-restricted VAR,9,vix,-0.0415920025521748,,,,,3,2005-04,2025-10,247,sign restrictions,VAR moving-average propagation,unscaled log response per100bp tightening,finite sign-admissible range,estimated,,-2.599451015049182,2.3647152892657055,,
p3,sign-restricted VAR,9,activity,0.4089528665937326,,,,,3,2005-04,2025-10,247,sign restrictions,VAR moving-average propagation,100 log response per100bp tightening,finite sign-admissible range,estimated,,-23.980159013101,31.322621235277385,,
p3,sign-restricted VAR,9,price,-2.5926188668482357,,,,,3,2005-04,2025-10,247,sign restrictions,VAR moving-average propagation,100 log response per100bp tightening,finite sign-admissible range,estimated,,-17.645257106703887,4.677410017101109,,
p3,sign-restricted VAR,9,policy,0.509938206761287,,,,,3,2005-04,2025-10,247,sign restrictions,VAR moving-average propagation,pp response per100bp tightening,finite sign-admissible range,estimated,,-4.441322964336408,4.554172091316623,,
p3,sign-restricted VAR,9,fx,5.703453781373817,,,,,3,2005-04,2025-10,247,sign restrictions,VAR moving-average propagation,100 log response per100bp tightening,finite sign-admissible range,estimated,,-53.184951060498726,70.97670816722615,,
p3,sign-restricted VAR,10,brent,-4.601189580648906,,,,,3,2005-04,2025-10,247,sign restrictions,VAR moving-average propagation,100 log response per100bp tightening,finite sign-admissible range,estimated,,-234.1564706599502,208.86141786366088,,
p3,sign-restricted VAR,10,vix,-0.0266381960709855,,,,,3,2005-04,2025-10,247,sign restrictions,VAR moving-average propagation,unscaled log response per100bp tightening,finite sign-admissible range,estimated,,-2.3961425712309987,2.279203092377185,,
p3,sign-restricted VAR,10,activity,0.3148162240979439,,,,,3,2005-04,2025-10,247,sign restrictions,VAR moving-average propagation,100 log response per100bp tightening,finite sign-admissible range,estimated,,-21.242561669053888,30.44770004013171,,
p3,sign-restricted VAR,10,price,-2.7086953031681675,,,,,3,2005-04,2025-10,247,sign restrictions,VAR moving-average propagation,100 log response per100bp tightening,finite sign-admissible range,estimated,,-18.60620442779039,5.370297480495422,,
p3,sign-restricted VAR,10,policy,0.441710429438088,,,,,3,2005-04,2025-10,247,sign restrictions,VAR moving-average propagation,pp response per100bp tightening,finite sign-admissible range,estimated,,-5.000903651789201,4.907026097151154,,
p3,sign-restricted VAR,10,fx,5.368922393243884,,,,,3,2005-04,2025-10,247,sign restrictions,VAR moving-average propagation,100 log response per100bp tightening,finite sign-admissible range,estimated,,-47.561018241536225,64.3669389483677,,
p3,sign-restricted VAR,11,brent,-4.230450444670595,,,,,3,2005-04,2025-10,247,sign restrictions,VAR moving-average propagation,100 log response per100bp tightening,finite sign-admissible range,estimated,,-225.67275360812803,205.13892596740317,,
p3,sign-restricted VAR,11,vix,-0.0042556186080077,,,,,3,2005-04,2025-10,247,sign restrictions,VAR moving-average propagation,unscaled log response per100bp tightening,finite sign-admissible range,estimated,,-2.2058468422765833,2.1769791150502615,,
p3,sign-restricted VAR,11,activity,0.2530017576015642,,,,,3,2005-04,2025-10,247,sign restrictions,VAR moving-average propagation,100 log response per100bp tightening,finite sign-admissible range,estimated,,-20.455504644501893,29.58098807704724,,
p3,sign-restricted VAR,11,price,-2.762756942280497,,,,,3,2005-04,2025-10,247,sign restrictions,VAR moving-average propagation,100 log response per100bp tightening,finite sign-admissible range,estimated,,-19.551021111133306,6.029910581235863,,
p3,sign-restricted VAR,11,policy,0.3760602033189534,,,,,3,2005-04,2025-10,247,sign restrictions,VAR moving-average propagation,pp response per100bp tightening,finite sign-admissible range,estimated,,-5.482691596459245,5.209818869990789,,
p3,sign-restricted VAR,11,fx,5.016060165818585,,,,,3,2005-04,2025-10,247,sign restrictions,VAR moving-average propagation,100 log response per100bp tightening,finite sign-admissible range,estimated,,-44.41907047238298,58.493889721030406,,
p3,sign-restricted VAR,12,brent,-3.907490070014872,,,,,3,2005-04,2025-10,247,sign restrictions,VAR moving-average propagation,100 log response per100bp tightening,finite sign-admissible range,estimated,,-217.57691192392824,201.445958107912,,
p3,sign-restricted VAR,12,vix,0.0160716676275683,,,,,3,2005-04,2025-10,247,sign restrictions,VAR moving-average propagation,unscaled log response per100bp tightening,finite sign-admissible range,estimated,,-2.048605501934221,2.06446659602442,,
p3,sign-restricted VAR,12,activity,0.1052943552662486,,,,,3,2005-04,2025-10,247,sign restrictions,VAR moving-average propagation,100 log response per100bp tightening,finite sign-admissible range,estimated,,-19.92731580596712,28.738119593659352,,
p3,sign-restricted VAR,12,price,-2.8126782483386843,,,,,3,2005-04,2025-10,247,sign restrictions,VAR moving-average propagation,100 log response per100bp tightening,finite sign-admissible range,estimated,,-20.479742374014123,6.655282747184424,,
p3,sign-restricted VAR,12,policy,0.3180407476817085,,,,,3,2005-04,2025-10,247,sign restrictions,VAR moving-average propagation,pp response per100bp tightening,finite sign-admissible range,estimated,,-5.884830997155643,5.465267806749269,,
p3,sign-restricted VAR,12,fx,4.820520265935671,,,,,3,2005-04,2025-10,247,sign restrictions,VAR moving-average propagation,100 log response per100bp tightening,finite sign-admissible range,estimated,,-41.38288824996163,53.24566384212656,,
p3,sign-restricted VAR,13,brent,-3.626555912052016,,,,,3,2005-04,2025-10,247,sign restrictions,VAR moving-average propagation,100 log response per100bp tightening,finite sign-admissible range,estimated,,-209.7250896948287,197.57148130108823,,
p3,sign-restricted VAR,13,vix,0.0259154660713278,,,,,3,2005-04,2025-10,247,sign restrictions,VAR moving-average propagation,unscaled log response per100bp tightening,finite sign-admissible range,estimated,,-1.9024080150053104,1.943713175159511,,
p3,sign-restricted VAR,13,activity,0.0376163077754958,,,,,3,2005-04,2025-10,247,sign restrictions,VAR moving-average propagation,100 log response per100bp tightening,finite sign-admissible range,estimated,,-19.367864891150106,27.919989181870303,,
p3,sign-restricted VAR,13,price,-2.8429702954236804,,,,,3,2005-04,2025-10,247,sign restrictions,VAR moving-average propagation,100 log response per100bp tightening,finite sign-admissible range,estimated,,-21.332942354506365,7.246395516911767,,
p3,sign-restricted VAR,13,policy,0.2690760116447855,,,,,3,2005-04,2025-10,247,sign restrictions,VAR moving-average propagation,pp response per100bp tightening,finite sign-admissible range,estimated,,-6.215973133680972,5.677188395302635,,
p3,sign-restricted VAR,13,fx,4.53403306342128,,,,,3,2005-04,2025-10,247,sign restrictions,VAR moving-average propagation,100 log response per100bp tightening,finite sign-admissible range,estimated,,-38.45925547292304,48.52216297811361,,
p3,sign-restricted VAR,14,brent,-3.355359157670464,,,,,3,2005-04,2025-10,247,sign restrictions,VAR moving-average propagation,100 log response per100bp tightening,finite sign-admissible range,estimated,,-202.08231948368208,193.51724842069203,,
p3,sign-restricted VAR,14,vix,0.030875042209086,,,,,3,2005-04,2025-10,247,sign restrictions,VAR moving-average propagation,unscaled log response per100bp tightening,finite sign-admissible range,estimated,,-1.7596405788937366,1.8188437489396887,,
p3,sign-restricted VAR,14,activity,-0.0243026564203013,,,,,3,2005-04,2025-10,247,sign restrictions,VAR moving-average propagation,100 log response per100bp tightening,finite sign-admissible range,estimated,,-20.101397456335512,27.11570321770797,,
p3,sign-restricted VAR,14,price,-2.866859807813144,,,,,3,2005-04,2025-10,247,sign restrictions,VAR moving-average propagation,100 log response per100bp tightening,finite sign-admissible range,estimated,,-22.113899052329117,7.80155925654723,,
p3,sign-restricted VAR,14,policy,0.2304078918711965,,,,,3,2005-04,2025-10,247,sign restrictions,VAR moving-average propagation,pp response per100bp tightening,finite sign-admissible range,estimated,,-6.484231519094844,5.84940110633582,,
p3,sign-restricted VAR,14,fx,4.375668740457643,,,,,3,2005-04,2025-10,247,sign restrictions,VAR moving-average propagation,100 log response per100bp tightening,finite sign-admissible range,estimated,,-35.65219255889779,44.449150898061795,,
p3,sign-restricted VAR,15,brent,-2.7810337698696372,,,,,3,2005-04,2025-10,247,sign restrictions,VAR moving-average propagation,100 log response per100bp tightening,finite sign-admissible range,estimated,,-194.58717126510473,189.25971324989587,,
p3,sign-restricted VAR,15,vix,0.0368048352268155,,,,,3,2005-04,2025-10,247,sign restrictions,VAR moving-average propagation,unscaled log response per100bp tightening,finite sign-admissible range,estimated,,-1.6215066591544005,1.6928948087462814,,
p3,sign-restricted VAR,15,activity,-0.1040970460817016,,,,,3,2005-04,2025-10,247,sign restrictions,VAR moving-average propagation,100 log response per100bp tightening,finite sign-admissible range,estimated,,-20.67397333287226,26.32022124002798,,
p3,sign-restricted VAR,15,price,-2.8891051606240383,,,,,3,2005-04,2025-10,247,sign restrictions,VAR moving-average propagation,100 log response per100bp tightening,finite sign-admissible range,estimated,,-22.826264628751225,8.32025201747835,,
p3,sign-restricted VAR,15,policy,0.1943096708686496,,,,,3,2005-04,2025-10,247,sign restrictions,VAR moving-average propagation,pp response per100bp tightening,finite sign-admissible range,estimated,,-6.696966229946895,5.985334619422582,,
p3,sign-restricted VAR,15,fx,4.204015316161919,,,,,3,2005-04,2025-10,247,sign restrictions,VAR moving-average propagation,100 log response per100bp tightening,finite sign-admissible range,estimated,,-32.9609971067393,41.02826838264517,,
p3,sign-restricted VAR,16,brent,-2.3652699439599463,,,,,3,2005-04,2025-10,247,sign restrictions,VAR moving-average propagation,100 log response per100bp tightening,finite sign-admissible range,estimated,,-187.1955003029911,184.7656012456547,,
p3,sign-restricted VAR,16,vix,0.039860393069505,,,,,3,2005-04,2025-10,247,sign restrictions,VAR moving-average propagation,unscaled log response per100bp tightening,finite sign-admissible range,estimated,,-1.4888486939149916,1.5677617453338175,,
p3,sign-restricted VAR,16,activity,-0.0323350290724503,,,,,3,2005-04,2025-10,247,sign restrictions,VAR moving-average propagation,100 log response per100bp tightening,finite sign-admissible range,estimated,,-21.067264947465247,25.529411338267636,,
p3,sign-restricted VAR,16,price,-2.894821969240298,,,,,3,2005-04,2025-10,247,sign restrictions,VAR moving-average propagation,100 log response per100bp tightening,finite sign-admissible range,estimated,,-23.47320942385401,8.802668028148295,,
p3,sign-restricted VAR,16,policy,0.1601762056467562,,,,,3,2005-04,2025-10,247,sign restrictions,VAR moving-average propagation,pp response per100bp tightening,finite sign-admissible range,estimated,,-6.860691520618748,6.088217483024544,,
p3,sign-restricted VAR,16,fx,4.045838698979614,,,,,3,2005-04,2025-10,247,sign restrictions,VAR moving-average propagation,100 log response per100bp tightening,finite sign-admissible range,estimated,,-30.385872353330196,37.85837143900932,,
p3,sign-restricted VAR,17,brent,-1.7901930619475015,,,,,3,2005-04,2025-10,247,sign restrictions,VAR moving-average propagation,100 log response per100bp tightening,finite sign-admissible range,estimated,,-179.887242972238,180.030850616233,,
p3,sign-restricted VAR,17,vix,0.0435289938524695,,,,,3,2005-04,2025-10,247,sign restrictions,VAR moving-average propagation,unscaled log response per100bp tightening,finite sign-admissible range,estimated,,-1.3623760087333616,1.445100216160934,,
p3,sign-restricted VAR,17,activity,-0.0787476910359938,,,,,3,2005-04,2025-10,247,sign restrictions,VAR moving-average propagation,100 log response per100bp tightening,finite sign-admissible range,estimated,,-21.30524568103061,24.741155182451173,,
p3,sign-restricted VAR,17,price,-2.9506168041153726,,,,,3,2005-04,2025-10,247,sign restrictions,VAR moving-average propagation,100 log response per100bp tightening,finite sign-admissible range,estimated,,-24.058202736362603,9.24935027346534,,
p3,sign-restricted VAR,17,policy,0.1267197126843862,,,,,3,2005-04,2025-10,247,sign restrictions,VAR moving-average propagation,pp response per100bp tightening,finite sign-admissible range,estimated,,-6.981150819111326,6.161044322993034,,
p3,sign-restricted VAR,17,fx,3.850591706702153,,,,,3,2005-04,2025-10,247,sign restrictions,VAR moving-average propagation,100 log response per100bp tightening,finite sign-admissible range,estimated,,-27.92631732110287,34.915858198216135,,
p3,sign-restricted VAR,18,brent,-1.3997203944428174,,,,,3,2005-04,2025-10,247,sign restrictions,VAR moving-average propagation,100 log response per100bp tightening,finite sign-admissible range,estimated,,-172.65207042583546,175.06257117903814,,
p3,sign-restricted VAR,18,vix,0.0453474250780651,,,,,3,2005-04,2025-10,247,sign restrictions,VAR moving-average propagation,unscaled log response per100bp tightening,finite sign-admissible range,estimated,,-1.2424885364447844,1.326113906690772,,
p3,sign-restricted VAR,18,activity,-0.1870440625415053,,,,,3,2005-04,2025-10,247,sign restrictions,VAR moving-average propagation,100 log response per100bp tightening,finite sign-admissible range,estimated,,-21.409346329124357,23.95510586697092,,
p3,sign-restricted VAR,18,price,-2.9502516647907817,,,,,3,2005-04,2025-10,247,sign restrictions,VAR moving-average propagation,100 log response per100bp tightening,finite sign-admissible range,estimated,,-24.584816757589625,9.661285530932306,,
p3,sign-restricted VAR,18,policy,0.0925473468979667,,,,,3,2005-04,2025-10,247,sign restrictions,VAR moving-average propagation,pp response per100bp tightening,finite sign-admissible range,estimated,,-7.063419840777067,6.206586969841693,,
p3,sign-restricted VAR,18,fx,3.654725667870269,,,,,3,2005-04,2025-10,247,sign restrictions,VAR moving-average propagation,100 log response per100bp tightening,finite sign-admissible range,estimated,,-25.580858129651396,32.179804909548686,,
p3,sign-restricted VAR,19,brent,-0.9272132131155558,,,,,3,2005-04,2025-10,247,sign restrictions,VAR moving-average propagation,100 log response per100bp tightening,finite sign-admissible range,estimated,,-165.49059415047736,169.87844559173035,,
p3,sign-restricted VAR,19,vix,0.0464348961755979,,,,,3,2005-04,2025-10,247,sign restrictions,VAR moving-average propagation,unscaled log response per100bp tightening,finite sign-admissible range,estimated,,-1.1293983969000585,1.2116310232446532,,
p3,sign-restricted VAR,19,activity,-0.2615320188265234,,,,,3,2005-04,2025-10,247,sign restrictions,VAR moving-average propagation,100 log response per100bp tightening,finite sign-admissible range,estimated,,-21.39772501182413,23.17116314850979,,
p3,sign-restricted VAR,19,price,-2.9253342485860383,,,,,3,2005-04,2025-10,247,sign restrictions,VAR moving-average propagation,100 log response per100bp tightening,finite sign-admissible range,estimated,,-25.05659755500306,10.039721518438276,,
p3,sign-restricted VAR,19,policy,0.0655460826167994,,,,,3,2005-04,2025-10,247,sign restrictions,VAR moving-average propagation,pp response per100bp tightening,finite sign-admissible range,estimated,,-7.111998279407548,6.22743241860664,,
p3,sign-restricted VAR,19,fx,3.4790987667156927,,,,,3,2005-04,2025-10,247,sign restrictions,VAR moving-average propagation,100 log response per100bp tightening,finite sign-admissible range,estimated,,-23.347549056278417,29.63197204920751,,
p3,sign-restricted VAR,20,brent,-0.6112656022643757,,,,,3,2005-04,2025-10,247,sign restrictions,VAR moving-average propagation,100 log response per100bp tightening,finite sign-admissible range,estimated,,-158.41103814709297,164.5052750210549,,
p3,sign-restricted VAR,20,vix,0.0462250112729394,,,,,3,2005-04,2025-10,247,sign restrictions,VAR moving-average propagation,unscaled log response per100bp tightening,finite sign-admissible range,estimated,,-1.0231853760649274,1.1022446438573583,,
p3,sign-restricted VAR,20,activity,-0.3263604748213883,,,,,3,2005-04,2025-10,247,sign restrictions,VAR moving-average propagation,100 log response per100bp tightening,finite sign-admissible range,estimated,,-21.28586894861223,22.389519934515917,,
p3,sign-restricted VAR,20,price,-2.89676052824196,,,,,3,2005-04,2025-10,247,sign restrictions,VAR moving-average propagation,100 log response per100bp tightening,finite sign-admissible range,estimated,,-25.477098493990884,10.386066975636574,,
p3,sign-restricted VAR,20,policy,0.0511573184114264,,,,,3,2005-04,2025-10,247,sign restrictions,VAR moving-average propagation,pp response per100bp tightening,finite sign-admissible range,estimated,,-7.130889505437439,6.225986146940096,,
p3,sign-restricted VAR,20,fx,3.314314277175028,,,,,3,2005-04,2025-10,247,sign restrictions,VAR moving-average propagation,100 log response per100bp tightening,finite sign-admissible range,estimated,,-21.223957180710748,27.256369761319572,,
p3,sign-restricted VAR,21,brent,-0.0285357924374674,,,,,3,2005-04,2025-10,247,sign restrictions,VAR moving-average propagation,100 log response per100bp tightening,finite sign-admissible range,estimated,,-151.42513691982745,158.9734318665993,,
p3,sign-restricted VAR,21,vix,0.0458250584364315,,,,,3,2005-04,2025-10,247,sign restrictions,VAR moving-average propagation,unscaled log response per100bp tightening,finite sign-admissible range,estimated,,-0.9238058512224012,0.9983304085520662,,
p3,sign-restricted VAR,21,activity,-0.3280605390213035,,,,,3,2005-04,2025-10,247,sign restrictions,VAR moving-average propagation,100 log response per100bp tightening,finite sign-admissible range,estimated,,-21.087370716091495,21.61071115378094,,
p3,sign-restricted VAR,21,price,-2.888459627608646,,,,,3,2005-04,2025-10,247,sign restrictions,VAR moving-average propagation,100 log response per100bp tightening,finite sign-admissible range,estimated,,-25.84982209703508,10.701863448613574,,
p3,sign-restricted VAR,21,policy,0.0293103002762854,,,,,3,2005-04,2025-10,247,sign restrictions,VAR moving-average propagation,pp response per100bp tightening,finite sign-admissible range,estimated,,-7.123664306534059,6.204481564574734,,
p3,sign-restricted VAR,21,fx,3.1831703330916987,,,,,3,2005-04,2025-10,247,sign restrictions,VAR moving-average propagation,100 log response per100bp tightening,finite sign-admissible range,estimated,,-19.207292827689663,25.038846813820378,,
p3,sign-restricted VAR,22,brent,0.6220863598924116,,,,,3,2005-04,2025-10,247,sign restrictions,VAR moving-average propagation,100 log response per100bp tightening,finite sign-admissible range,estimated,,-144.54678528624817,153.31510228491533,,
p3,sign-restricted VAR,22,vix,0.0447052314715183,,,,,3,2005-04,2025-10,247,sign restrictions,VAR moving-average propagation,unscaled log response per100bp tightening,finite sign-admissible range,estimated,,-0.831128906050621,0.9000938262892565,,
p3,sign-restricted VAR,22,activity,-0.3808517014560905,,,,,3,2005-04,2025-10,247,sign restrictions,VAR moving-average propagation,100 log response per100bp tightening,finite sign-admissible range,estimated,,-20.81418128994179,20.83546122909681,,
p3,sign-restricted VAR,22,price,-2.9036455168776047,,,,,3,2005-04,2025-10,247,sign restrictions,VAR moving-average propagation,100 log response per100bp tightening,finite sign-admissible range,estimated,,-26.178185890992378,10.98873352901882,,
p3,sign-restricted VAR,22,policy,0.0041034107527907,,,,,3,2005-04,2025-10,247,sign restrictions,VAR moving-average propagation,pp response per100bp tightening,finite sign-admissible range,estimated,,-7.093513582074898,6.213492754895171,,
p3,sign-restricted VAR,22,fx,3.0605291873867086,,,,,3,2005-04,2025-10,247,sign restrictions,VAR moving-average propagation,100 log response per100bp tightening,finite sign-admissible range,estimated,,-17.294549440102575,22.966842900742407,,
p3,sign-restricted VAR,23,brent,0.9384677325257272,,,,,3,2005-04,2025-10,247,sign restrictions,VAR moving-average propagation,100 log response per100bp tightening,finite sign-admissible range,estimated,,-137.7907372242032,147.5631599042759,,
p3,sign-restricted VAR,23,vix,0.0438622171963755,,,,,3,2005-04,2025-10,247,sign restrictions,VAR moving-average propagation,unscaled log response per100bp tightening,finite sign-admissible range,estimated,,-0.7551829092350154,0.8076163905771822,,
p3,sign-restricted VAR,23,activity,-0.4141018273167794,,,,,3,2005-04,2025-10,247,sign restrictions,VAR moving-average propagation,100 log response per100bp tightening,finite sign-admissible range,estimated,,-20.476847631886045,20.064646893065703,,
p3,sign-restricted VAR,23,price,-2.925275777575419,,,,,3,2005-04,2025-10,247,sign restrictions,VAR moving-average propagation,100 log response per100bp tightening,finite sign-admissible range,estimated,,-26.465511154689217,11.248342016487948,,
p3,sign-restricted VAR,23,policy,-0.0011302954602457,,,,,3,2005-04,2025-10,247,sign restrictions,VAR moving-average propagation,pp response per100bp tightening,finite sign-admissible range,estimated,,-7.043293589393119,6.216788325375815,,
p3,sign-restricted VAR,23,fx,2.9426479353447528,,,,,3,2005-04,2025-10,247,sign restrictions,VAR moving-average propagation,100 log response per100bp tightening,finite sign-admissible range,estimated,,-15.48255062002992,21.02912224494525,,
p3,sign-restricted VAR,24,brent,1.2411027424717105,,,,,3,2005-04,2025-10,247,sign restrictions,VAR moving-average propagation,100 log response per100bp tightening,finite sign-admissible range,estimated,,-131.1715183114712,141.74987001501853,,
p3,sign-restricted VAR,24,vix,0.0432714480822698,,,,,3,2005-04,2025-10,247,sign restrictions,VAR moving-average propagation,unscaled log response per100bp tightening,finite sign-admissible range,estimated,,-0.6900328938354533,0.7208816399889575,,
p3,sign-restricted VAR,24,activity,-0.429439142126434,,,,,3,2005-04,2025-10,247,sign restrictions,VAR moving-average propagation,100 log response per100bp tightening,finite sign-admissible range,estimated,,-20.084727309618035,19.29925090701603,,
p3,sign-restricted VAR,24,price,-2.9425291804781315,,,,,3,2005-04,2025-10,247,sign restrictions,VAR moving-average propagation,100 log response per100bp tightening,finite sign-admissible range,estimated,,-26.715004258500464,11.48236869666778,,
p3,sign-restricted VAR,24,policy,-0.0068751875512111,,,,,3,2005-04,2025-10,247,sign restrictions,VAR moving-average propagation,pp response per100bp tightening,finite sign-admissible range,estimated,,-6.975564339030257,6.206642361507156,,
p3,sign-restricted VAR,24,fx,2.8270127056072987,,,,,3,2005-04,2025-10,247,sign restrictions,VAR moving-average propagation,100 log response per100bp tightening,finite sign-admissible range,estimated,,-13.76800168407219,19.215566032451864,,
p3,sign-restricted VAR,25,brent,1.4899538874557907,,,,,3,2005-04,2025-10,247,sign restrictions,VAR moving-average propagation,100 log response per100bp tightening,finite sign-admissible range,estimated,,-124.70281248414264,135.90614910408908,,
p3,sign-restricted VAR,25,vix,0.0421631944827339,,,,,3,2005-04,2025-10,247,sign restrictions,VAR moving-average propagation,unscaled log response per100bp tightening,finite sign-admissible range,estimated,,-0.6310518531563895,0.6397989549573595,,
p3,sign-restricted VAR,25,activity,-0.4704081214045041,,,,,3,2005-04,2025-10,247,sign restrictions,VAR moving-average propagation,100 log response per100bp tightening,finite sign-admissible range,estimated,,-19.646139855226647,18.54030722709577,,
p3,sign-restricted VAR,25,price,-2.9570227146669383,,,,,3,2005-04,2025-10,247,sign restrictions,VAR moving-average propagation,100 log response per100bp tightening,finite sign-admissible range,estimated,,-26.92974303426876,11.692483618155045,,
p3,sign-restricted VAR,25,policy,-0.0141442695371041,,,,,3,2005-04,2025-10,247,sign restrictions,VAR moving-average propagation,pp response per100bp tightening,finite sign-admissible range,estimated,,-6.892622251944177,6.184250168405846,,
p3,sign-restricted VAR,25,fx,2.7273392624591613,,,,,3,2005-04,2025-10,247,sign restrictions,VAR moving-average propagation,100 log response per100bp tightening,finite sign-admissible range,estimated,,-12.147537615534905,17.517023462919457,,
p3,sign-restricted VAR,26,brent,1.7646815735733674,,,,,3,2005-04,2025-10,247,sign restrictions,VAR moving-average propagation,100 log response per100bp tightening,finite sign-admissible range,estimated,,-118.39701032403556,130.06104434237818,,
p3,sign-restricted VAR,26,vix,0.0405509697198229,,,,,3,2005-04,2025-10,247,sign restrictions,VAR moving-average propagation,unscaled log response per100bp tightening,finite sign-admissible range,estimated,,-0.5777449758679476,0.5642230448094657,,
p3,sign-restricted VAR,26,activity,-0.5092499664601927,,,,,3,2005-04,2025-10,247,sign restrictions,VAR moving-average propagation,100 log response per100bp tightening,finite sign-admissible range,estimated,,-19.168503373863437,17.78887032438628,,
p3,sign-restricted VAR,26,price,-2.969345205053043,,,,,3,2005-04,2025-10,247,sign restrictions,VAR moving-average propagation,100 log response per100bp tightening,finite sign-admissible range,estimated,,-27.112668106823875,11.8803284376853,,
p3,sign-restricted VAR,26,policy,-0.0236074472737855,,,,,3,2005-04,2025-10,247,sign restrictions,VAR moving-average propagation,pp response per100bp tightening,finite sign-admissible range,estimated,,-6.796528185366792,6.1507261175834955,,
p3,sign-restricted VAR,26,fx,2.6344772486002945,,,,,3,2005-04,2025-10,247,sign restrictions,VAR moving-average propagation,100 log response per100bp tightening,finite sign-admissible range,estimated,,-10.617757337481818,15.925186078240928,,
p3,sign-restricted VAR,27,brent,1.9416184564245016,,,,,3,2005-04,2025-10,247,sign restrictions,VAR moving-average propagation,100 log response per100bp tightening,finite sign-admissible range,estimated,,-112.26491983198824,124.24135429586396,,
p3,sign-restricted VAR,27,vix,0.0391308404969782,,,,,3,2005-04,2025-10,247,sign restrictions,VAR moving-average propagation,unscaled log response per100bp tightening,finite sign-admissible range,estimated,,-0.5296386543704363,0.4939683593093202,,
p3,sign-restricted VAR,27,activity,-0.5306898618060794,,,,,3,2005-04,2025-10,247,sign restrictions,VAR moving-average propagation,100 log response per100bp tightening,finite sign-admissible range,estimated,,-18.658449359348744,17.045990811588034,,
p3,sign-restricted VAR,27,price,-2.956931051800028,,,,,3,2005-04,2025-10,247,sign restrictions,VAR moving-average propagation,100 log response per100bp tightening,finite sign-admissible range,estimated,,-27.26657600982918,12.047502599892912,,
p3,sign-restricted VAR,27,policy,-0.0240311927225709,,,,,3,2005-04,2025-10,247,sign restrictions,VAR moving-average propagation,pp response per100bp tightening,finite sign-admissible range,estimated,,-6.707496924091834,6.107107393232965,,
p3,sign-restricted VAR,27,fx,2.548883954927927,,,,,3,2005-04,2025-10,247,sign restrictions,VAR moving-average propagation,100 log response per100bp tightening,finite sign-admissible range,estimated,,-9.175253605584324,14.432484918080972,,
p3,sign-restricted VAR,28,brent,2.1022644099651737,,,,,3,2005-04,2025-10,247,sign restrictions,VAR moving-average propagation,100 log response per100bp tightening,finite sign-admissible range,estimated,,-106.31563212168574,118.47143427724606,,
p3,sign-restricted VAR,28,vix,0.0391092369797962,,,,,3,2005-04,2025-10,247,sign restrictions,VAR moving-average propagation,unscaled log response per100bp tightening,finite sign-admissible range,estimated,,-0.4862824232550568,0.4288209358404266,,
p3,sign-restricted VAR,28,activity,-0.541139880281492,,,,,3,2005-04,2025-10,247,sign restrictions,VAR moving-average propagation,100 log response per100bp tightening,finite sign-admissible range,estimated,,-18.12191357983274,16.312694909339257,,
p3,sign-restricted VAR,28,price,-2.9575719924308035,,,,,3,2005-04,2025-10,247,sign restrictions,VAR moving-average propagation,100 log response per100bp tightening,finite sign-admissible range,estimated,,-27.39411504228819,12.195552564410749,,
p3,sign-restricted VAR,28,policy,-0.030756596833995,,,,,3,2005-04,2025-10,247,sign restrictions,VAR moving-average propagation,pp response per100bp tightening,finite sign-admissible range,estimated,,-6.608124862475918,6.054357958818165,,
p3,sign-restricted VAR,28,fx,2.469583113071298,,,,,3,2005-04,2025-10,247,sign restrictions,VAR moving-average propagation,100 log response per100bp tightening,finite sign-admissible range,estimated,,-8.297387628766934,13.032006351585268,,
p3,sign-restricted VAR,29,brent,2.2461655871868835,,,,,3,2005-04,2025-10,247,sign restrictions,VAR moving-average propagation,100 log response per100bp tightening,finite sign-admissible range,estimated,,-100.55647740865436,112.77311300041156,,
p3,sign-restricted VAR,29,vix,0.0372052167848196,,,,,3,2005-04,2025-10,247,sign restrictions,VAR moving-average propagation,unscaled log response per100bp tightening,finite sign-admissible range,estimated,,-0.447250215854558,0.372103675577447,,
p3,sign-restricted VAR,29,activity,-0.5409750203828179,,,,,3,2005-04,2025-10,247,sign restrictions,VAR moving-average propagation,100 log response per100bp tightening,finite sign-admissible range,estimated,,-17.564212442930483,15.589969688430273,,
p3,sign-restricted VAR,29,price,-2.9570326146267716,,,,,3,2005-04,2025-10,247,sign restrictions,VAR moving-average propagation,100 log response per100bp tightening,finite sign-admissible range,estimated,,-27.49778338592242,12.325963894770972,,
p3,sign-restricted VAR,29,policy,-0.0282495421817317,,,,,3,2005-04,2025-10,247,sign restrictions,VAR moving-average propagation,pp response per100bp tightening,finite sign-admissible range,estimated,,-6.497113639388929,5.993372596045913,,
p3,sign-restricted VAR,29,fx,2.4100838443323047,,,,,3,2005-04,2025-10,247,sign restrictions,VAR moving-average propagation,100 log response per100bp tightening,finite sign-admissible range,estimated,,-7.638592083278773,12.566687357560925,,
p3,sign-restricted VAR,30,brent,2.373214748612388,,,,,3,2005-04,2025-10,247,sign restrictions,VAR moving-average propagation,100 log response per100bp tightening,finite sign-admissible range,estimated,,-94.99304866259628,107.16568609262367,,
p3,sign-restricted VAR,30,vix,0.0358345749727523,,,,,3,2005-04,2025-10,247,sign restrictions,VAR moving-average propagation,unscaled log response per100bp tightening,finite sign-admissible range,estimated,,-0.4121410478617944,0.3493114812794993,,
p3,sign-restricted VAR,30,activity,-0.5542200736769382,,,,,3,2005-04,2025-10,247,sign restrictions,VAR moving-average propagation,100 log response per100bp tightening,finite sign-admissible range,estimated,,-16.990107554041963,14.878751611892747,,
p3,sign-restricted VAR,30,price,-2.9497044759542046,,,,,3,2005-04,2025-10,247,sign restrictions,VAR moving-average propagation,100 log response per100bp tightening,finite sign-admissible range,estimated,,-27.579928839751695,12.440155670576472,,
p3,sign-restricted VAR,30,policy,-0.0335125414913602,,,,,3,2005-04,2025-10,247,sign restrictions,VAR moving-average propagation,pp response per100bp tightening,finite sign-admissible range,estimated,,-6.375852089972485,5.924980912600006,,
p3,sign-restricted VAR,30,fx,2.367461366768836,,,,,3,2005-04,2025-10,247,sign restrictions,VAR moving-average propagation,100 log response per100bp tightening,finite sign-admissible range,estimated,,-7.009464166043592,12.13045515507638,,
p3,sign-restricted VAR,31,brent,2.5083134499000934,,,,,3,2005-04,2025-10,247,sign restrictions,VAR moving-average propagation,100 log response per100bp tightening,finite sign-admissible range,estimated,,-89.62927544021072,101.6659724864986,,
p3,sign-restricted VAR,31,vix,0.0337824751392516,,,,,3,2005-04,2025-10,247,sign restrictions,VAR moving-average propagation,unscaled log response per100bp tightening,finite sign-admissible range,estimated,,-0.3805792986829074,0.3288256098610306,,
p3,sign-restricted VAR,31,activity,-0.5717626247780953,,,,,3,2005-04,2025-10,247,sign restrictions,VAR moving-average propagation,100 log response per100bp tightening,finite sign-admissible range,estimated,,-16.403860596076438,14.179917886732316,,
p3,sign-restricted VAR,31,price,-2.9490723587123995,,,,,3,2005-04,2025-10,247,sign restrictions,VAR moving-average propagation,100 log response per100bp tightening,finite sign-admissible range,estimated,,-27.6427500427568,12.53947672746997,,
p3,sign-restricted VAR,31,policy,-0.0396794203212949,,,,,3,2005-04,2025-10,247,sign restrictions,VAR moving-average propagation,pp response per100bp tightening,finite sign-admissible range,estimated,,-6.245628777505768,5.849951306221969,,
p3,sign-restricted VAR,31,fx,2.3150342536525104,,,,,3,2005-04,2025-10,247,sign restrictions,VAR moving-average propagation,100 log response per100bp tightening,finite sign-admissible range,estimated,,-6.409001555121326,11.704362876243003,,
p3,sign-restricted VAR,32,brent,2.602473583903376,,,,,3,2005-04,2025-10,247,sign restrictions,VAR moving-average propagation,100 log response per100bp tightening,finite sign-admissible range,estimated,,-84.46752925130068,96.2884127984077,,
p3,sign-restricted VAR,32,vix,0.0288356830965265,,,,,3,2005-04,2025-10,247,sign restrictions,VAR moving-average propagation,unscaled log response per100bp tightening,finite sign-admissible range,estimated,,-0.3530094790921286,0.3104112045224563,,
p3,sign-restricted VAR,32,activity,-0.5908014377304092,,,,,3,2005-04,2025-10,247,sign restrictions,VAR moving-average propagation,100 log response per100bp tightening,finite sign-admissible range,estimated,,-15.809280968294985,13.49428048304562,,
p3,sign-restricted VAR,32,price,-2.939384999901165,,,,,3,2005-04,2025-10,247,sign restrictions,VAR moving-average propagation,100 log response per100bp tightening,finite sign-admissible range,estimated,,-27.688298928787894,12.625203437451889,,
p3,sign-restricted VAR,32,policy,-0.0420798525421578,,,,,3,2005-04,2025-10,247,sign restrictions,VAR moving-average propagation,pp response per100bp tightening,finite sign-admissible range,estimated,,-6.10763720875921,5.768994837421186,,
p3,sign-restricted VAR,32,fx,2.249990525547997,,,,,3,2005-04,2025-10,247,sign restrictions,VAR moving-average propagation,100 log response per100bp tightening,finite sign-admissible range,estimated,,-6.350205759876787,11.288705645073057,,
p3,sign-restricted VAR,33,brent,2.6298895042183164,,,,,3,2005-04,2025-10,247,sign restrictions,VAR moving-average propagation,100 log response per100bp tightening,finite sign-admissible range,estimated,,-79.50874926383774,91.04519630617426,,
p3,sign-restricted VAR,33,vix,0.0276318787524071,,,,,3,2005-04,2025-10,247,sign restrictions,VAR moving-average propagation,unscaled log response per100bp tightening,finite sign-admissible range,estimated,,-0.3335152312834717,0.2938496222494408,,
p3,sign-restricted VAR,33,activity,-0.6050429612615611,,,,,3,2005-04,2025-10,247,sign restrictions,VAR moving-average propagation,100 log response per100bp tightening,finite sign-admissible range,estimated,,-15.209767483493694,12.822582173019653,,
p3,sign-restricted VAR,33,price,-2.9368629672597732,,,,,3,2005-04,2025-10,247,sign restrictions,VAR moving-average propagation,100 log response per100bp tightening,finite sign-admissible range,estimated,,-27.71848416546461,12.69853873713701,,
p3,sign-restricted VAR,33,policy,-0.0404257498549803,,,,,3,2005-04,2025-10,247,sign restrictions,VAR moving-average propagation,pp response per100bp tightening,finite sign-admissible range,estimated,,-5.962980859369222,5.682768975964451,,
p3,sign-restricted VAR,33,fx,2.193671284038711,,,,,3,2005-04,2025-10,247,sign restrictions,VAR moving-average propagation,100 log response per100bp tightening,finite sign-admissible range,estimated,,-6.653732481851357,10.883767399573498,,
p3,sign-restricted VAR,34,brent,2.707805940936753,,,,,3,2005-04,2025-10,247,sign restrictions,VAR moving-average propagation,100 log response per100bp tightening,finite sign-admissible range,estimated,,-74.75257966574884,85.9464071980486,,
p3,sign-restricted VAR,34,vix,0.0262338068769006,,,,,3,2005-04,2025-10,247,sign restrictions,VAR moving-average propagation,unscaled log response per100bp tightening,finite sign-admissible range,estimated,,-0.3160406432723565,0.2789383431159212,,
p3,sign-restricted VAR,34,activity,-0.6043455328847449,,,,,3,2005-04,2025-10,247,sign restrictions,VAR moving-average propagation,100 log response per100bp tightening,finite sign-admissible range,estimated,,-14.608345182631195,12.165494204856229,,
p3,sign-restricted VAR,34,price,-2.9331235535787625,,,,,3,2005-04,2025-10,247,sign restrictions,VAR moving-average propagation,100 log response per100bp tightening,finite sign-admissible range,estimated,,-27.735075401358795,12.760612155286196,,
p3,sign-restricted VAR,34,policy,-0.0321548332636579,,,,,3,2005-04,2025-10,247,sign restrictions,VAR moving-average propagation,pp response per100bp tightening,finite sign-admissible range,estimated,,-5.812678034363162,5.591881203159246,,
p3,sign-restricted VAR,34,fx,2.134723926536579,,,,,3,2005-04,2025-10,247,sign restrictions,VAR moving-average propagation,100 log response per100bp tightening,finite sign-admissible range,estimated,,-6.915382456129504,10.48981356126359,,
p3,sign-restricted VAR,35,brent,2.7269267196400317,,,,,3,2005-04,2025-10,247,sign restrictions,VAR moving-average propagation,100 log response per100bp tightening,finite sign-admissible range,estimated,,-70.19751159776952,81.00018172687821,,
p3,sign-restricted VAR,35,vix,0.0241854116148153,,,,,3,2005-04,2025-10,247,sign restrictions,VAR moving-average propagation,unscaled log response per100bp tightening,finite sign-admissible range,estimated,,-0.3003335621758459,0.2654906794270857,,
p3,sign-restricted VAR,35,activity,-0.5914904320433634,,,,,3,2005-04,2025-10,247,sign restrictions,VAR moving-average propagation,100 log response per100bp tightening,finite sign-admissible range,estimated,,-14.007698204525822,11.58923572816201,,
p3,sign-restricted VAR,35,price,-2.9334980638854855,,,,,3,2005-04,2025-10,247,sign restrictions,VAR moving-average propagation,100 log response per100bp tightening,finite sign-admissible range,estimated,,-27.739708151182832,12.812480646720422,,
p3,sign-restricted VAR,35,policy,-0.028518490478454,,,,,3,2005-04,2025-10,247,sign restrictions,VAR moving-average propagation,pp response per100bp tightening,finite sign-admissible range,estimated,,-5.657666578099138,5.496892454089794,,
p3,sign-restricted VAR,35,fx,2.094557386415582,,,,,3,2005-04,2025-10,247,sign restrictions,VAR moving-average propagation,100 log response per100bp tightening,finite sign-admissible range,estimated,,-7.139004710462276,10.107085553784984,,
p3,sign-restricted VAR,36,brent,2.7873415393854977,,,,,3,2005-04,2025-10,247,sign restrictions,VAR moving-average propagation,100 log response per100bp tightening,finite sign-admissible range,estimated,,-65.84102476640982,76.21287020985748,,
p3,sign-restricted VAR,36,vix,0.0233629610424612,,,,,3,2005-04,2025-10,247,sign restrictions,VAR moving-average propagation,unscaled log response per100bp tightening,finite sign-admissible range,estimated,,-0.2861656394867,0.2656567426372117,,
p3,sign-restricted VAR,36,activity,-0.5890215293779106,,,,,3,2005-04,2025-10,247,sign restrictions,VAR moving-average propagation,100 log response per100bp tightening,finite sign-admissible range,estimated,,-13.410199383218073,11.07458709825518,,
p3,sign-restricted VAR,36,price,-2.921329209148256,,,,,3,2005-04,2025-10,247,sign restrictions,VAR moving-average propagation,100 log response per100bp tightening,finite sign-admissible range,estimated,,-27.73388916910295,12.85513006671814,,
p3,sign-restricted VAR,36,policy,-0.0289649599817455,,,,,3,2005-04,2025-10,247,sign restrictions,VAR moving-average propagation,pp response per100bp tightening,finite sign-admissible range,estimated,,-5.49880844037534,5.398320389833446,,
p3,sign-restricted VAR,36,fx,2.0427359893811428,,,,,3,2005-04,2025-10,247,sign restrictions,VAR moving-average propagation,100 log response per100bp tightening,finite sign-admissible range,estimated,,-7.328155666577787,9.735796839603816,,
p3,proxy VAR,0,brent,10.709255554990657,-18.65619788190607,-4.848404014195,24.852878233836307,35.834257290645795,3,2005-04,2025-10,247,external instrument,VAR moving-average propagation,100 log response per100bp tightening,pointwise conditional90/68 intervals,identified_conditional,,,,,
p3,proxy VAR,0,vix,-0.1336734786145306,-0.7071856888551012,-0.4655428514605706,0.1484566649684065,0.3801699508497213,3,2005-04,2025-10,247,external instrument,VAR moving-average propagation,unscaled log response per100bp tightening,pointwise conditional90/68 intervals,identified_conditional,,,,,
p3,proxy VAR,0,activity,-1.404632547871948,-5.712117756886686,-3.3728482695972373,0.7466892965134704,1.6964422407565485,3,2005-04,2025-10,247,external instrument,VAR moving-average propagation,100 log response per100bp tightening,pointwise conditional90/68 intervals,identified_conditional,,,,,
p3,proxy VAR,0,price,-0.0490572312753883,-1.235362915675298,-0.5557605386505199,0.505189270455582,0.8278023388409599,3,2005-04,2025-10,247,external instrument,VAR moving-average propagation,100 log response per100bp tightening,pointwise conditional90/68 intervals,identified_conditional,,,,,
p3,proxy VAR,0,policy,1.0,1.0,1.0,1.0,1.0,3,2005-04,2025-10,247,external instrument,VAR moving-average propagation,pp response per100bp tightening,pointwise conditional90/68 intervals,identified_conditional,,,,,
p3,proxy VAR,0,fx,6.041928927074245,1.7744769605327109,3.1454321845780626,8.332854256690151,11.275517847207304,3,2005-04,2025-10,247,external instrument,VAR moving-average propagation,100 log response per100bp tightening,pointwise conditional90/68 intervals,identified_conditional,,,,,
p3,proxy VAR,1,brent,23.542696642539696,-12.483410848322386,4.799883739432422,41.925277501883,52.734916420296145,3,2005-04,2025-10,247,external instrument,VAR moving-average propagation,100 log response per100bp tightening,pointwise conditional90/68 intervals,identified_conditional,,,,,
p3,proxy VAR,1,vix,-0.0896401547403142,-0.5790341126271082,-0.3817910204471516,0.1463602894762303,0.3484609285423548,3,2005-04,2025-10,247,external instrument,VAR moving-average propagation,unscaled log response per100bp tightening,pointwise conditional90/68 intervals,identified_conditional,,,,,
p3,proxy VAR,1,activity,-0.4845167222217276,-6.6448696047228655,-3.1139831776671167,2.6496217897753183,4.457774146229602,3,2005-04,2025-10,247,external instrument,VAR moving-average propagation,100 log response per100bp tightening,pointwise conditional90/68 intervals,identified_conditional,,,,,
p3,proxy VAR,1,price,0.3290014185709801,-1.1284427435739832,-0.3468753013909394,0.996663019167638,1.4074682018911342,3,2005-04,2025-10,247,external instrument,VAR moving-average propagation,100 log response per100bp tightening,pointwise conditional90/68 intervals,identified_conditional,,,,,
p3,proxy VAR,1,policy,1.2200762113409245,1.0872368602536344,1.1526130193584565,1.2948996263290309,1.3247032018400633,3,2005-04,2025-10,247,external instrument,VAR moving-average propagation,pp response per100bp tightening,pointwise conditional90/68 intervals,identified_conditional,,,,,
p3,proxy VAR,1,fx,7.94500930681905,2.746491032085133,4.458167586027327,10.798842471654185,14.245277049248564,3,2005-04,2025-10,247,external instrument,VAR moving-average propagation,100 log response per100bp tightening,pointwise conditional90/68 intervals,identified_conditional,,,,,
p3,proxy VAR,2,brent,30.54984089613543,-3.132343730610919,13.705100051308698,48.638890742168336,58.08732928532413,3,2005-04,2025-10,247,external instrument,VAR moving-average propagation,100 log response per100bp tightening,pointwise conditional90/68 intervals,identified_conditional,,,,,
p3,proxy VAR,2,vix,-0.2306136738204389,-0.5689531923558262,-0.4324013930708927,-0.0636590411639018,0.0635734628795628,3,2005-04,2025-10,247,external instrument,VAR moving-average propagation,unscaled log response per100bp tightening,pointwise conditional90/68 intervals,identified_conditional,,,,,
p3,proxy VAR,2,activity,1.7437449984981526,-3.4669393294944433,-0.6100459199134592,4.374722902271124,5.798910663762018,3,2005-04,2025-10,247,external instrument,VAR moving-average propagation,100 log response per100bp tightening,pointwise conditional90/68 intervals,identified_conditional,,,,,
p3,proxy VAR,2,price,0.3141888924476713,-1.2568251881738817,-0.3869536200274014,1.049259969853421,1.4758099214628455,3,2005-04,2025-10,247,external instrument,VAR moving-average propagation,100 log response per100bp tightening,pointwise conditional90/68 intervals,identified_conditional,,,,,
p3,proxy VAR,2,policy,1.3346602165172077,1.127827005626843,1.2322103306660992,1.4422266296788673,1.4876318364041832,3,2005-04,2025-10,247,external instrument,VAR moving-average propagation,pp response per100bp tightening,pointwise conditional90/68 intervals,identified_conditional,,,,,
p3,proxy VAR,2,fx,7.552035464326523,2.15215708048778,3.8317424854802904,10.447097482344622,14.258929796448328,3,2005-04,2025-10,247,external instrument,VAR moving-average propagation,100 log response per100bp tightening,pointwise conditional90/68 intervals,identified_conditional,,,,,
p3,proxy VAR,3,brent,34.333903862050306,5.288874404662096,19.65444836450061,49.11070597772528,58.68301402620318,3,2005-04,2025-10,247,external instrument,VAR moving-average propagation,100 log response per100bp tightening,pointwise conditional90/68 intervals,identified_conditional,,,,,
p3,proxy VAR,3,vix,-0.1938423190022042,-0.4898868890848743,-0.3755324201861702,-0.0440842815886154,0.0711741527684453,3,2005-04,2025-10,247,external instrument,VAR moving-average propagation,unscaled log response per100bp tightening,pointwise conditional90/68 intervals,identified_conditional,,,,,
p3,proxy VAR,3,activity,2.8579541366367396,-0.9757145580240808,0.960116273787858,4.952837886189038,6.005021776380739,3,2005-04,2025-10,247,external instrument,VAR moving-average propagation,100 log response per100bp tightening,pointwise conditional90/68 intervals,identified_conditional,,,,,
p3,proxy VAR,3,price,0.3057216811409154,-1.402070780653687,-0.4681588912953776,1.0972408932012812,1.5672635019906038,3,2005-04,2025-10,247,external instrument,VAR moving-average propagation,100 log response per100bp tightening,pointwise conditional90/68 intervals,identified_conditional,,,,,
p3,proxy VAR,3,policy,1.3618001091574112,1.0942959918969586,1.223257190546115,1.4988088463514784,1.5587986801034397,3,2005-04,2025-10,247,external instrument,VAR moving-average propagation,pp response per100bp tightening,pointwise conditional90/68 intervals,identified_conditional,,,,,
p3,proxy VAR,3,fx,7.501462876269676,2.1856754796468967,4.051929309070257,10.395616899711351,13.730375420142234,3,2005-04,2025-10,247,external instrument,VAR moving-average propagation,100 log response per100bp tightening,pointwise conditional90/68 intervals,identified_conditional,,,,,
p3,proxy VAR,4,brent,31.57591553126034,5.796080025623846,16.911218366845695,45.40395867711487,54.91093436268899,3,2005-04,2025-10,247,external instrument,VAR moving-average propagation,100 log response per100bp tightening,pointwise conditional90/68 intervals,identified_conditional,,,,,
p3,proxy VAR,4,vix,-0.1315801901953238,-0.3817551914418562,-0.2832683572200899,0.0020385667669648,0.0982919916787452,3,2005-04,2025-10,247,external instrument,VAR moving-average propagation,unscaled log response per100bp tightening,pointwise conditional90/68 intervals,identified_conditional,,,,,
p3,proxy VAR,4,activity,2.4175117291842763,-1.18871344881762,0.7327996291639286,4.339109301230036,5.286585261287232,3,2005-04,2025-10,247,external instrument,VAR moving-average propagation,100 log response per100bp tightening,pointwise conditional90/68 intervals,identified_conditional,,,,,
p3,proxy VAR,4,price,0.3163398126783279,-1.485569183958344,-0.5184346155077166,1.150833262779686,1.6407402432849254,3,2005-04,2025-10,247,external instrument,VAR moving-average propagation,100 log response per100bp tightening,pointwise conditional90/68 intervals,identified_conditional,,,,,
p3,proxy VAR,4,policy,1.33209910276692,1.021707290722327,1.1772744694600452,1.4954135613477069,1.567985468270786,3,2005-04,2025-10,247,external instrument,VAR moving-average propagation,pp response per100bp tightening,pointwise conditional90/68 intervals,identified_conditional,,,,,
p3,proxy VAR,4,fx,7.069314136623973,2.1286894743205673,3.864524481655369,9.665886527665696,12.891467744513273,3,2005-04,2025-10,247,external instrument,VAR moving-average propagation,100 log response per100bp tightening,pointwise conditional90/68 intervals,identified_conditional,,,,,
p3,proxy VAR,5,brent,27.588664986580785,4.094744096752844,13.259219302080444,39.95857311868944,49.17275417873655,3,2005-04,2025-10,247,external instrument,VAR moving-average propagation,100 log response per100bp tightening,pointwise conditional90/68 intervals,identified_conditional,,,,,
p3,proxy VAR,5,vix,-0.0902523159626146,-0.3074931021039653,-0.2204275151166616,0.0204822337888684,0.099327380833506,3,2005-04,2025-10,247,external instrument,VAR moving-average propagation,unscaled log response per100bp tightening,pointwise conditional90/68 intervals,identified_conditional,,,,,
p3,proxy VAR,5,activity,1.7936023730017747,-1.4294012567134102,0.2470149818111228,3.519370995387052,4.4110617190799015,3,2005-04,2025-10,247,external instrument,VAR moving-average propagation,100 log response per100bp tightening,pointwise conditional90/68 intervals,identified_conditional,,,,,
p3,proxy VAR,5,price,0.273451772929398,-1.6520840367085288,-0.6102917432184313,1.164177041133999,1.641366409828577,3,2005-04,2025-10,247,external instrument,VAR moving-average propagation,100 log response per100bp tightening,pointwise conditional90/68 intervals,identified_conditional,,,,,
p3,proxy VAR,5,policy,1.2921502981361217,0.9437939654987192,1.1100025089225083,1.476283422840196,1.5624292206085195,3,2005-04,2025-10,247,external instrument,VAR moving-average propagation,pp response per100bp tightening,pointwise conditional90/68 intervals,identified_conditional,,,,,
p3,proxy VAR,5,fx,6.552938730580795,1.952835158722654,3.545046777579251,8.971733856471282,11.94322225589166,3,2005-04,2025-10,247,external instrument,VAR moving-average propagation,100 log response per100bp tightening,pointwise conditional90/68 intervals,identified_conditional,,,,,
p3,proxy VAR,6,brent,24.84110388894082,3.622324398732989,11.624180356571244,36.71169436925256,44.611161602833505,3,2005-04,2025-10,247,external instrument,VAR moving-average propagation,100 log response per100bp tightening,pointwise conditional90/68 intervals,identified_conditional,,,,,
p3,proxy VAR,6,vix,-0.0430797393298957,-0.2406225161119689,-0.1599673818136147,0.0537220528411803,0.12359740838674,3,2005-04,2025-10,247,external instrument,VAR moving-average propagation,unscaled log response per100bp tightening,pointwise conditional90/68 intervals,identified_conditional,,,,,
p3,proxy VAR,6,activity,1.3579461243974342,-1.5011591885269984,-0.0137912823151622,2.9056272483751617,3.699307777287208,3,2005-04,2025-10,247,external instrument,VAR moving-average propagation,100 log response per100bp tightening,pointwise conditional90/68 intervals,identified_conditional,,,,,
p3,proxy VAR,6,price,0.2446752895547049,-1.8148833138379243,-0.6951782679580946,1.1670933131457653,1.697814689733551,3,2005-04,2025-10,247,external instrument,VAR moving-average propagation,100 log response per100bp tightening,pointwise conditional90/68 intervals,identified_conditional,,,,,
p3,proxy VAR,6,policy,1.243288941387226,0.8527367316999226,1.042612064094454,1.4613639881542098,1.546621259745483,3,2005-04,2025-10,247,external instrument,VAR moving-average propagation,pp response per100bp tightening,pointwise conditional90/68 intervals,identified_conditional,,,,,
p3,proxy VAR,6,fx,6.086789071696809,1.893849169904184,3.262179869621734,8.345524420201343,10.966623201059456,3,2005-04,2025-10,247,external instrument,VAR moving-average propagation,100 log response per100bp tightening,pointwise conditional90/68 intervals,identified_conditional,,,,,
p3,proxy VAR,7,brent,22.310466835424172,2.6159428308908255,10.163019432642622,33.09744648332498,40.37744586715908,3,2005-04,2025-10,247,external instrument,VAR moving-average propagation,100 log response per100bp tightening,pointwise conditional90/68 intervals,identified_conditional,,,,,
p3,proxy VAR,7,vix,-0.004454942659505,-0.1786970342824481,-0.109735048040655,0.0803129149323475,0.1412365447530763,3,2005-04,2025-10,247,external instrument,VAR moving-average propagation,unscaled log response per100bp tightening,pointwise conditional90/68 intervals,identified_conditional,,,,,
p3,proxy VAR,7,activity,0.9614795809912556,-1.5920791095870477,-0.21142016182854,2.371786003803551,3.0916535842157775,3,2005-04,2025-10,247,external instrument,VAR moving-average propagation,100 log response per100bp tightening,pointwise conditional90/68 intervals,identified_conditional,,,,,
p3,proxy VAR,7,price,0.2277185520869729,-1.9468061560503451,-0.7575292537995503,1.179018856423889,1.754971373539305,3,2005-04,2025-10,247,external instrument,VAR moving-average propagation,100 log response per100bp tightening,pointwise conditional90/68 intervals,identified_conditional,,,,,
p3,proxy VAR,7,policy,1.1923720791682706,0.7424529930650474,0.966125012116592,1.4364393219450142,1.5436044191002387,3,2005-04,2025-10,247,external instrument,VAR moving-average propagation,pp response per100bp tightening,pointwise conditional90/68 intervals,identified_conditional,,,,,
p3,proxy VAR,7,fx,5.680380659693558,1.8061038004536811,3.0361371087667193,7.751362621863022,10.120227891795,3,2005-04,2025-10,247,external instrument,VAR moving-average propagation,100 log response per100bp tightening,pointwise conditional90/68 intervals,identified_conditional,,,,,
p3,proxy VAR,8,brent,19.977766761343428,1.669277364416068,8.763941339001423,29.6946296040116,37.215658457237765,3,2005-04,2025-10,247,external instrument,VAR moving-average propagation,100 log response per100bp tightening,pointwise conditional90/68 intervals,identified_conditional,,,,,
p3,proxy VAR,8,vix,0.0245694604446395,-0.1288472234999817,-0.0738804532993426,0.1023307862041661,0.1604663379246861,3,2005-04,2025-10,247,external instrument,VAR moving-average propagation,unscaled log response per100bp tightening,pointwise conditional90/68 intervals,identified_conditional,,,,,
p3,proxy VAR,8,activity,0.5943315378364906,-1.6637988217474036,-0.4780947654971721,1.886303076035013,2.579016359374744,3,2005-04,2025-10,247,external instrument,VAR moving-average propagation,100 log response per100bp tightening,pointwise conditional90/68 intervals,identified_conditional,,,,,
p3,proxy VAR,8,price,0.2087337634772533,-2.065077184598345,-0.8162571172051191,1.1920461517951513,1.7830445120001464,3,2005-04,2025-10,247,external instrument,VAR moving-average propagation,100 log response per100bp tightening,pointwise conditional90/68 intervals,identified_conditional,,,,,
p3,proxy VAR,8,policy,1.1443380862825403,0.6589162427466128,0.8908998613737715,1.4167343554534335,1.543554024655697,3,2005-04,2025-10,247,external instrument,VAR moving-average propagation,pp response per100bp tightening,pointwise conditional90/68 intervals,identified_conditional,,,,,
p3,proxy VAR,8,fx,5.357404428271547,1.719822509114337,2.8777271426027515,7.306998956347513,9.449730071041474,3,2005-04,2025-10,247,external instrument,VAR moving-average propagation,100 log response per100bp tightening,pointwise conditional90/68 intervals,identified_conditional,,,,,
p3,proxy VAR,9,brent,18.04010396615167,0.147056821668181,7.537990819650252,27.09819457207214,34.06087058063721,3,2005-04,2025-10,247,external instrument,VAR moving-average propagation,100 log response per100bp tightening,pointwise conditional90/68 intervals,identified_conditional,,,,,
p3,proxy VAR,9,vix,0.0480375833694664,-0.0915641433453541,-0.041606753036506,0.1225595891588291,0.1753682526278648,3,2005-04,2025-10,247,external instrument,VAR moving-average propagation,unscaled log response per100bp tightening,pointwise conditional90/68 intervals,identified_conditional,,,,,
p3,proxy VAR,9,activity,0.2723642419760745,-1.8657709410923953,-0.7182799162938739,1.431339190909327,2.0539510219742945,3,2005-04,2025-10,247,external instrument,VAR moving-average propagation,100 log response per100bp tightening,pointwise conditional90/68 intervals,identified_conditional,,,,,
p3,proxy VAR,9,price,0.1946535555176406,-2.1409674717425484,-0.8679263341196575,1.2149021629826418,1.7995801470950528,3,2005-04,2025-10,247,external instrument,VAR moving-average propagation,100 log response per100bp tightening,pointwise conditional90/68 intervals,identified_conditional,,,,,
p3,proxy VAR,9,policy,1.0994000554338392,0.5773262804658219,0.8233284753498666,1.3939424006882926,1.54059592516715,3,2005-04,2025-10,247,external instrument,VAR moving-average propagation,pp response per100bp tightening,pointwise conditional90/68 intervals,identified_conditional,,,,,
p3,proxy VAR,9,fx,5.0970723752498746,1.757284763027442,2.829708017388893,6.963860939356629,8.906799091985711,3,2005-04,2025-10,247,external instrument,VAR moving-average propagation,100 log response per100bp tightening,pointwise conditional90/68 intervals,identified_conditional,,,,,
p3,proxy VAR,10,brent,16.434644618315374,-1.077494593818742,6.492404252728531,25.193082678935593,31.59044518202141,3,2005-04,2025-10,247,external instrument,VAR moving-average propagation,100 log response per100bp tightening,pointwise conditional90/68 intervals,identified_conditional,,,,,
p3,proxy VAR,10,vix,0.0656539310273048,-0.0642635747972995,-0.0165161634582849,0.1358203644546234,0.1851578299142012,3,2005-04,2025-10,247,external instrument,VAR moving-average propagation,unscaled log response per100bp tightening,pointwise conditional90/68 intervals,identified_conditional,,,,,
p3,proxy VAR,10,activity,-0.0003631392497673,-1.9260605124745516,-0.9251770496529172,1.088878908012531,1.6557207512925942,3,2005-04,2025-10,247,external instrument,VAR moving-average propagation,100 log response per100bp tightening,pointwise conditional90/68 intervals,identified_conditional,,,,,
p3,proxy VAR,10,price,0.185148195001005,-2.2033635020043536,-0.9100310324058728,1.2400797697846708,1.832381809640347,3,2005-04,2025-10,247,external instrument,VAR moving-average propagation,100 log response per100bp tightening,pointwise conditional90/68 intervals,identified_conditional,,,,,
p3,proxy VAR,10,policy,1.0576118548258755,0.500239823077477,0.7566309681610819,1.367629570402514,1.5247312767554244,3,2005-04,2025-10,247,external instrument,VAR moving-average propagation,pp response per100bp tightening,pointwise conditional90/68 intervals,identified_conditional,,,,,
p3,proxy VAR,10,fx,4.880619203409205,1.7777596114542655,2.7871717191966003,6.602942794266264,8.469423342644658,3,2005-04,2025-10,247,external instrument,VAR moving-average propagation,100 log response per100bp tightening,pointwise conditional90/68 intervals,identified_conditional,,,,,
p3,proxy VAR,11,brent,15.1270748447279,-1.2432214600530684,5.8200361951982,23.092280221320685,29.530191001253858,3,2005-04,2025-10,247,external instrument,VAR moving-average propagation,100 log response per100bp tightening,pointwise conditional90/68 intervals,identified_conditional,,,,,
p3,proxy VAR,11,vix,0.0784981217937531,-0.0418601936122479,0.000364761454673,0.1428365368703082,0.1864156713107451,3,2005-04,2025-10,247,external instrument,VAR moving-average propagation,unscaled log response per100bp tightening,pointwise conditional90/68 intervals,identified_conditional,,,,,
p3,proxy VAR,11,activity,-0.2225698321539263,-2.0498470038575065,-1.121446252568005,0.8203807387231531,1.3403275430568278,3,2005-04,2025-10,247,external instrument,VAR moving-average propagation,100 log response per100bp tightening,pointwise conditional90/68 intervals,identified_conditional,,,,,
p3,proxy VAR,11,price,0.1777371683204461,-2.2610128859016245,-0.9496400359597944,1.2538846494782443,1.8650759785909663,3,2005-04,2025-10,247,external instrument,VAR moving-average propagation,100 log response per100bp tightening,pointwise conditional90/68 intervals,identified_conditional,,,,,
p3,proxy VAR,11,policy,1.0186460484090982,0.4337507861533219,0.7055571074838303,1.345440360097071,1.511383856635346,3,2005-04,2025-10,247,external instrument,VAR moving-average propagation,pp response per100bp tightening,pointwise conditional90/68 intervals,identified_conditional,,,,,
p3,proxy VAR,11,fx,4.700977879199245,1.8256566909995475,2.759242655158634,6.262095001912654,8.009113332294355,3,2005-04,2025-10,247,external instrument,VAR moving-average propagation,100 log response per100bp tightening,pointwise conditional90/68 intervals,identified_conditional,,,,,
p3,proxy VAR,12,brent,14.065535887475177,-1.8711835078703736,5.233678351630121,21.93637195454828,27.74704765145043,3,2005-04,2025-10,247,external instrument,VAR moving-average propagation,100 log response per100bp tightening,pointwise conditional90/68 intervals,identified_conditional,,,,,
p3,proxy VAR,12,vix,0.0878471998973226,-0.0235047157333414,0.0164812385060627,0.1458169748059186,0.1845576507693867,3,2005-04,2025-10,247,external instrument,VAR moving-average propagation,unscaled log response per100bp tightening,pointwise conditional90/68 intervals,identified_conditional,,,,,
p3,proxy VAR,12,activity,-0.403392119760776,-2.0984905092870743,-1.264383563679414,0.6024426090256535,1.0714250792993785,3,2005-04,2025-10,247,external instrument,VAR moving-average propagation,100 log response per100bp tightening,pointwise conditional90/68 intervals,identified_conditional,,,,,
p3,proxy VAR,12,price,0.1719628092257181,-2.3160482795440487,-0.977268440704078,1.2600196347766996,1.895030927812958,3,2005-04,2025-10,247,external instrument,VAR moving-average propagation,100 log response per100bp tightening,pointwise conditional90/68 intervals,identified_conditional,,,,,
p3,proxy VAR,12,policy,0.9818842568174748,0.3740508995105712,0.6545295795480318,1.3241276517609284,1.4951484529608168,3,2005-04,2025-10,247,external instrument,VAR moving-average propagation,pp response per100bp tightening,pointwise conditional90/68 intervals,identified_conditional,,,,,
p3,proxy VAR,12,fx,4.550501364986976,1.888714808243114,2.7796843330398584,6.014137714646889,7.630406527891138,3,2005-04,2025-10,247,external instrument,VAR moving-average propagation,100 log response per100bp tightening,pointwise conditional90/68 intervals,identified_conditional,,,,,
p3,proxy VAR,13,brent,13.18728198160566,-2.004753467025075,4.768223047763313,20.56415999795644,25.957245709245218,3,2005-04,2025-10,247,external instrument,VAR moving-average propagation,100 log response per100bp tightening,pointwise conditional90/68 intervals,identified_conditional,,,,,
p3,proxy VAR,13,vix,0.0943228471902262,-0.0094256578793432,0.0276939484065319,0.1493213867982991,0.186521863555854,3,2005-04,2025-10,247,external instrument,VAR moving-average propagation,unscaled log response per100bp tightening,pointwise conditional90/68 intervals,identified_conditional,,,,,
p3,proxy VAR,13,activity,-0.5521462927541981,-2.140536331131843,-1.387006288275748,0.4785288991431313,0.8584951938041838,3,2005-04,2025-10,247,external instrument,VAR moving-average propagation,100 log response per100bp tightening,pointwise conditional90/68 intervals,identified_conditional,,,,,
p3,proxy VAR,13,price,0.1670115612745338,-2.36836440181103,-1.0037762791241018,1.2670314928856945,1.9209708297361092,3,2005-04,2025-10,247,external instrument,VAR moving-average propagation,100 log response per100bp tightening,pointwise conditional90/68 intervals,identified_conditional,,,,,
p3,proxy VAR,13,policy,0.9468833248336204,0.3204983859918133,0.6089001258290311,1.3035766241286,1.4770952127892611,3,2005-04,2025-10,247,external instrument,VAR moving-average propagation,pp response per100bp tightening,pointwise conditional90/68 intervals,identified_conditional,,,,,
p3,proxy VAR,13,fx,4.422470580177709,1.9400287463712669,2.7580234801364245,5.793979742293423,7.198383882507764,3,2005-04,2025-10,247,external instrument,VAR moving-average propagation,100 log response per100bp tightening,pointwise conditional90/68 intervals,identified_conditional,,,,,
p3,proxy VAR,14,brent,12.454811439682256,-1.9709144013292623,4.657542559469335,19.530031681872583,24.511457660903215,3,2005-04,2025-10,247,external instrument,VAR moving-average propagation,100 log response per100bp tightening,pointwise conditional90/68 intervals,identified_conditional,,,,,
p3,proxy VAR,14,vix,0.0985701486161975,0.0021969640015008,0.0356842731403047,0.1491732873689232,0.1840169251797447,3,2005-04,2025-10,247,external instrument,VAR moving-average propagation,unscaled log response per100bp tightening,pointwise conditional90/68 intervals,identified_conditional,,,,,
p3,proxy VAR,14,activity,-0.6743918427235991,-2.2786115522286945,-1.4691757602477225,0.2985659321864709,0.6972426263144178,3,2005-04,2025-10,247,external instrument,VAR moving-average propagation,100 log response per100bp tightening,pointwise conditional90/68 intervals,identified_conditional,,,,,
p3,proxy VAR,14,price,0.1622482551803153,-2.4151216814419425,-1.026741279033684,1.2786784925568773,1.9307869798179311,3,2005-04,2025-10,247,external instrument,VAR moving-average propagation,100 log response per100bp tightening,pointwise conditional90/68 intervals,identified_conditional,,,,,
p3,proxy VAR,14,policy,0.9132913387416766,0.2723293557565622,0.5735267748048165,1.2780506217529952,1.4586426844880052,3,2005-04,2025-10,247,external instrument,VAR moving-average propagation,pp response per100bp tightening,pointwise conditional90/68 intervals,identified_conditional,,,,,
p3,proxy VAR,14,fx,4.311762217535144,2.0393874149752884,2.777283943054886,5.5687252344661555,6.8403560107463575,3,2005-04,2025-10,247,external instrument,VAR moving-average propagation,100 log response per100bp tightening,pointwise conditional90/68 intervals,identified_conditional,,,,,
p3,proxy VAR,15,brent,11.839316374619091,-1.68591363935108,4.544952133254868,18.458509806866996,23.544234264989665,3,2005-04,2025-10,247,external instrument,VAR moving-average propagation,100 log response per100bp tightening,pointwise conditional90/68 intervals,identified_conditional,,,,,
p3,proxy VAR,15,vix,0.1011404129635701,0.0119796911909776,0.0437908860551172,0.1478279135147515,0.1808588283733882,3,2005-04,2025-10,247,external instrument,VAR moving-average propagation,unscaled log response per100bp tightening,pointwise conditional90/68 intervals,identified_conditional,,,,,
p3,proxy VAR,15,activity,-0.7747042868216618,-2.37963251166019,-1.5693488251284462,0.1570198373769979,0.5741873504087255,3,2005-04,2025-10,247,external instrument,VAR moving-average propagation,100 log response per100bp tightening,pointwise conditional90/68 intervals,identified_conditional,,,,,
p3,proxy VAR,15,price,0.1573997091471232,-2.4568007827185636,-1.0467163271560624,1.304269916265042,1.9463396147650545,3,2005-04,2025-10,247,external instrument,VAR moving-average propagation,100 log response per100bp tightening,pointwise conditional90/68 intervals,identified_conditional,,,,,
p3,proxy VAR,15,policy,0.8808137620119405,0.2277017836144212,0.5403256371894712,1.253661269246366,1.4347201931729543,3,2005-04,2025-10,247,external instrument,VAR moving-average propagation,pp response per100bp tightening,pointwise conditional90/68 intervals,identified_conditional,,,,,
p3,proxy VAR,15,fx,4.2140446902793505,2.1235560311544046,2.808067270825299,5.383760917427367,6.544620810042341,3,2005-04,2025-10,247,external instrument,VAR moving-average propagation,100 log response per100bp tightening,pointwise conditional90/68 intervals,identified_conditional,,,,,
p3,proxy VAR,16,brent,11.315529666132182,-1.604617116099384,4.301234680708693,17.572297096304766,22.471306743940826,3,2005-04,2025-10,247,external instrument,VAR moving-average propagation,100 log response per100bp tightening,pointwise conditional90/68 intervals,identified_conditional,,,,,
p3,proxy VAR,16,vix,0.1024202205370473,0.0205173324270619,0.0491132787819358,0.1454733084694831,0.1759275817295973,3,2005-04,2025-10,247,external instrument,VAR moving-average propagation,unscaled log response per100bp tightening,pointwise conditional90/68 intervals,identified_conditional,,,,,
p3,proxy VAR,16,activity,-0.8569813705751077,-2.4436938516088613,-1.6380875634764969,0.0369657379256686,0.4527091950526281,3,2005-04,2025-10,247,external instrument,VAR moving-average propagation,100 log response per100bp tightening,pointwise conditional90/68 intervals,identified_conditional,,,,,
p3,proxy VAR,16,price,0.1522049638004613,-2.495330452383403,-1.0642033677484384,1.3102239758731642,1.9624517222392068,3,2005-04,2025-10,247,external instrument,VAR moving-average propagation,100 log response per100bp tightening,pointwise conditional90/68 intervals,identified_conditional,,,,,
p3,proxy VAR,16,policy,0.8492353275407875,0.1877112679045252,0.5091641279245246,1.2297038931497812,1.4079937718282365,3,2005-04,2025-10,247,external instrument,VAR moving-average propagation,pp response per100bp tightening,pointwise conditional90/68 intervals,identified_conditional,,,,,
p3,proxy VAR,16,fx,4.1259746971524525,2.205500229772024,2.850787504466514,5.2074014208642705,6.272597311674679,3,2005-04,2025-10,247,external instrument,VAR moving-average propagation,100 log response per100bp tightening,pointwise conditional90/68 intervals,identified_conditional,,,,,
p3,proxy VAR,17,brent,10.864277549682091,-1.0703587107127723,4.201785854096501,16.90380058356079,21.357672316059507,3,2005-04,2025-10,247,external instrument,VAR moving-average propagation,100 log response per100bp tightening,pointwise conditional90/68 intervals,identified_conditional,,,,,
p3,proxy VAR,17,vix,0.1027223166485372,0.0273023908730838,0.0537884831630085,0.1421224498872694,0.1711326757989213,3,2005-04,2025-10,247,external instrument,VAR moving-average propagation,unscaled log response per100bp tightening,pointwise conditional90/68 intervals,identified_conditional,,,,,
p3,proxy VAR,17,activity,-0.9243286360817596,-2.4854235416311745,-1.6606855707996044,-0.0353846496565863,0.3685074041419782,3,2005-04,2025-10,247,external instrument,VAR moving-average propagation,100 log response per100bp tightening,pointwise conditional90/68 intervals,identified_conditional,,,,,
p3,proxy VAR,17,price,0.146475401963761,-2.527358014845782,-1.0796423375297963,1.3199193352555498,1.9715700770071185,3,2005-04,2025-10,247,external instrument,VAR moving-average propagation,100 log response per100bp tightening,pointwise conditional90/68 intervals,identified_conditional,,,,,
p3,proxy VAR,17,policy,0.8183967481041464,0.1519437985399694,0.4753327910366353,1.2040637997952646,1.3791554744044965,3,2005-04,2025-10,247,external instrument,VAR moving-average propagation,pp response per100bp tightening,pointwise conditional90/68 intervals,identified_conditional,,,,,
p3,proxy VAR,17,fx,4.045035289249232,2.2983374918933848,2.868077103976386,5.010950407541746,6.040735287073907,3,2005-04,2025-10,247,external instrument,VAR moving-average propagation,100 log response per100bp tightening,pointwise conditional90/68 intervals,identified_conditional,,,,,
p3,proxy VAR,18,brent,10.470492031693666,-0.6408245643561624,4.111675531992532,16.19738005252636,20.39294138164553,3,2005-04,2025-10,247,external instrument,VAR moving-average propagation,100 log response per100bp tightening,pointwise conditional90/68 intervals,identified_conditional,,,,,
p3,proxy VAR,18,vix,0.1022908983344815,0.0326004009277611,0.0576198878811366,0.1382506248017102,0.165477129622836,3,2005-04,2025-10,247,external instrument,VAR moving-average propagation,unscaled log response per100bp tightening,pointwise conditional90/68 intervals,identified_conditional,,,,,
p3,proxy VAR,18,activity,-0.9793148223444677,-2.49619881825808,-1.694167809097431,-0.1034993469075241,0.3057387069600153,3,2005-04,2025-10,247,external instrument,VAR moving-average propagation,100 log response per100bp tightening,pointwise conditional90/68 intervals,identified_conditional,,,,,
p3,proxy VAR,18,price,0.1401142479281437,-2.551392073424404,-1.093203078803807,1.329593377765024,1.9777278114757295,3,2005-04,2025-10,247,external instrument,VAR moving-average propagation,100 log response per100bp tightening,pointwise conditional90/68 intervals,identified_conditional,,,,,
p3,proxy VAR,18,policy,0.7881821948420428,0.1190928794168993,0.4400251338103769,1.1769508115605725,1.3507350004904082,3,2005-04,2025-10,247,external instrument,VAR moving-average propagation,pp response per100bp tightening,pointwise conditional90/68 intervals,identified_conditional,,,,,
p3,proxy VAR,18,fx,3.9692547989686857,2.393353824917767,2.892669853259787,4.8537240692854,5.7962217130749565,3,2005-04,2025-10,247,external instrument,VAR moving-average propagation,100 log response per100bp tightening,pointwise conditional90/68 intervals,identified_conditional,,,,,
p3,proxy VAR,19,brent,10.122233247148005,-0.4005300345212498,3.9520087100097463,15.624836769571932,19.77349010270182,3,2005-04,2025-10,247,external instrument,VAR moving-average propagation,100 log response per100bp tightening,pointwise conditional90/68 intervals,identified_conditional,,,,,
p3,proxy VAR,19,vix,0.1013096537584201,0.0367742705960919,0.0601253847466269,0.1341467437966586,0.1595456896805511,3,2005-04,2025-10,247,external instrument,VAR moving-average propagation,unscaled log response per100bp tightening,pointwise conditional90/68 intervals,identified_conditional,,,,,
p3,proxy VAR,19,activity,-1.024023105328434,-2.4366372852881812,-1.7237573037896812,-0.1689185278091633,0.2446730906634409,3,2005-04,2025-10,247,external instrument,VAR moving-average propagation,100 log response per100bp tightening,pointwise conditional90/68 intervals,identified_conditional,,,,,
p3,proxy VAR,19,price,0.1330694970093771,-2.5756777375944537,-1.1048514363549604,1.339054327510343,1.9815504993556392,3,2005-04,2025-10,247,external instrument,VAR moving-average propagation,100 log response per100bp tightening,pointwise conditional90/68 intervals,identified_conditional,,,,,
p3,proxy VAR,19,policy,0.7585133938329656,0.0862488740130284,0.4064757188348868,1.148505326403495,1.3174563164913458,3,2005-04,2025-10,247,external instrument,VAR moving-average propagation,pp response per100bp tightening,pointwise conditional90/68 intervals,identified_conditional,,,,,
p3,proxy VAR,19,fx,3.897110725738454,2.4498682640192677,2.8936333251896063,4.7074481605184815,5.564670582609073,3,2005-04,2025-10,247,external instrument,VAR moving-average propagation,100 log response per100bp tightening,pointwise conditional90/68 intervals,identified_conditional,,,,,
p3,proxy VAR,20,brent,9.810321793499888,-0.1865706294919831,4.124009734950943,14.961045453928136,19.140585045873173,3,2005-04,2025-10,247,external instrument,VAR moving-average propagation,100 log response per100bp tightening,pointwise conditional90/68 intervals,identified_conditional,,,,,
p3,proxy VAR,20,vix,0.0999214563325575,0.0407032106657483,0.062229511153526,0.1308112764748048,0.1532630592756984,3,2005-04,2025-10,247,external instrument,VAR moving-average propagation,unscaled log response per100bp tightening,pointwise conditional90/68 intervals,identified_conditional,,,,,
p3,proxy VAR,20,activity,-1.0601228576362904,-2.3843158920590013,-1.7470444484697925,-0.2325855979316114,0.188521126672677,3,2005-04,2025-10,247,external instrument,VAR moving-average propagation,100 log response per100bp tightening,pointwise conditional90/68 intervals,identified_conditional,,,,,
p3,proxy VAR,20,price,0.1253274809051339,-2.599225164401409,-1.1153472712513373,1.3319221015832816,1.978104575098115,3,2005-04,2025-10,247,external instrument,VAR moving-average propagation,100 log response per100bp tightening,pointwise conditional90/68 intervals,identified_conditional,,,,,
p3,proxy VAR,20,policy,0.729339914902509,0.0550918984527861,0.3749405573361842,1.1157227245837489,1.2789459397255392,3,2005-04,2025-10,247,external instrument,VAR moving-average propagation,pp response per100bp tightening,pointwise conditional90/68 intervals,identified_conditional,,,,,
p3,proxy VAR,20,fx,3.827439262763486,2.486659711242361,2.9136408922112693,4.570853295852283,5.373696032356095,3,2005-04,2025-10,247,external instrument,VAR moving-average propagation,100 log response per100bp tightening,pointwise conditional90/68 intervals,identified_conditional,,,,,
p3,proxy VAR,21,brent,9.527594371274429,-0.0368171555508375,4.006235210630192,14.424189220311824,18.370400822122537,3,2005-04,2025-10,247,external instrument,VAR moving-average propagation,100 log response per100bp tightening,pointwise conditional90/68 intervals,identified_conditional,,,,,
p3,proxy VAR,21,vix,0.0982359389630767,0.0421715403518874,0.0635407614694997,0.1268014920906394,0.1465724261559908,3,2005-04,2025-10,247,external instrument,VAR moving-average propagation,unscaled log response per100bp tightening,pointwise conditional90/68 intervals,identified_conditional,,,,,
p3,proxy VAR,21,activity,-1.088974167500527,-2.3822153473614014,-1.766196349583535,-0.2934907226687628,0.1404687252701069,3,2005-04,2025-10,247,external instrument,VAR moving-average propagation,100 log response per100bp tightening,pointwise conditional90/68 intervals,identified_conditional,,,,,
p3,proxy VAR,21,price,0.1169042722977852,-2.621515978171927,-1.1306757150571884,1.3112999407372756,1.9622353617117576,3,2005-04,2025-10,247,external instrument,VAR moving-average propagation,100 log response per100bp tightening,pointwise conditional90/68 intervals,identified_conditional,,,,,
p3,proxy VAR,21,policy,0.7006321333711008,0.0294988412346471,0.3462917407136325,1.083970401638438,1.2435238031106692,3,2005-04,2025-10,247,external instrument,VAR moving-average propagation,pp response per100bp tightening,pointwise conditional90/68 intervals,identified_conditional,,,,,
p3,proxy VAR,21,fx,3.759352281855497,2.4904144394234713,2.9208189704530465,4.460717578130827,5.136422829106869,3,2005-04,2025-10,247,external instrument,VAR moving-average propagation,100 log response per100bp tightening,pointwise conditional90/68 intervals,identified_conditional,,,,,
p3,proxy VAR,22,brent,9.268428385910138,0.079784124878611,4.031369750153623,13.883453663692825,17.714941915237745,3,2005-04,2025-10,247,external instrument,VAR moving-average propagation,100 log response per100bp tightening,pointwise conditional90/68 intervals,identified_conditional,,,,,
p3,proxy VAR,22,vix,0.0963361423582887,0.0436101924443344,0.0646502557523495,0.1225046703696259,0.1410927965237778,3,2005-04,2025-10,247,external instrument,VAR moving-average propagation,unscaled log response per100bp tightening,pointwise conditional90/68 intervals,identified_conditional,,,,,
p3,proxy VAR,22,activity,-1.1116884079934095,-2.3848467564660365,-1.765416345767723,-0.3404377876570831,0.0962904794776386,3,2005-04,2025-10,247,external instrument,VAR moving-average propagation,100 log response per100bp tightening,pointwise conditional90/68 intervals,identified_conditional,,,,,
p3,proxy VAR,22,price,0.1078340524291484,-2.6413744414484337,-1.1344051874884535,1.3008731451341673,1.9476313273666772,3,2005-04,2025-10,247,external instrument,VAR moving-average propagation,100 log response per100bp tightening,pointwise conditional90/68 intervals,identified_conditional,,,,,
p3,proxy VAR,22,policy,0.6723762375204146,0.0069306130524844,0.322141072262983,1.0539325634551404,1.2105458439188923,3,2005-04,2025-10,247,external instrument,VAR moving-average propagation,pp response per100bp tightening,pointwise conditional90/68 intervals,identified_conditional,,,,,
p3,proxy VAR,22,fx,3.6921830323539058,2.5538186073778184,2.928863813383488,4.337802227578252,4.945885310461859,3,2005-04,2025-10,247,external instrument,VAR moving-average propagation,100 log response per100bp tightening,pointwise conditional90/68 intervals,identified_conditional,,,,,
p3,proxy VAR,23,brent,9.028428570403015,0.2162330720178998,3.9726504951177497,13.469510426632432,17.121499294238813,3,2005-04,2025-10,247,external instrument,VAR moving-average propagation,100 log response per100bp tightening,pointwise conditional90/68 intervals,identified_conditional,,,,,
p3,proxy VAR,23,vix,0.0942852238849381,0.0443868717296991,0.0651647334055365,0.1193735803758605,0.1354586152474911,3,2005-04,2025-10,247,external instrument,VAR moving-average propagation,unscaled log response per100bp tightening,pointwise conditional90/68 intervals,identified_conditional,,,,,
p3,proxy VAR,23,activity,-1.1291760931324806,-2.378294014804462,-1.7621817031861726,-0.3694499549728585,0.0536721930805345,3,2005-04,2025-10,247,external instrument,VAR moving-average propagation,100 log response per100bp tightening,pointwise conditional90/68 intervals,identified_conditional,,,,,
p3,proxy VAR,23,price,0.0981639611849158,-2.6589228237751508,-1.1431672929375931,1.300022612299727,1.9364458062711256,3,2005-04,2025-10,247,external instrument,VAR moving-average propagation,100 log response per100bp tightening,pointwise conditional90/68 intervals,identified_conditional,,,,,
p3,proxy VAR,23,policy,0.6445699087654989,-0.0132705325499678,0.299743987914348,1.02455742111673,1.1768113906191562,3,2005-04,2025-10,247,external instrument,VAR moving-average propagation,pp response per100bp tightening,pointwise conditional90/68 intervals,identified_conditional,,,,,
p3,proxy VAR,23,fx,3.625439689493595,2.557816771900403,2.9352649883809026,4.198188656951207,4.727680716150139,3,2005-04,2025-10,247,external instrument,VAR moving-average propagation,100 log response per100bp tightening,pointwise conditional90/68 intervals,identified_conditional,,,,,
p3,proxy VAR,24,brent,8.80413905846586,0.3450942266789121,4.047295993715054,12.990723013675437,16.54574795378085,3,2005-04,2025-10,247,external instrument,VAR moving-average propagation,100 log response per100bp tightening,pointwise conditional90/68 intervals,identified_conditional,,,,,
p3,proxy VAR,24,vix,0.0921308773389766,0.0454695661331946,0.0650763888695869,0.1142456870311726,0.1301172411708532,3,2005-04,2025-10,247,external instrument,VAR moving-average propagation,unscaled log response per100bp tightening,pointwise conditional90/68 intervals,identified_conditional,,,,,
p3,proxy VAR,24,activity,-1.1421885418641038,-2.350412848288555,-1.7673617327623423,-0.4097499606360084,0.0068743565620591,3,2005-04,2025-10,247,external instrument,VAR moving-average propagation,100 log response per100bp tightening,pointwise conditional90/68 intervals,identified_conditional,,,,,
p3,proxy VAR,24,price,0.0879496909184658,-2.6744094661325124,-1.1513510249017869,1.2891516129639964,1.9246373600175963,3,2005-04,2025-10,247,external instrument,VAR moving-average propagation,100 log response per100bp tightening,pointwise conditional90/68 intervals,identified_conditional,,,,,
p3,proxy VAR,24,policy,0.6172190578015506,-0.0312886835013148,0.2757211248830198,0.9921508143970724,1.1448439111911153,3,2005-04,2025-10,247,external instrument,VAR moving-average propagation,pp response per100bp tightening,pointwise conditional90/68 intervals,identified_conditional,,,,,
p3,proxy VAR,24,fx,3.558767079462704,2.5936746557000276,2.932882356577103,4.1224160105741845,4.543685407708334,3,2005-04,2025-10,247,external instrument,VAR moving-average propagation,100 log response per100bp tightening,pointwise conditional90/68 intervals,identified_conditional,,,,,
p3,proxy VAR,25,brent,8.592831753546543,0.5833598391606779,4.044648262401529,12.538287013319446,15.985882932485715,3,2005-04,2025-10,247,external instrument,VAR moving-average propagation,100 log response per100bp tightening,pointwise conditional90/68 intervals,identified_conditional,,,,,
p3,proxy VAR,25,vix,0.0899088566855949,0.0467631498848336,0.0644636370374486,0.1112036891840045,0.1252926561454368,3,2005-04,2025-10,247,external instrument,VAR moving-average propagation,unscaled log response per100bp tightening,pointwise conditional90/68 intervals,identified_conditional,,,,,
p3,proxy VAR,25,activity,-1.1513484068041906,-2.305058512633951,-1.7554621380909512,-0.4441877701786593,-0.0398462453040546,3,2005-04,2025-10,247,external instrument,VAR moving-average propagation,100 log response per100bp tightening,pointwise conditional90/68 intervals,identified_conditional,,,,,
p3,proxy VAR,25,price,0.0772515592605668,-2.6864661820131452,-1.158750809029421,1.2833892711154924,1.9111629581517393,3,2005-04,2025-10,247,external instrument,VAR moving-average propagation,100 log response per100bp tightening,pointwise conditional90/68 intervals,identified_conditional,,,,,
p3,proxy VAR,25,policy,0.5903353232140853,-0.0472937584075998,0.2574679403176866,0.9607552517047008,1.1129946980286844,3,2005-04,2025-10,247,external instrument,VAR moving-average propagation,pp response per100bp tightening,pointwise conditional90/68 intervals,identified_conditional,,,,,
p3,proxy VAR,25,fx,3.4919177174878984,2.612401814270491,2.9088492450519055,4.000811106457557,4.350957796709661,3,2005-04,2025-10,247,external instrument,VAR moving-average propagation,100 log response per100bp tightening,pointwise conditional90/68 intervals,identified_conditional,,,,,
p3,proxy VAR,26,brent,8.392346854981533,0.7646968765962809,4.051627976328686,12.10959710598939,15.457878491277668,3,2005-04,2025-10,247,external instrument,VAR moving-average propagation,100 log response per100bp tightening,pointwise conditional90/68 intervals,identified_conditional,,,,,
p3,proxy VAR,26,vix,0.0876458522015731,0.0465345864338095,0.0644633868195486,0.107143645752998,0.1210150710601875,3,2005-04,2025-10,247,external instrument,VAR moving-average propagation,unscaled log response per100bp tightening,pointwise conditional90/68 intervals,identified_conditional,,,,,
p3,proxy VAR,26,activity,-1.157174131743456,-2.257945099315938,-1.7354968518537803,-0.4695418327099885,-0.0834854577885121,3,2005-04,2025-10,247,external instrument,VAR moving-average propagation,100 log response per100bp tightening,pointwise conditional90/68 intervals,identified_conditional,,,,,
p3,proxy VAR,26,price,0.0661319256635291,-2.693809027530611,-1.165646722061322,1.271262393057584,1.8962594825242336,3,2005-04,2025-10,247,external instrument,VAR moving-average propagation,100 log response per100bp tightening,pointwise conditional90/68 intervals,identified_conditional,,,,,
p3,proxy VAR,26,policy,0.5639340724057402,-0.0614429641757267,0.2381839836620312,0.9274865330173314,1.07904555421862,3,2005-04,2025-10,247,external instrument,VAR moving-average propagation,pp response per100bp tightening,pointwise conditional90/68 intervals,identified_conditional,,,,,
p3,proxy VAR,26,fx,3.4247286269261212,2.593660833252018,2.8925936068893896,3.887760936393412,4.211683441845312,3,2005-04,2025-10,247,external instrument,VAR moving-average propagation,100 log response per100bp tightening,pointwise conditional90/68 intervals,identified_conditional,,,,,
p3,proxy VAR,27,brent,8.200964181414491,0.9561149134945984,4.059169274809737,11.759301007007949,14.91209750394553,3,2005-04,2025-10,247,external instrument,VAR moving-average propagation,100 log response per100bp tightening,pointwise conditional90/68 intervals,identified_conditional,,,,,
p3,proxy VAR,27,vix,0.0853616306819432,0.0445493257130006,0.0626881787321505,0.1046395434924637,0.1163537905509538,3,2005-04,2025-10,247,external instrument,VAR moving-average propagation,unscaled log response per100bp tightening,pointwise conditional90/68 intervals,identified_conditional,,,,,
p3,proxy VAR,27,activity,-1.1600999345293852,-2.210797436831779,-1.729754891813256,-0.4905068874091189,-0.1243121382644711,3,2005-04,2025-10,247,external instrument,VAR moving-average propagation,100 log response per100bp tightening,pointwise conditional90/68 intervals,identified_conditional,,,,,
p3,proxy VAR,27,price,0.0546532213402169,-2.700864572756392,-1.173074325423899,1.2650785499469483,1.8801464050426464,3,2005-04,2025-10,247,external instrument,VAR moving-average propagation,100 log response per100bp tightening,pointwise conditional90/68 intervals,identified_conditional,,,,,
p3,proxy VAR,27,policy,0.5380328651037154,-0.0738819869697139,0.2167634012245656,0.8938170538885833,1.0367969292623964,3,2005-04,2025-10,247,external instrument,VAR moving-average propagation,pp response per100bp tightening,pointwise conditional90/68 intervals,identified_conditional,,,,,
p3,proxy VAR,27,fx,3.35710286444457,2.565287129529403,2.86670333674486,3.763421417828804,4.098376773661398,3,2005-04,2025-10,247,external instrument,VAR moving-average propagation,100 log response per100bp tightening,pointwise conditional90/68 intervals,identified_conditional,,,,,
p3,proxy VAR,28,brent,8.01730500857827,1.1422275356263574,4.075797635891277,11.426030580609638,14.389371040600754,3,2005-04,2025-10,247,external instrument,VAR moving-average propagation,100 log response per100bp tightening,pointwise conditional90/68 intervals,identified_conditional,,,,,
p3,proxy VAR,28,vix,0.083070706103225,0.0419153149573017,0.0623001244327641,0.1014406958509171,0.1123791577542775,3,2005-04,2025-10,247,external instrument,VAR moving-average propagation,unscaled log response per100bp tightening,pointwise conditional90/68 intervals,identified_conditional,,,,,
p3,proxy VAR,28,activity,-1.1604915238186797,-2.1652130369877405,-1.716694238691041,-0.5081599030811854,-0.1610943237175659,3,2005-04,2025-10,247,external instrument,VAR moving-average propagation,100 log response per100bp tightening,pointwise conditional90/68 intervals,identified_conditional,,,,,
p3,proxy VAR,28,price,0.0428764692286156,-2.708482983242735,-1.1895465128929867,1.2456696168821368,1.8630256976090356,3,2005-04,2025-10,247,external instrument,VAR moving-average propagation,100 log response per100bp tightening,pointwise conditional90/68 intervals,identified_conditional,,,,,
p3,proxy VAR,28,policy,0.5126502782180957,-0.0852757118883996,0.1922876309965845,0.8621154129295929,0.9986096367194016,3,2005-04,2025-10,247,external instrument,VAR moving-average propagation,pp response per100bp tightening,pointwise conditional90/68 intervals,identified_conditional,,,,,
p3,proxy VAR,28,fx,3.2889949724052707,2.539236722326981,2.8557657531648,3.6682017440377455,4.00205433754394,3,2005-04,2025-10,247,external instrument,VAR moving-average propagation,100 log response per100bp tightening,pointwise conditional90/68 intervals,identified_conditional,,,,,
p3,proxy VAR,29,brent,7.840256861736254,1.3297355504808115,4.094888890194457,11.068686570654627,13.896536405021996,3,2005-04,2025-10,247,external instrument,VAR moving-average propagation,100 log response per100bp tightening,pointwise conditional90/68 intervals,identified_conditional,,,,,
p3,proxy VAR,29,vix,0.080783645960692,0.0407955575102171,0.0605436529498129,0.0980271491253781,0.1096205329960046,3,2005-04,2025-10,247,external instrument,VAR moving-average propagation,unscaled log response per100bp tightening,pointwise conditional90/68 intervals,identified_conditional,,,,,
p3,proxy VAR,29,activity,-1.1586586849020393,-2.118324464276343,-1.6916550998329345,-0.5287193502362819,-0.1946227075155047,3,2005-04,2025-10,247,external instrument,VAR moving-average propagation,100 log response per100bp tightening,pointwise conditional90/68 intervals,identified_conditional,,,,,
p3,proxy VAR,29,price,0.0308602797852203,-2.7152654501317808,-1.2057405649747623,1.2255503918127872,1.845082130737637,3,2005-04,2025-10,247,external instrument,VAR moving-average propagation,100 log response per100bp tightening,pointwise conditional90/68 intervals,identified_conditional,,,,,
p3,proxy VAR,29,policy,0.4878050069395842,-0.0959721967758587,0.1796006162951391,0.8261861560653301,0.9623795240658586,3,2005-04,2025-10,247,external instrument,VAR moving-average propagation,pp response per100bp tightening,pointwise conditional90/68 intervals,identified_conditional,,,,,
p3,proxy VAR,29,fx,3.2203993486036766,2.520236756575918,2.8035265841816175,3.571280637346735,3.89254786984108,3,2005-04,2025-10,247,external instrument,VAR moving-average propagation,100 log response per100bp tightening,pointwise conditional90/68 intervals,identified_conditional,,,,,
p3,proxy VAR,30,brent,7.668915110224843,1.5043668891924369,4.124631510340988,10.742414177053435,13.409555138284734,3,2005-04,2025-10,247,external instrument,VAR moving-average propagation,100 log response per100bp tightening,pointwise conditional90/68 intervals,identified_conditional,,,,,
p3,proxy VAR,30,vix,0.078508068328479,0.0397328036883231,0.0593422411950173,0.0955223129831163,0.1063861604397391,3,2005-04,2025-10,247,external instrument,VAR moving-average propagation,unscaled log response per100bp tightening,pointwise conditional90/68 intervals,identified_conditional,,,,,
p3,proxy VAR,30,activity,-1.1548654001450522,-2.0753760813344875,-1.6731080303351873,-0.5469155184256312,-0.2253401694924298,3,2005-04,2025-10,247,external instrument,VAR moving-average propagation,100 log response per100bp tightening,pointwise conditional90/68 intervals,identified_conditional,,,,,
p3,proxy VAR,30,price,0.0186601620805841,-2.7213288494183994,-1.2215628468144624,1.2046551293368073,1.8264837878455,3,2005-04,2025-10,247,external instrument,VAR moving-average propagation,100 log response per100bp tightening,pointwise conditional90/68 intervals,identified_conditional,,,,,
p3,proxy VAR,30,policy,0.4635151906778965,-0.105302349013057,0.1680724624382106,0.7917443835647329,0.9273004361275008,3,2005-04,2025-10,247,external instrument,VAR moving-average propagation,pp response per100bp tightening,pointwise conditional90/68 intervals,identified_conditional,,,,,
p3,proxy VAR,30,fx,3.1513409569696496,2.5008698588371345,2.7514624698330254,3.4919121768216854,3.7839123331098743,3,2005-04,2025-10,247,external instrument,VAR moving-average propagation,100 log response per100bp tightening,pointwise conditional90/68 intervals,identified_conditional,,,,,
p3,proxy VAR,31,brent,7.502538198535442,1.6633243726806342,4.141394220825185,10.421856486787112,12.929159896232056,3,2005-04,2025-10,247,external instrument,VAR moving-average propagation,100 log response per100bp tightening,pointwise conditional90/68 intervals,identified_conditional,,,,,
p3,proxy VAR,31,vix,0.0762494087593243,0.0382301089572259,0.0586743547320927,0.0926929876506341,0.1031789039789411,3,2005-04,2025-10,247,external instrument,VAR moving-average propagation,unscaled log response per100bp tightening,pointwise conditional90/68 intervals,identified_conditional,,,,,
p3,proxy VAR,31,activity,-1.1493379527919472,-2.028847341211513,-1.640628783295089,-0.5667366534529178,-0.2566929342834199,3,2005-04,2025-10,247,external instrument,VAR moving-average propagation,100 log response per100bp tightening,pointwise conditional90/68 intervals,identified_conditional,,,,,
p3,proxy VAR,31,price,0.0063280777113131,-2.726776842232054,-1.2265987459267915,1.1907712773999155,1.80738274681191,3,2005-04,2025-10,247,external instrument,VAR moving-average propagation,100 log response per100bp tightening,pointwise conditional90/68 intervals,identified_conditional,,,,,
p3,proxy VAR,31,policy,0.439797915747889,-0.1133702965207992,0.1474953574565786,0.7594040281066192,0.8923953184638316,3,2005-04,2025-10,247,external instrument,VAR moving-average propagation,pp response per100bp tightening,pointwise conditional90/68 intervals,identified_conditional,,,,,
p3,proxy VAR,31,fx,3.0818679264477984,2.4753541602251397,2.689618402188998,3.40543122246414,3.694405192429005,3,2005-04,2025-10,247,external instrument,VAR moving-average propagation,100 log response per100bp tightening,pointwise conditional90/68 intervals,identified_conditional,,,,,
p3,proxy VAR,32,brent,7.340513274369829,1.8070676823381275,4.159196937826023,10.106986488885552,12.456077238304989,3,2005-04,2025-10,247,external instrument,VAR moving-average propagation,100 log response per100bp tightening,pointwise conditional90/68 intervals,identified_conditional,,,,,
p3,proxy VAR,32,vix,0.0740115077070521,0.0350921668969607,0.056374364323822,0.0906765634700822,0.100577564736855,3,2005-04,2025-10,247,external instrument,VAR moving-average propagation,unscaled log response per100bp tightening,pointwise conditional90/68 intervals,identified_conditional,,,,,
p3,proxy VAR,32,activity,-1.1422714681554584,-1.9774618408123992,-1.618219185949708,-0.5850263728249012,-0.2869821129593669,3,2005-04,2025-10,247,external instrument,VAR moving-average propagation,100 log response per100bp tightening,pointwise conditional90/68 intervals,identified_conditional,,,,,
p3,proxy VAR,32,price,-0.0060878106777653,-2.7317010574061955,-1.2314443507592352,1.177615861845528,1.787915882155016,3,2005-04,2025-10,247,external instrument,VAR moving-average propagation,100 log response per100bp tightening,pointwise conditional90/68 intervals,identified_conditional,,,,,
p3,proxy VAR,32,policy,0.4166688568319343,-0.1210891024472166,0.1330072087877421,0.7289926783389468,0.8576830123356288,3,2005-04,2025-10,247,external instrument,VAR moving-average propagation,pp response per100bp tightening,pointwise conditional90/68 intervals,identified_conditional,,,,,
p3,proxy VAR,32,fx,3.0120456332044245,2.4273456235286694,2.619821323364696,3.3271431607134945,3.593591430073302,3,2005-04,2025-10,247,external instrument,VAR moving-average propagation,100 log response per100bp tightening,pointwise conditional90/68 intervals,identified_conditional,,,,,
p3,proxy VAR,33,brent,7.182329730457061,1.948934712976332,4.175343617892736,9.79754382048132,11.99099965658485,3,2005-04,2025-10,247,external instrument,VAR moving-average propagation,100 log response per100bp tightening,pointwise conditional90/68 intervals,identified_conditional,,,,,
p3,proxy VAR,33,vix,0.0717970558646031,0.0335664036625251,0.0531070483345462,0.0888124728097247,0.0987138261447253,3,2005-04,2025-10,247,external instrument,VAR moving-average propagation,unscaled log response per100bp tightening,pointwise conditional90/68 intervals,identified_conditional,,,,,
p3,proxy VAR,33,activity,-1.133835214168088,-1.9161213785020457,-1.5950447882847985,-0.59900030865721,-0.3146486085754174,3,2005-04,2025-10,247,external instrument,VAR moving-average propagation,100 log response per100bp tightening,pointwise conditional90/68 intervals,identified_conditional,,,,,
p3,proxy VAR,33,price,-0.0185432492212174,-2.736182188535121,-1.2361292353235842,1.1641178850772849,1.768205738165011,3,2005-04,2025-10,247,external instrument,VAR moving-average propagation,100 log response per100bp tightening,pointwise conditional90/68 intervals,identified_conditional,,,,,
p3,proxy VAR,33,policy,0.3941420288311049,-0.1288916659015972,0.1238777080410173,0.6979117293182736,0.8237688108639059,3,2005-04,2025-10,247,external instrument,VAR moving-average propagation,pp response per100bp tightening,pointwise conditional90/68 intervals,identified_conditional,,,,,
p3,proxy VAR,33,fx,2.9419519671036087,2.3710279146451563,2.558529822245308,3.2423532068202485,3.4873877685496693,3,2005-04,2025-10,247,external instrument,VAR moving-average propagation,100 log response per100bp tightening,pointwise conditional90/68 intervals,identified_conditional,,,,,
p3,proxy VAR,34,brent,7.0275589093013,2.092417161274911,4.19155809463509,9.51499001533131,11.534566851367476,3,2005-04,2025-10,247,external instrument,VAR moving-average propagation,100 log response per100bp tightening,pointwise conditional90/68 intervals,identified_conditional,,,,,
p3,proxy VAR,34,vix,0.0696079304674267,0.0315972555259347,0.0508800349686153,0.0873475318438862,0.0963860738285418,3,2005-04,2025-10,247,external instrument,VAR moving-average propagation,unscaled log response per100bp tightening,pointwise conditional90/68 intervals,identified_conditional,,,,,
p3,proxy VAR,34,activity,-1.1241769044113714,-1.8786794687870232,-1.5621808875973198,-0.6119522908787882,-0.340286152911962,3,2005-04,2025-10,247,external instrument,VAR moving-average propagation,100 log response per100bp tightening,pointwise conditional90/68 intervals,identified_conditional,,,,,
p3,proxy VAR,34,price,-0.0309978966266226,-2.740291011683438,-1.2406793624026355,1.1503611910875295,1.7483614436220407,3,2005-04,2025-10,247,external instrument,VAR moving-average propagation,100 log response per100bp tightening,pointwise conditional90/68 intervals,identified_conditional,,,,,
p3,proxy VAR,34,policy,0.3722296256354421,-0.1356808763558167,0.1155599795206006,0.6660015566222346,0.7891884358497819,3,2005-04,2025-10,247,external instrument,VAR moving-average propagation,pp response per100bp tightening,pointwise conditional90/68 intervals,identified_conditional,,,,,
p3,proxy VAR,34,fx,2.871673545624299,2.3172302224146226,2.5053737039855912,3.1631394930840964,3.398268167496513,3,2005-04,2025-10,247,external instrument,VAR moving-average propagation,100 log response per100bp tightening,pointwise conditional90/68 intervals,identified_conditional,,,,,
p3,proxy VAR,35,brent,6.875838522951572,2.2212669281560222,4.2076808646210555,9.236060220970552,11.087353978003051,3,2005-04,2025-10,247,external instrument,VAR moving-average propagation,100 log response per100bp tightening,pointwise conditional90/68 intervals,identified_conditional,,,,,
p3,proxy VAR,35,vix,0.0674454471025002,0.0301356714575692,0.047842593209454,0.0855406322591533,0.0945987279422352,3,2005-04,2025-10,247,external instrument,VAR moving-average propagation,unscaled log response per100bp tightening,pointwise conditional90/68 intervals,identified_conditional,,,,,
p3,proxy VAR,35,activity,-1.1134262065259826,-1.8364978134788157,-1.531888077075649,-0.6229174738388438,-0.3592165010113509,3,2005-04,2025-10,247,external instrument,VAR moving-average propagation,100 log response per100bp tightening,pointwise conditional90/68 intervals,identified_conditional,,,,,
p3,proxy VAR,35,price,-0.0434152492446274,-2.744089327571829,-1.2451174601008024,1.1364220677386687,1.7284796438702776,3,2005-04,2025-10,247,external instrument,VAR moving-average propagation,100 log response per100bp tightening,pointwise conditional90/68 intervals,identified_conditional,,,,,
p3,proxy VAR,35,policy,0.3509419270740367,-0.1415284708890053,0.1003339424682293,0.6355946691850799,0.753888622444416,3,2005-04,2025-10,247,external instrument,VAR moving-average propagation,pp response per100bp tightening,pointwise conditional90/68 intervals,identified_conditional,,,,,
p3,proxy VAR,35,fx,2.801302683919379,2.2633981673886816,2.4552277481516467,3.0924428796974404,3.298009467933388,3,2005-04,2025-10,247,external instrument,VAR moving-average propagation,100 log response per100bp tightening,pointwise conditional90/68 intervals,identified_conditional,,,,,
p3,proxy VAR,36,brent,6.726860668129982,2.33900105686008,4.211900439370051,8.977289167684031,10.658046770454105,3,2005-04,2025-10,247,external instrument,VAR moving-average propagation,100 log response per100bp tightening,pointwise conditional90/68 intervals,identified_conditional,,,,,
p3,proxy VAR,36,vix,0.0653105460052067,0.0279151297969736,0.0456344911658825,0.0840922159266759,0.0926316837762171,3,2005-04,2025-10,247,external instrument,VAR moving-average propagation,unscaled log response per100bp tightening,pointwise conditional90/68 intervals,identified_conditional,,,,,
p3,proxy VAR,36,activity,-1.1016976134251832,-1.794024449629092,-1.5073722785946289,-0.63469276809796,-0.3785822937365372,3,2005-04,2025-10,247,external instrument,VAR moving-average propagation,100 log response per100bp tightening,pointwise conditional90/68 intervals,identified_conditional,,,,,
p3,proxy VAR,36,price,-0.055762510333076,-2.7476308345592932,-1.2494633484871511,1.1239866461084802,1.7086454302550154,3,2005-04,2025-10,247,external instrument,VAR moving-average propagation,100 log response per100bp tightening,pointwise conditional90/68 intervals,identified_conditional,,,,,
p3,proxy VAR,36,policy,0.3302872592295655,-0.1465013249609517,0.0884934675635822,0.603629907751342,0.7196918222255364,3,2005-04,2025-10,247,external instrument,VAR moving-average propagation,pp response per100bp tightening,pointwise conditional90/68 intervals,identified_conditional,,,,,
p3,proxy VAR,36,fx,2.730934972272453,2.216711739582738,2.4088113389900725,3.0330098630587923,3.2230003388593964,3,2005-04,2025-10,247,external instrument,VAR moving-average propagation,100 log response per100bp tightening,pointwise conditional90/68 intervals,identified_conditional,,,,,
p7,recursive VAR,0,brent,0.0,0.0,0.0,0.0,0.0,7,2005-04,2025-10,247,recursive Cholesky,VAR moving-average propagation,100 log response per100bp tightening,pointwise90/68 intervals,estimated,,,,,
p7,recursive VAR,0,vix,0.0,0.0,0.0,0.0,0.0,7,2005-04,2025-10,247,recursive Cholesky,VAR moving-average propagation,unscaled log response per100bp tightening,pointwise90/68 intervals,estimated,,,,,
p7,recursive VAR,0,activity,0.0,0.0,0.0,0.0,0.0,7,2005-04,2025-10,247,recursive Cholesky,VAR moving-average propagation,100 log response per100bp tightening,pointwise90/68 intervals,estimated,,,,,
p7,recursive VAR,0,price,0.0,0.0,0.0,0.0,0.0,7,2005-04,2025-10,247,recursive Cholesky,VAR moving-average propagation,100 log response per100bp tightening,pointwise90/68 intervals,estimated,,,,,
p7,recursive VAR,0,policy,1.0,1.0,1.0,1.0,1.0,7,2005-04,2025-10,247,recursive Cholesky,VAR moving-average propagation,pp response per100bp tightening,pointwise90/68 intervals,estimated,,,,,
p7,recursive VAR,0,fx,3.750147219986738,2.1988658754522623,2.9287458040048047,4.8299736448947685,5.419635133710175,7,2005-04,2025-10,247,recursive Cholesky,VAR moving-average propagation,100 log response per100bp tightening,pointwise90/68 intervals,estimated,,,,,
p7,recursive VAR,1,brent,7.1180352008311045,-0.8175987036708684,2.287943614494389,11.989743707661669,14.91999918872946,7,2005-04,2025-10,247,recursive Cholesky,VAR moving-average propagation,100 log response per100bp tightening,pointwise90/68 intervals,estimated,,,,,
p7,recursive VAR,1,vix,0.0929867346093321,-0.049278461404012,0.0057152793476912,0.1842680036528758,0.2352106986955987,7,2005-04,2025-10,247,recursive Cholesky,VAR moving-average propagation,unscaled log response per100bp tightening,pointwise90/68 intervals,estimated,,,,,
p7,recursive VAR,1,activity,0.0618228479964731,-1.4066611695785975,-0.8535923320919404,1.057755336990145,1.5969316402968148,7,2005-04,2025-10,247,recursive Cholesky,VAR moving-average propagation,100 log response per100bp tightening,pointwise90/68 intervals,estimated,,,,,
p7,recursive VAR,1,price,0.2586377755337817,0.0450460490761288,0.123077770660578,0.3747584993165918,0.4522586048623287,7,2005-04,2025-10,247,recursive Cholesky,VAR moving-average propagation,100 log response per100bp tightening,pointwise90/68 intervals,estimated,,,,,
p7,recursive VAR,1,policy,1.1698652137365046,1.025763204865171,1.064777079551377,1.218141221319007,1.271231680726435,7,2005-04,2025-10,247,recursive Cholesky,VAR moving-average propagation,pp response per100bp tightening,pointwise90/68 intervals,estimated,,,,,
p7,recursive VAR,1,fx,5.012821317517407,2.480727810906463,3.2865736928878406,6.641407376938391,7.541200012571628,7,2005-04,2025-10,247,recursive Cholesky,VAR moving-average propagation,100 log response per100bp tightening,pointwise90/68 intervals,estimated,,,,,
p7,recursive VAR,2,brent,12.301440463419627,-0.5962806241791727,5.0900995099780415,19.525077212532683,23.99418599949784,7,2005-04,2025-10,247,recursive Cholesky,VAR moving-average propagation,100 log response per100bp tightening,pointwise90/68 intervals,estimated,,,,,
p7,recursive VAR,2,vix,-0.0284901550049597,-0.2118516211700354,-0.1531314813307428,0.0717303820747506,0.1514988978410438,7,2005-04,2025-10,247,recursive Cholesky,VAR moving-average propagation,unscaled log response per100bp tightening,pointwise90/68 intervals,estimated,,,,,
p7,recursive VAR,2,activity,0.9731714117710184,-1.398147158138818,-0.3386617715314953,2.305273619223333,3.07247575347134,7,2005-04,2025-10,247,recursive Cholesky,VAR moving-average propagation,100 log response per100bp tightening,pointwise90/68 intervals,estimated,,,,,
p7,recursive VAR,2,price,0.1895767360676699,-0.1686893633644842,-0.0248874578323636,0.3648845272233022,0.4767649559094994,7,2005-04,2025-10,247,recursive Cholesky,VAR moving-average propagation,100 log response per100bp tightening,pointwise90/68 intervals,estimated,,,,,
p7,recursive VAR,2,policy,1.18904328214486,0.951723667103846,1.0229701388312036,1.2724037796581058,1.3351381332087613,7,2005-04,2025-10,247,recursive Cholesky,VAR moving-average propagation,pp response per100bp tightening,pointwise90/68 intervals,estimated,,,,,
p7,recursive VAR,2,fx,3.6304039945601687,0.375050451835733,1.4414950191966334,5.473425988136867,6.585630319572009,7,2005-04,2025-10,247,recursive Cholesky,VAR moving-average propagation,100 log response per100bp tightening,pointwise90/68 intervals,estimated,,,,,
p7,recursive VAR,3,brent,5.8788548771811815,-9.457688093839105,-4.0034253577353,14.488131904727204,20.3096262440618,7,2005-04,2025-10,247,recursive Cholesky,VAR moving-average propagation,100 log response per100bp tightening,pointwise90/68 intervals,estimated,,,,,
p7,recursive VAR,3,vix,0.0639095742871407,-0.156955929176825,-0.0755593504404793,0.1720709876697518,0.2512251175955065,7,2005-04,2025-10,247,recursive Cholesky,VAR moving-average propagation,unscaled log response per100bp tightening,pointwise90/68 intervals,estimated,,,,,
p7,recursive VAR,3,activity,1.900693541572644,-0.8328670576452952,0.331301330063127,3.389687116886909,4.389318039059534,7,2005-04,2025-10,247,recursive Cholesky,VAR moving-average propagation,100 log response per100bp tightening,pointwise90/68 intervals,estimated,,,,,
p7,recursive VAR,3,price,-0.0782781827884072,-0.5447937829354236,-0.3618449455732561,0.1248768138820352,0.3183690182081329,7,2005-04,2025-10,247,recursive Cholesky,VAR moving-average propagation,100 log response per100bp tightening,pointwise90/68 intervals,estimated,,,,,
p7,recursive VAR,3,policy,1.1636578729341995,0.8442547408319809,0.9560587390911434,1.2491983796459865,1.346455252110568,7,2005-04,2025-10,247,recursive Cholesky,VAR moving-average propagation,pp response per100bp tightening,pointwise90/68 intervals,estimated,,,,,
p7,recursive VAR,3,fx,4.272921637047664,0.7145213033656251,1.8219540730182355,6.352931042108857,7.570825282076715,7,2005-04,2025-10,247,recursive Cholesky,VAR moving-average propagation,100 log response per100bp tightening,pointwise90/68 intervals,estimated,,,,,
p7,recursive VAR,4,brent,-0.0177110366767006,-16.97624725082777,-10.455003489741657,10.630120553918257,16.883561309997166,7,2005-04,2025-10,247,recursive Cholesky,VAR moving-average propagation,100 log response per100bp tightening,pointwise90/68 intervals,estimated,,,,,
p7,recursive VAR,4,vix,0.1022138433233172,-0.1332875563201748,-0.0383068270123579,0.2053258002210347,0.3095540385948088,7,2005-04,2025-10,247,recursive Cholesky,VAR moving-average propagation,unscaled log response per100bp tightening,pointwise90/68 intervals,estimated,,,,,
p7,recursive VAR,4,activity,3.189112274568032,0.7098145531837308,1.7488619816526838,4.9732891399774,6.3654134334239805,7,2005-04,2025-10,247,recursive Cholesky,VAR moving-average propagation,100 log response per100bp tightening,pointwise90/68 intervals,estimated,,,,,
p7,recursive VAR,4,price,-0.1667977395935095,-0.7169394341542091,-0.4881431872834173,0.0988480499782669,0.2998647007691853,7,2005-04,2025-10,247,recursive Cholesky,VAR moving-average propagation,100 log response per100bp tightening,pointwise90/68 intervals,estimated,,,,,
p7,recursive VAR,4,policy,1.1089102254248084,0.744725754149096,0.8463664267600199,1.191343738873747,1.2963559691775357,7,2005-04,2025-10,247,recursive Cholesky,VAR moving-average propagation,pp response per100bp tightening,pointwise90/68 intervals,estimated,,,,,
p7,recursive VAR,4,fx,3.4370469911561576,-0.6726680640279876,0.8519806801420357,5.928572690442186,7.122103374844539,7,2005-04,2025-10,247,recursive Cholesky,VAR moving-average propagation,100 log response per100bp tightening,pointwise90/68 intervals,estimated,,,,,
p7,recursive VAR,5,brent,-3.9164994295121343,-21.603955643149288,-13.405575260363308,7.751273826113653,14.661358513931466,7,2005-04,2025-10,247,recursive Cholesky,VAR moving-average propagation,100 log response per100bp tightening,pointwise90/68 intervals,estimated,,,,,
p7,recursive VAR,5,vix,0.1604506407707541,-0.0774165096797683,0.0163333410127768,0.2622305507833349,0.3469479923613339,7,2005-04,2025-10,247,recursive Cholesky,VAR moving-average propagation,unscaled log response per100bp tightening,pointwise90/68 intervals,estimated,,,,,
p7,recursive VAR,5,activity,3.3471477004033043,0.6790517337646838,1.8229120528970328,5.27849233253641,6.668696930259278,7,2005-04,2025-10,247,recursive Cholesky,VAR moving-average propagation,100 log response per100bp tightening,pointwise90/68 intervals,estimated,,,,,
p7,recursive VAR,5,price,0.0005660477049517,-0.6400224806686376,-0.4208785652113561,0.3082451158872024,0.5354346844229514,7,2005-04,2025-10,247,recursive Cholesky,VAR moving-average propagation,100 log response per100bp tightening,pointwise90/68 intervals,estimated,,,,,
p7,recursive VAR,5,policy,0.963646057253057,0.5533348006515476,0.6831449011590228,1.0461072190727685,1.1905052915353322,7,2005-04,2025-10,247,recursive Cholesky,VAR moving-average propagation,pp response per100bp tightening,pointwise90/68 intervals,estimated,,,,,
p7,recursive VAR,5,fx,2.0379331968655707,-2.312565982055189,-0.5141517405320317,4.5079136983455586,6.09270783080761,7,2005-04,2025-10,247,recursive Cholesky,VAR moving-average propagation,100 log response per100bp tightening,pointwise90/68 intervals,estimated,,,,,
p7,recursive VAR,6,brent,-9.7298833645092,-27.953134306530988,-18.95593633247046,1.5382530671596943,8.738873147399056,7,2005-04,2025-10,247,recursive Cholesky,VAR moving-average propagation,100 log response per100bp tightening,pointwise90/68 intervals,estimated,,,,,
p7,recursive VAR,6,vix,0.3169988027275737,0.0904298004300723,0.168521150041501,0.3924602366296655,0.4789989420376889,7,2005-04,2025-10,247,recursive Cholesky,VAR moving-average propagation,unscaled log response per100bp tightening,pointwise90/68 intervals,estimated,,,,,
p7,recursive VAR,6,activity,1.8874830211168696,-0.8729969000158918,0.2217892588770034,3.561586064394041,5.121628109261511,7,2005-04,2025-10,247,recursive Cholesky,VAR moving-average propagation,100 log response per100bp tightening,pointwise90/68 intervals,estimated,,,,,
p7,recursive VAR,6,price,-0.0947960982807859,-0.8127633761401499,-0.5319515048887712,0.2765950178891201,0.5041217126005202,7,2005-04,2025-10,247,recursive Cholesky,VAR moving-average propagation,100 log response per100bp tightening,pointwise90/68 intervals,estimated,,,,,
p7,recursive VAR,6,policy,0.811648111784829,0.3961945310669663,0.5193559694756189,0.9001166992403303,1.0420402591888964,7,2005-04,2025-10,247,recursive Cholesky,VAR moving-average propagation,pp response per100bp tightening,pointwise90/68 intervals,estimated,,,,,
p7,recursive VAR,6,fx,2.218954373148484,-2.1838719873142027,-0.3992456821335655,4.707748283016086,6.460218933399625,7,2005-04,2025-10,247,recursive Cholesky,VAR moving-average propagation,100 log response per100bp tightening,pointwise90/68 intervals,estimated,,,,,
p7,recursive VAR,7,brent,-12.24762103749863,-30.44689479304988,-23.08068727164805,-0.3984612280852603,6.9126222533469805,7,2005-04,2025-10,247,recursive Cholesky,VAR moving-average propagation,100 log response per100bp tightening,pointwise90/68 intervals,estimated,,,,,
p7,recursive VAR,7,vix,0.3130870353247671,0.0736544936660617,0.1556766550653863,0.3830449744920572,0.4555177721618028,7,2005-04,2025-10,247,recursive Cholesky,VAR moving-average propagation,unscaled log response per100bp tightening,pointwise90/68 intervals,estimated,,,,,
p7,recursive VAR,7,activity,0.2514106474233944,-2.3592623653511846,-1.4824045294870454,1.7761253698772237,3.1182964995234888,7,2005-04,2025-10,247,recursive Cholesky,VAR moving-average propagation,100 log response per100bp tightening,pointwise90/68 intervals,estimated,,,,,
p7,recursive VAR,7,price,-0.0354585752079036,-0.8369443600451523,-0.5617522103038266,0.3380778618608956,0.6462915606785224,7,2005-04,2025-10,247,recursive Cholesky,VAR moving-average propagation,100 log response per100bp tightening,pointwise90/68 intervals,estimated,,,,,
p7,recursive VAR,7,policy,0.6971756940307109,0.2801412430409641,0.4003941467755957,0.8101170826759028,0.9758688314781117,7,2005-04,2025-10,247,recursive Cholesky,VAR moving-average propagation,pp response per100bp tightening,pointwise90/68 intervals,estimated,,,,,
p7,recursive VAR,7,fx,2.121786151648896,-2.3244767471891636,-0.4839049475578523,4.5947793979061755,6.272614139436913,7,2005-04,2025-10,247,recursive Cholesky,VAR moving-average propagation,100 log response per100bp tightening,pointwise90/68 intervals,estimated,,,,,
p7,recursive VAR,8,brent,-11.786380357073105,-31.558528709413395,-22.74003907682657,0.7494810936934555,6.748319500727274,7,2005-04,2025-10,247,recursive Cholesky,VAR moving-average propagation,100 log response per100bp tightening,pointwise90/68 intervals,estimated,,,,,
p7,recursive VAR,8,vix,0.2811986412443762,0.0761259442024572,0.1342928652161129,0.3398192841147895,0.4210567696065213,7,2005-04,2025-10,247,recursive Cholesky,VAR moving-average propagation,unscaled log response per100bp tightening,pointwise90/68 intervals,estimated,,,,,
p7,recursive VAR,8,activity,0.4220374619929017,-2.365553943594606,-1.2557304495925312,1.8151006303634392,3.157724629169129,7,2005-04,2025-10,247,recursive Cholesky,VAR moving-average propagation,100 log response per100bp tightening,pointwise90/68 intervals,estimated,,,,,
p7,recursive VAR,8,price,-0.0576923245130351,-0.9736934412379584,-0.6508928718183262,0.3904892266069961,0.6828860187270164,7,2005-04,2025-10,247,recursive Cholesky,VAR moving-average propagation,100 log response per100bp tightening,pointwise90/68 intervals,estimated,,,,,
p7,recursive VAR,8,policy,0.6512452567207057,0.2018795702086841,0.342139305630048,0.7653428899257738,0.9462388213288642,7,2005-04,2025-10,247,recursive Cholesky,VAR moving-average propagation,pp response per100bp tightening,pointwise90/68 intervals,estimated,,,,,
p7,recursive VAR,8,fx,2.0922006666794064,-2.185304732353189,-0.3266581293428323,4.444885802763045,6.1573935846245496,7,2005-04,2025-10,247,recursive Cholesky,VAR moving-average propagation,100 log response per100bp tightening,pointwise90/68 intervals,estimated,,,,,
p7,recursive VAR,9,brent,-7.157822839122397,-25.92692129317493,-17.289922631694196,4.606295932933222,10.788144775337168,7,2005-04,2025-10,247,recursive Cholesky,VAR moving-average propagation,100 log response per100bp tightening,pointwise90/68 intervals,estimated,,,,,
p7,recursive VAR,9,vix,0.2373300027919154,0.0408054365157048,0.0931819887734912,0.2922551105393099,0.3781765177348734,7,2005-04,2025-10,247,recursive Cholesky,VAR moving-average propagation,unscaled log response per100bp tightening,pointwise90/68 intervals,estimated,,,,,
p7,recursive VAR,9,activity,0.3978779311923352,-2.145530522127581,-1.200923835951649,1.56220402744323,2.953275080673831,7,2005-04,2025-10,247,recursive Cholesky,VAR moving-average propagation,100 log response per100bp tightening,pointwise90/68 intervals,estimated,,,,,
p7,recursive VAR,9,price,-0.0230817658536014,-1.0132485343531306,-0.673754280968635,0.4488549264797249,0.7563142788626045,7,2005-04,2025-10,247,recursive Cholesky,VAR moving-average propagation,100 log response per100bp tightening,pointwise90/68 intervals,estimated,,,,,
p7,recursive VAR,9,policy,0.6103916503458238,0.1395226603656486,0.2814929060190557,0.7305104100196325,0.9092565100244306,7,2005-04,2025-10,247,recursive Cholesky,VAR moving-average propagation,pp response per100bp tightening,pointwise90/68 intervals,estimated,,,,,
p7,recursive VAR,9,fx,1.9950989196499371,-1.9960437088993288,-0.3720367069642445,4.233597662345806,5.739967175049217,7,2005-04,2025-10,247,recursive Cholesky,VAR moving-average propagation,100 log response per100bp tightening,pointwise90/68 intervals,estimated,,,,,
p7,recursive VAR,10,brent,-2.8967701186716037,-22.763680761013212,-13.164776446368949,8.365023127458638,14.73697382095831,7,2005-04,2025-10,247,recursive Cholesky,VAR moving-average propagation,100 log response per100bp tightening,pointwise90/68 intervals,estimated,,,,,
p7,recursive VAR,10,vix,0.2091889281925225,0.0156649297740311,0.0736131237228504,0.262767011509541,0.3517406471635667,7,2005-04,2025-10,247,recursive Cholesky,VAR moving-average propagation,unscaled log response per100bp tightening,pointwise90/68 intervals,estimated,,,,,
p7,recursive VAR,10,activity,0.4179583376205965,-2.1960569348213337,-1.292514714791669,1.5046324991773194,2.822793591270078,7,2005-04,2025-10,247,recursive Cholesky,VAR moving-average propagation,100 log response per100bp tightening,pointwise90/68 intervals,estimated,,,,,
p7,recursive VAR,10,price,0.0125103428634912,-1.0623299867319071,-0.7053901612775637,0.5136286182735532,0.8496014315841318,7,2005-04,2025-10,247,recursive Cholesky,VAR moving-average propagation,100 log response per100bp tightening,pointwise90/68 intervals,estimated,,,,,
p7,recursive VAR,10,policy,0.6159652263494798,0.1239697713500112,0.2667456493724258,0.751527007264385,0.9271490977720844,7,2005-04,2025-10,247,recursive Cholesky,VAR moving-average propagation,pp response per100bp tightening,pointwise90/68 intervals,estimated,,,,,
p7,recursive VAR,10,fx,2.6137019609019885,-1.0000828936319657,0.2880993453438341,4.654278532137413,6.320352509748648,7,2005-04,2025-10,247,recursive Cholesky,VAR moving-average propagation,100 log response per100bp tightening,pointwise90/68 intervals,estimated,,,,,
p7,recursive VAR,11,brent,-1.3570199885826837,-20.138192596493973,-11.485917344680123,9.38005763472335,15.740745998661934,7,2005-04,2025-10,247,recursive Cholesky,VAR moving-average propagation,100 log response per100bp tightening,pointwise90/68 intervals,estimated,,,,,
p7,recursive VAR,11,vix,0.2063338778737521,0.0130419711093075,0.0650260135231644,0.2657135161004085,0.3329709300492891,7,2005-04,2025-10,247,recursive Cholesky,VAR moving-average propagation,unscaled log response per100bp tightening,pointwise90/68 intervals,estimated,,,,,
p7,recursive VAR,11,activity,0.038799142856559,-2.4583055967488394,-1.70557949879329,1.1465467116292252,2.134657870214139,7,2005-04,2025-10,247,recursive Cholesky,VAR moving-average propagation,100 log response per100bp tightening,pointwise90/68 intervals,estimated,,,,,
p7,recursive VAR,11,price,0.0669763466880178,-1.0783674368659764,-0.7215052664330268,0.5690614882007791,0.9631124051595402,7,2005-04,2025-10,247,recursive Cholesky,VAR moving-average propagation,100 log response per100bp tightening,pointwise90/68 intervals,estimated,,,,,
p7,recursive VAR,11,policy,0.5982906069852539,0.0724455291189433,0.2199149989328045,0.739048373034073,0.9084178940209744,7,2005-04,2025-10,247,recursive Cholesky,VAR moving-average propagation,pp response per100bp tightening,pointwise90/68 intervals,estimated,,,,,
p7,recursive VAR,11,fx,2.6801898143400646,-1.0470138324294118,0.3245941818534885,4.566371872978696,5.891259980650096,7,2005-04,2025-10,247,recursive Cholesky,VAR moving-average propagation,100 log response per100bp tightening,pointwise90/68 intervals,estimated,,,,,
p7,recursive VAR,12,brent,-0.6972196825612544,-18.647872253701554,-10.410673847110957,8.97791542771794,15.97198255677212,7,2005-04,2025-10,247,recursive Cholesky,VAR moving-average propagation,100 log response per100bp tightening,pointwise90/68 intervals,estimated,,,,,
p7,recursive VAR,12,vix,0.174962170383397,-0.0246090717064712,0.0367342308792706,0.237961892275289,0.3082886382251368,7,2005-04,2025-10,247,recursive Cholesky,VAR moving-average propagation,unscaled log response per100bp tightening,pointwise90/68 intervals,estimated,,,,,
p7,recursive VAR,12,activity,-0.0170744338658643,-2.4811762592117055,-1.7177136313398107,0.9809141244425974,1.808404939197866,7,2005-04,2025-10,247,recursive Cholesky,VAR moving-average propagation,100 log response per100bp tightening,pointwise90/68 intervals,estimated,,,,,
p7,recursive VAR,12,price,0.0680441245008779,-1.1750830600546631,-0.7433881817887525,0.5838303009474164,0.999485297417681,7,2005-04,2025-10,247,recursive Cholesky,VAR moving-average propagation,100 log response per100bp tightening,pointwise90/68 intervals,estimated,,,,,
p7,recursive VAR,12,policy,0.5836387757914924,0.0153620187251712,0.1932350951343232,0.7338686470208965,0.9069624560124928,7,2005-04,2025-10,247,recursive Cholesky,VAR moving-average propagation,pp response per100bp tightening,pointwise90/68 intervals,estimated,,,,,
p7,recursive VAR,12,fx,2.465289594208959,-1.0718704632135303,0.2232615514490639,4.288929403082219,5.727644544174434,7,2005-04,2025-10,247,recursive Cholesky,VAR moving-average propagation,100 log response per100bp tightening,pointwise90/68 intervals,estimated,,,,,
p7,recursive VAR,13,brent,-0.3942769120803656,-17.9686747603996,-9.563490538906873,8.767976352534921,16.56152086888579,7,2005-04,2025-10,247,recursive Cholesky,VAR moving-average propagation,100 log response per100bp tightening,pointwise90/68 intervals,estimated,,,,,
p7,recursive VAR,13,vix,0.1854219253610883,-0.0114674053565955,0.0483093975057975,0.251862859642564,0.3227717531198227,7,2005-04,2025-10,247,recursive Cholesky,VAR moving-average propagation,unscaled log response per100bp tightening,pointwise90/68 intervals,estimated,,,,,
p7,recursive VAR,13,activity,-0.0408745627713562,-2.4982373699677036,-1.6550346545099424,0.8744420059874385,1.9059742690492736,7,2005-04,2025-10,247,recursive Cholesky,VAR moving-average propagation,100 log response per100bp tightening,pointwise90/68 intervals,estimated,,,,,
p7,recursive VAR,13,price,0.0933088407045938,-1.2734910823314067,-0.8024662832062857,0.6300026417209974,1.102553276182174,7,2005-04,2025-10,247,recursive Cholesky,VAR moving-average propagation,100 log response per100bp tightening,pointwise90/68 intervals,estimated,,,,,
p7,recursive VAR,13,policy,0.5627047181671593,-0.0335606911011371,0.1310415693610802,0.7176236543284013,0.9154505513046975,7,2005-04,2025-10,247,recursive Cholesky,VAR moving-average propagation,pp response per100bp tightening,pointwise90/68 intervals,estimated,,,,,
p7,recursive VAR,13,fx,2.325781159591221,-1.186905724452623,0.2794251214605771,3.985557832769125,5.487917847553849,7,2005-04,2025-10,247,recursive Cholesky,VAR moving-average propagation,100 log response per100bp tightening,pointwise90/68 intervals,estimated,,,,,
p7,recursive VAR,14,brent,-0.9406131687080536,-19.259074801156977,-10.062978152330126,8.121085667450785,14.818902131003837,7,2005-04,2025-10,247,recursive Cholesky,VAR moving-average propagation,100 log response per100bp tightening,pointwise90/68 intervals,estimated,,,,,
p7,recursive VAR,14,vix,0.203039456775715,0.0003471636971611,0.0691523598374014,0.2666153619717991,0.3413525681827616,7,2005-04,2025-10,247,recursive Cholesky,VAR moving-average propagation,unscaled log response per100bp tightening,pointwise90/68 intervals,estimated,,,,,
p7,recursive VAR,14,activity,-0.2861454638748367,-2.560644261823779,-1.839075109801421,0.6362235940490584,1.4775926643358646,7,2005-04,2025-10,247,recursive Cholesky,VAR moving-average propagation,100 log response per100bp tightening,pointwise90/68 intervals,estimated,,,,,
p7,recursive VAR,14,price,0.1113010568659362,-1.3823182817411086,-0.8383838818368807,0.6408067012400587,1.1799947452906725,7,2005-04,2025-10,247,recursive Cholesky,VAR moving-average propagation,100 log response per100bp tightening,pointwise90/68 intervals,estimated,,,,,
p7,recursive VAR,14,policy,0.5238493709595451,-0.1001199411316716,0.0651954964522399,0.680777781684712,0.9006337893644141,7,2005-04,2025-10,247,recursive Cholesky,VAR moving-average propagation,pp response per100bp tightening,pointwise90/68 intervals,estimated,,,,,
p7,recursive VAR,14,fx,2.430207405217356,-1.1674731499797952,0.5103662110549048,4.016505423009574,5.309652405037883,7,2005-04,2025-10,247,recursive Cholesky,VAR moving-average propagation,100 log response per100bp tightening,pointwise90/68 intervals,estimated,,,,,
p7,recursive VAR,15,brent,-1.6642420621447194,-19.143439734047053,-10.533601970093224,7.155515756606325,13.186236558153858,7,2005-04,2025-10,247,recursive Cholesky,VAR moving-average propagation,100 log response per100bp tightening,pointwise90/68 intervals,estimated,,,,,
p7,recursive VAR,15,vix,0.2003071396186793,0.0038872184761637,0.0660568734060879,0.256893467339668,0.3471813098794586,7,2005-04,2025-10,247,recursive Cholesky,VAR moving-average propagation,unscaled log response per100bp tightening,pointwise90/68 intervals,estimated,,,,,
p7,recursive VAR,15,activity,-0.5826292540013379,-2.910397375422084,-2.028520022143866,0.2998437854120938,1.1559716377765468,7,2005-04,2025-10,247,recursive Cholesky,VAR moving-average propagation,100 log response per100bp tightening,pointwise90/68 intervals,estimated,,,,,
p7,recursive VAR,15,price,0.1255939548742957,-1.394227676055173,-0.8721894826048737,0.6702815699336826,1.2501825899019037,7,2005-04,2025-10,247,recursive Cholesky,VAR moving-average propagation,100 log response per100bp tightening,pointwise90/68 intervals,estimated,,,,,
p7,recursive VAR,15,policy,0.4742739203494929,-0.1787582189947643,-0.0023111558852457,0.6380498112906725,0.867107515915423,7,2005-04,2025-10,247,recursive Cholesky,VAR moving-average propagation,pp response per100bp tightening,pointwise90/68 intervals,estimated,,,,,
p7,recursive VAR,15,fx,2.306671574190267,-1.1674770669330232,0.4361714175542314,3.8428033180408625,5.05366530310791,7,2005-04,2025-10,247,recursive Cholesky,VAR moving-average propagation,100 log response per100bp tightening,pointwise90/68 intervals,estimated,,,,,
p7,recursive VAR,16,brent,-2.04007944121814,-19.369777959356263,-10.775701213863307,6.236764391008456,12.673685467643942,7,2005-04,2025-10,247,recursive Cholesky,VAR moving-average propagation,100 log response per100bp tightening,pointwise90/68 intervals,estimated,,,,,
p7,recursive VAR,16,vix,0.1989488922810524,0.0062445205419591,0.0588038014499632,0.2504383530206877,0.3372932279671449,7,2005-04,2025-10,247,recursive Cholesky,VAR moving-average propagation,unscaled log response per100bp tightening,pointwise90/68 intervals,estimated,,,,,
p7,recursive VAR,16,activity,-0.7473411342381908,-3.1355750266484943,-2.0972378450160165,0.0289499476578721,0.9787780904618248,7,2005-04,2025-10,247,recursive Cholesky,VAR moving-average propagation,100 log response per100bp tightening,pointwise90/68 intervals,estimated,,,,,
p7,recursive VAR,16,price,0.1291065919220184,-1.4493729187770297,-0.8882013230257793,0.664465450793936,1.2330385294634727,7,2005-04,2025-10,247,recursive Cholesky,VAR moving-average propagation,100 log response per100bp tightening,pointwise90/68 intervals,estimated,,,,,
p7,recursive VAR,16,policy,0.4353481434756417,-0.2500122885650127,-0.0533173826040538,0.5973831969245457,0.8350766267337499,7,2005-04,2025-10,247,recursive Cholesky,VAR moving-average propagation,pp response per100bp tightening,pointwise90/68 intervals,estimated,,,,,
p7,recursive VAR,16,fx,2.279609112024093,-1.0817281144526334,0.4906182824619323,3.848038836355096,4.850622373687137,7,2005-04,2025-10,247,recursive Cholesky,VAR moving-average propagation,100 log response per100bp tightening,pointwise90/68 intervals,estimated,,,,,
p7,recursive VAR,17,brent,-1.8346354890713477,-19.038273988989975,-10.41102622523733,6.623594864977674,13.23585077858144,7,2005-04,2025-10,247,recursive Cholesky,VAR moving-average propagation,100 log response per100bp tightening,pointwise90/68 intervals,estimated,,,,,
p7,recursive VAR,17,vix,0.2009952953085884,0.0007438352641966,0.059958366542861,0.2481580151644003,0.3379007377521809,7,2005-04,2025-10,247,recursive Cholesky,VAR moving-average propagation,unscaled log response per100bp tightening,pointwise90/68 intervals,estimated,,,,,
p7,recursive VAR,17,activity,-0.8694367219679286,-3.260091178501059,-2.191846153596589,-0.0588985872755289,0.7492118610928017,7,2005-04,2025-10,247,recursive Cholesky,VAR moving-average propagation,100 log response per100bp tightening,pointwise90/68 intervals,estimated,,,,,
p7,recursive VAR,17,price,0.1574044557571095,-1.4700980205450778,-0.9035093414741076,0.7097251391468424,1.3356879786009934,7,2005-04,2025-10,247,recursive Cholesky,VAR moving-average propagation,100 log response per100bp tightening,pointwise90/68 intervals,estimated,,,,,
p7,recursive VAR,17,policy,0.3998186730839681,-0.3067836133618513,-0.0994320284245113,0.5487675818554325,0.8094223963853773,7,2005-04,2025-10,247,recursive Cholesky,VAR moving-average propagation,pp response per100bp tightening,pointwise90/68 intervals,estimated,,,,,
p7,recursive VAR,17,fx,2.099119615683989,-1.273673606694328,0.4128473748103789,3.60823733606214,4.6854737850223085,7,2005-04,2025-10,247,recursive Cholesky,VAR moving-average propagation,100 log response per100bp tightening,pointwise90/68 intervals,estimated,,,,,
p7,recursive VAR,18,brent,-1.4700547413900515,-17.850614148872257,-9.8507468217544,6.843492196785038,13.960503892868912,7,2005-04,2025-10,247,recursive Cholesky,VAR moving-average propagation,100 log response per100bp tightening,pointwise90/68 intervals,estimated,,,,,
p7,recursive VAR,18,vix,0.1956280255796227,-0.0042932647118933,0.0509333608086384,0.2379735978744286,0.3204541666985164,7,2005-04,2025-10,247,recursive Cholesky,VAR moving-average propagation,unscaled log response per100bp tightening,pointwise90/68 intervals,estimated,,,,,
p7,recursive VAR,18,activity,-0.9266339173844108,-3.1832456784680634,-2.2740007987486206,-0.0668244242793855,0.7222023454424669,7,2005-04,2025-10,247,recursive Cholesky,VAR moving-average propagation,100 log response per100bp tightening,pointwise90/68 intervals,estimated,,,,,
p7,recursive VAR,18,price,0.1651133552198625,-1.5148118355614868,-0.9484952513960412,0.7140047456824548,1.372976323308045,7,2005-04,2025-10,247,recursive Cholesky,VAR moving-average propagation,100 log response per100bp tightening,pointwise90/68 intervals,estimated,,,,,
p7,recursive VAR,18,policy,0.3717138400732591,-0.3348071317061101,-0.136297867236976,0.5425410276080471,0.7905777254996058,7,2005-04,2025-10,247,recursive Cholesky,VAR moving-average propagation,pp response per100bp tightening,pointwise90/68 intervals,estimated,,,,,
p7,recursive VAR,18,fx,2.078177206209271,-1.216250478353183,0.4722441855842327,3.5647962769453296,4.6550279828222525,7,2005-04,2025-10,247,recursive Cholesky,VAR moving-average propagation,100 log response per100bp tightening,pointwise90/68 intervals,estimated,,,,,
p7,recursive VAR,19,brent,-0.7203465742718437,-16.47979221378634,-8.347551575868017,7.410901029259783,13.95208095496927,7,2005-04,2025-10,247,recursive Cholesky,VAR moving-average propagation,100 log response per100bp tightening,pointwise90/68 intervals,estimated,,,,,
p7,recursive VAR,19,vix,0.1833865222335775,-0.0157120802645377,0.0376089118275813,0.2092894044150245,0.3075912912576526,7,2005-04,2025-10,247,recursive Cholesky,VAR moving-average propagation,unscaled log response per100bp tightening,pointwise90/68 intervals,estimated,,,,,
p7,recursive VAR,19,activity,-1.012170564732357,-3.198371227309615,-2.254188533591635,-0.0717551957321549,0.6896647585167694,7,2005-04,2025-10,247,recursive Cholesky,VAR moving-average propagation,100 log response per100bp tightening,pointwise90/68 intervals,estimated,,,,,
p7,recursive VAR,19,price,0.1783271446574316,-1.5413717746225435,-0.9996201264117291,0.722419579537266,1.4258398226613107,7,2005-04,2025-10,247,recursive Cholesky,VAR moving-average propagation,100 log response per100bp tightening,pointwise90/68 intervals,estimated,,,,,
p7,recursive VAR,19,policy,0.347982140379718,-0.3576892166000329,-0.163052100779834,0.5391119445226965,0.773863456437482,7,2005-04,2025-10,247,recursive Cholesky,VAR moving-average propagation,pp response per100bp tightening,pointwise90/68 intervals,estimated,,,,,
p7,recursive VAR,19,fx,2.0630177449941924,-0.9432918292722302,0.4254690068279897,3.502148386616206,4.499572303131115,7,2005-04,2025-10,247,recursive Cholesky,VAR moving-average propagation,100 log response per100bp tightening,pointwise90/68 intervals,estimated,,,,,
p7,recursive VAR,20,brent,0.0942927282457551,-15.543195343791783,-7.310740963820098,8.210741287772574,14.81010394679476,7,2005-04,2025-10,247,recursive Cholesky,VAR moving-average propagation,100 log response per100bp tightening,pointwise90/68 intervals,estimated,,,,,
p7,recursive VAR,20,vix,0.1681862584090944,-0.0244430141959183,0.0203574084486232,0.1921684426289016,0.2899778523657665,7,2005-04,2025-10,247,recursive Cholesky,VAR moving-average propagation,unscaled log response per100bp tightening,pointwise90/68 intervals,estimated,,,,,
p7,recursive VAR,20,activity,-1.0245768769276022,-3.1411879643592435,-2.234512518152867,-0.1143805981330772,0.6989145790464867,7,2005-04,2025-10,247,recursive Cholesky,VAR moving-average propagation,100 log response per100bp tightening,pointwise90/68 intervals,estimated,,,,,
p7,recursive VAR,20,price,0.1968490605752479,-1.5939926452157045,-1.0020524055625304,0.7496363389978066,1.4402321661406006,7,2005-04,2025-10,247,recursive Cholesky,VAR moving-average propagation,100 log response per100bp tightening,pointwise90/68 intervals,estimated,,,,,
p7,recursive VAR,20,policy,0.3313497911157998,-0.38521098123425,-0.1878374343686237,0.5221962506270618,0.7603293143930833,7,2005-04,2025-10,247,recursive Cholesky,VAR moving-average propagation,pp response per100bp tightening,pointwise90/68 intervals,estimated,,,,,
p7,recursive VAR,20,fx,2.0752730490670217,-0.8119865675019096,0.406321293604228,3.4084127894354026,4.593776922471071,7,2005-04,2025-10,247,recursive Cholesky,VAR moving-average propagation,100 log response per100bp tightening,pointwise90/68 intervals,estimated,,,,,
p7,recursive VAR,21,brent,0.8176997903030919,-14.5850606587768,-6.690732481370236,8.7474380249064,15.595327685746929,7,2005-04,2025-10,247,recursive Cholesky,VAR moving-average propagation,100 log response per100bp tightening,pointwise90/68 intervals,estimated,,,,,
p7,recursive VAR,21,vix,0.1567236525075041,-0.0324892890142998,0.0133075035119325,0.1815364862783365,0.2683306393131577,7,2005-04,2025-10,247,recursive Cholesky,VAR moving-average propagation,unscaled log response per100bp tightening,pointwise90/68 intervals,estimated,,,,,
p7,recursive VAR,21,activity,-1.0146949507249725,-3.027423848203267,-2.211053417193986,-0.1248099627813572,0.6165014881244628,7,2005-04,2025-10,247,recursive Cholesky,VAR moving-average propagation,100 log response per100bp tightening,pointwise90/68 intervals,estimated,,,,,
p7,recursive VAR,21,price,0.2152475593286695,-1.59490228469692,-1.0387852866767495,0.7485162090544034,1.4840961293332595,7,2005-04,2025-10,247,recursive Cholesky,VAR moving-average propagation,100 log response per100bp tightening,pointwise90/68 intervals,estimated,,,,,
p7,recursive VAR,21,policy,0.3150730947142915,-0.4009376432661668,-0.2103801672337569,0.5001665261394961,0.7561229937674208,7,2005-04,2025-10,247,recursive Cholesky,VAR moving-average propagation,pp response per100bp tightening,pointwise90/68 intervals,estimated,,,,,
p7,recursive VAR,21,fx,2.0135890056286727,-0.8070861397042026,0.4274094936692592,3.2053756388093912,4.334876191507769,7,2005-04,2025-10,247,recursive Cholesky,VAR moving-average propagation,100 log response per100bp tightening,pointwise90/68 intervals,estimated,,,,,
p7,recursive VAR,22,brent,1.4050685378751206,-13.618539857008797,-6.363844895314443,8.82626439125632,15.909333279469182,7,2005-04,2025-10,247,recursive Cholesky,VAR moving-average propagation,100 log response per100bp tightening,pointwise90/68 intervals,estimated,,,,,
p7,recursive VAR,22,vix,0.1485627174097726,-0.0398563570371248,0.0070430981004525,0.1761940496245402,0.2498571026832086,7,2005-04,2025-10,247,recursive Cholesky,VAR moving-average propagation,unscaled log response per100bp tightening,pointwise90/68 intervals,estimated,,,,,
p7,recursive VAR,22,activity,-0.9832063909200708,-2.9197454724548866,-2.1196723823076433,-0.0561170772575442,0.5329033765263863,7,2005-04,2025-10,247,recursive Cholesky,VAR moving-average propagation,100 log response per100bp tightening,pointwise90/68 intervals,estimated,,,,,
p7,recursive VAR,22,price,0.2284944900326015,-1.6416334451935557,-1.0643581134954996,0.7590707622732609,1.4939884364165363,7,2005-04,2025-10,247,recursive Cholesky,VAR moving-average propagation,100 log response per100bp tightening,pointwise90/68 intervals,estimated,,,,,
p7,recursive VAR,22,policy,0.3005908965572202,-0.4128464473832686,-0.2197818759502525,0.4868308605587305,0.7351941355168101,7,2005-04,2025-10,247,recursive Cholesky,VAR moving-average propagation,pp response per100bp tightening,pointwise90/68 intervals,estimated,,,,,
p7,recursive VAR,22,fx,2.0111778406270995,-0.712347694181745,0.3400038941714454,3.148317457352343,4.189140988824626,7,2005-04,2025-10,247,recursive Cholesky,VAR moving-average propagation,100 log response per100bp tightening,pointwise90/68 intervals,estimated,,,,,
p7,recursive VAR,23,brent,1.769336131028052,-13.015479875590737,-5.9358323985809065,9.304908269710763,15.96352543958954,7,2005-04,2025-10,247,recursive Cholesky,VAR moving-average propagation,100 log response per100bp tightening,pointwise90/68 intervals,estimated,,,,,
p7,recursive VAR,23,vix,0.1448702809799245,-0.0410738708279532,0.0089115795214948,0.1708717985150903,0.2388739400351516,7,2005-04,2025-10,247,recursive Cholesky,VAR moving-average propagation,unscaled log response per100bp tightening,pointwise90/68 intervals,estimated,,,,,
p7,recursive VAR,23,activity,-0.9878766679351798,-2.8316589241189867,-2.041896495468825,-0.0444895087666581,0.5504148263049851,7,2005-04,2025-10,247,recursive Cholesky,VAR moving-average propagation,100 log response per100bp tightening,pointwise90/68 intervals,estimated,,,,,
p7,recursive VAR,23,price,0.2471040868455226,-1.7132935145924102,-1.092063046836796,0.7679759749649544,1.540030897488556,7,2005-04,2025-10,247,recursive Cholesky,VAR moving-average propagation,100 log response per100bp tightening,pointwise90/68 intervals,estimated,,,,,
p7,recursive VAR,23,policy,0.2844134589841838,-0.4346073450751028,-0.2393635097647475,0.47428260474447,0.740464451550967,7,2005-04,2025-10,247,recursive Cholesky,VAR moving-average propagation,pp response per100bp tightening,pointwise90/68 intervals,estimated,,,,,
p7,recursive VAR,23,fx,1.973728878677491,-0.5678244354839608,0.3719999356977359,3.0479266646682306,4.196712985255475,7,2005-04,2025-10,247,recursive Cholesky,VAR moving-average propagation,100 log response per100bp tightening,pointwise90/68 intervals,estimated,,,,,
p7,recursive VAR,24,brent,1.9397391475913717,-12.019469096313374,-6.0745885675907925,8.99176168313735,15.288174780076904,7,2005-04,2025-10,247,recursive Cholesky,VAR moving-average propagation,100 log response per100bp tightening,pointwise90/68 intervals,estimated,,,,,
p7,recursive VAR,24,vix,0.1392012707168478,-0.039342509497836,0.0085309625768776,0.1680361370982084,0.2337100825098602,7,2005-04,2025-10,247,recursive Cholesky,VAR moving-average propagation,unscaled log response per100bp tightening,pointwise90/68 intervals,estimated,,,,,
p7,recursive VAR,24,activity,-1.009980464737826,-2.798734988947722,-2.03180887148329,-0.1294383433561774,0.4788740387630458,7,2005-04,2025-10,247,recursive Cholesky,VAR moving-average propagation,100 log response per100bp tightening,pointwise90/68 intervals,estimated,,,,,
p7,recursive VAR,24,price,0.2594126582886112,-1.767660778036071,-1.106067227807584,0.8004534002862471,1.559970562412211,7,2005-04,2025-10,247,recursive Cholesky,VAR moving-average propagation,100 log response per100bp tightening,pointwise90/68 intervals,estimated,,,,,
p7,recursive VAR,24,policy,0.2673443939543633,-0.4542903075859346,-0.263320828131702,0.4516802369875534,0.7096168699931761,7,2005-04,2025-10,247,recursive Cholesky,VAR moving-average propagation,pp response per100bp tightening,pointwise90/68 intervals,estimated,,,,,
p7,recursive VAR,24,fx,1.944156059366333,-0.4507585852892625,0.3366293482910935,2.959385884339973,4.181351523289273,7,2005-04,2025-10,247,recursive Cholesky,VAR moving-average propagation,100 log response per100bp tightening,pointwise90/68 intervals,estimated,,,,,
p7,recursive VAR,25,brent,2.1515581431966555,-10.991011045712336,-5.888282757873562,8.69889904508725,14.618639549101312,7,2005-04,2025-10,247,recursive Cholesky,VAR moving-average propagation,100 log response per100bp tightening,pointwise90/68 intervals,estimated,,,,,
p7,recursive VAR,25,vix,0.1327641600675047,-0.0425490745639539,0.0045423392498929,0.1611618333630481,0.2341613710244624,7,2005-04,2025-10,247,recursive Cholesky,VAR moving-average propagation,unscaled log response per100bp tightening,pointwise90/68 intervals,estimated,,,,,
p7,recursive VAR,25,activity,-1.0195448336482082,-2.6923938238397644,-1.9740889014001504,-0.1508336600124613,0.4385723625613808,7,2005-04,2025-10,247,recursive Cholesky,VAR moving-average propagation,100 log response per100bp tightening,pointwise90/68 intervals,estimated,,,,,
p7,recursive VAR,25,price,0.2706695822744191,-1.80107510292285,-1.1026466114127302,0.781867376455631,1.5670281402297832,7,2005-04,2025-10,247,recursive Cholesky,VAR moving-average propagation,100 log response per100bp tightening,pointwise90/68 intervals,estimated,,,,,
p7,recursive VAR,25,policy,0.250760504152938,-0.4656341543249948,-0.2752352642481875,0.4354040519939138,0.6588568444542205,7,2005-04,2025-10,247,recursive Cholesky,VAR moving-average propagation,pp response per100bp tightening,pointwise90/68 intervals,estimated,,,,,
p7,recursive VAR,25,fx,1.896848042192683,-0.5356268743815719,0.3003073065442627,2.864247499923176,3.9745629657365225,7,2005-04,2025-10,247,recursive Cholesky,VAR moving-average propagation,100 log response per100bp tightening,pointwise90/68 intervals,estimated,,,,,
p7,recursive VAR,26,brent,2.3951203597189266,-10.2988631007119,-5.602911333337664,8.652623899523348,14.640723824155678,7,2005-04,2025-10,247,recursive Cholesky,VAR moving-average propagation,100 log response per100bp tightening,pointwise90/68 intervals,estimated,,,,,
p7,recursive VAR,26,vix,0.1282256032109199,-0.0432534868306128,0.0041978150390244,0.153300219599027,0.2265697047239928,7,2005-04,2025-10,247,recursive Cholesky,VAR moving-average propagation,unscaled log response per100bp tightening,pointwise90/68 intervals,estimated,,,,,
p7,recursive VAR,26,activity,-1.0110678768678172,-2.536424767647588,-1.931466033562363,-0.1518702487190087,0.4354079610777458,7,2005-04,2025-10,247,recursive Cholesky,VAR moving-average propagation,100 log response per100bp tightening,pointwise90/68 intervals,estimated,,,,,
p7,recursive VAR,26,price,0.2836953999725596,-1.835078536387543,-1.117431353162044,0.7858158723134513,1.5913525174227123,7,2005-04,2025-10,247,recursive Cholesky,VAR moving-average propagation,100 log response per100bp tightening,pointwise90/68 intervals,estimated,,,,,
p7,recursive VAR,26,policy,0.2357964598361146,-0.4814178503325469,-0.2848838442982428,0.4183614778804415,0.6555952636745416,7,2005-04,2025-10,247,recursive Cholesky,VAR moving-average propagation,pp response per100bp tightening,pointwise90/68 intervals,estimated,,,,,
p7,recursive VAR,26,fx,1.8724431536816375,-0.4648586899703491,0.3020348783758495,2.8283303785321334,3.834788748650269,7,2005-04,2025-10,247,recursive Cholesky,VAR moving-average propagation,100 log response per100bp tightening,pointwise90/68 intervals,estimated,,,,,
p7,recursive VAR,27,brent,2.6593480663952693,-9.64854004574123,-5.322587570047849,8.529542400238881,15.048650718723144,7,2005-04,2025-10,247,recursive Cholesky,VAR moving-average propagation,100 log response per100bp tightening,pointwise90/68 intervals,estimated,,,,,
p7,recursive VAR,27,vix,0.1227026180604776,-0.0437844597517197,-0.0009111924865036,0.1445755503742551,0.2255078935357241,7,2005-04,2025-10,247,recursive Cholesky,VAR moving-average propagation,unscaled log response per100bp tightening,pointwise90/68 intervals,estimated,,,,,
p7,recursive VAR,27,activity,-1.0056362652211843,-2.4580087829438133,-1.876361178870964,-0.1067404084780481,0.4370163776201636,7,2005-04,2025-10,247,recursive Cholesky,VAR moving-average propagation,100 log response per100bp tightening,pointwise90/68 intervals,estimated,,,,,
p7,recursive VAR,27,price,0.2979199160478845,-1.8660788513838056,-1.1123471963297495,0.7941711659464489,1.6215378816409638,7,2005-04,2025-10,247,recursive Cholesky,VAR moving-average propagation,100 log response per100bp tightening,pointwise90/68 intervals,estimated,,,,,
p7,recursive VAR,27,policy,0.2213469603830533,-0.5248647853654715,-0.2921545398311745,0.4133696625710134,0.6261656937799643,7,2005-04,2025-10,247,recursive Cholesky,VAR moving-average propagation,pp response per100bp tightening,pointwise90/68 intervals,estimated,,,,,
p7,recursive VAR,27,fx,1.8211524786385112,-0.5568807198230082,0.2320917809615391,2.78681788083564,3.758881539354652,7,2005-04,2025-10,247,recursive Cholesky,VAR moving-average propagation,100 log response per100bp tightening,pointwise90/68 intervals,estimated,,,,,
p7,recursive VAR,28,brent,2.958218240206252,-9.006770991437858,-4.709919408372146,8.301864477000086,14.929523884352868,7,2005-04,2025-10,247,recursive Cholesky,VAR moving-average propagation,100 log response per100bp tightening,pointwise90/68 intervals,estimated,,,,,
p7,recursive VAR,28,vix,0.115645146864603,-0.0475211968598266,-0.0043339992883465,0.134820639446976,0.2130576869842234,7,2005-04,2025-10,247,recursive Cholesky,VAR moving-average propagation,unscaled log response per100bp tightening,pointwise90/68 intervals,estimated,,,,,
p7,recursive VAR,28,activity,-0.990297898835136,-2.3293483000355115,-1.7922236673748608,-0.0694809259702366,0.4697746833505837,7,2005-04,2025-10,247,recursive Cholesky,VAR moving-average propagation,100 log response per100bp tightening,pointwise90/68 intervals,estimated,,,,,
p7,recursive VAR,28,price,0.3092661385283581,-1.8927976471911203,-1.1274897851188068,0.7894097317540475,1.587979045405273,7,2005-04,2025-10,247,recursive Cholesky,VAR moving-average propagation,100 log response per100bp tightening,pointwise90/68 intervals,estimated,,,,,
p7,recursive VAR,28,policy,0.2089706600484917,-0.526661555356353,-0.2996148603357675,0.3978364270819793,0.6047802756315909,7,2005-04,2025-10,247,recursive Cholesky,VAR moving-average propagation,pp response per100bp tightening,pointwise90/68 intervals,estimated,,,,,
p7,recursive VAR,28,fx,1.788776754629707,-0.574346518691256,0.2114510004282448,2.7036962828261,3.684026404095421,7,2005-04,2025-10,247,recursive Cholesky,VAR moving-average propagation,100 log response per100bp tightening,pointwise90/68 intervals,estimated,,,,,
p7,recursive VAR,29,brent,3.272454390572909,-8.26320752371633,-3.891465405731717,8.221994153715583,14.690914128284172,7,2005-04,2025-10,247,recursive Cholesky,VAR moving-average propagation,100 log response per100bp tightening,pointwise90/68 intervals,estimated,,,,,
p7,recursive VAR,29,vix,0.1095247773613971,-0.0446330015508422,-0.006770800989298,0.1315439217954727,0.2067464684142209,7,2005-04,2025-10,247,recursive Cholesky,VAR moving-average propagation,unscaled log response per100bp tightening,pointwise90/68 intervals,estimated,,,,,
p7,recursive VAR,29,activity,-0.9725024558425271,-2.2902801916408007,-1.757076285182794,-0.0519214827270149,0.4996860092460071,7,2005-04,2025-10,247,recursive Cholesky,VAR moving-average propagation,100 log response per100bp tightening,pointwise90/68 intervals,estimated,,,,,
p7,recursive VAR,29,price,0.3223135965414392,-1.8869293342959477,-1.1277845712923884,0.7807628339724648,1.615321003668237,7,2005-04,2025-10,247,recursive Cholesky,VAR moving-average propagation,100 log response per100bp tightening,pointwise90/68 intervals,estimated,,,,,
p7,recursive VAR,29,policy,0.1977700062194602,-0.523550780057335,-0.3046216651417102,0.3884679652325492,0.5870792943087253,7,2005-04,2025-10,247,recursive Cholesky,VAR moving-average propagation,pp response per100bp tightening,pointwise90/68 intervals,estimated,,,,,
p7,recursive VAR,29,fx,1.745728261190506,-0.6078276894758123,0.1820749567027156,2.6549900540304288,3.734990927554213,7,2005-04,2025-10,247,recursive Cholesky,VAR moving-average propagation,100 log response per100bp tightening,pointwise90/68 intervals,estimated,,,,,
p7,recursive VAR,30,brent,3.5319992755302825,-7.638534462849386,-3.44750037377732,8.452092423626004,14.398048881185735,7,2005-04,2025-10,247,recursive Cholesky,VAR moving-average propagation,100 log response per100bp tightening,pointwise90/68 intervals,estimated,,,,,
p7,recursive VAR,30,vix,0.1035239971519517,-0.0468322702633014,-0.0115484934494357,0.1215367497680117,0.2040812292229238,7,2005-04,2025-10,247,recursive Cholesky,VAR moving-average propagation,unscaled log response per100bp tightening,pointwise90/68 intervals,estimated,,,,,
p7,recursive VAR,30,activity,-0.9489385723185212,-2.238851547921875,-1.6723242683906163,-0.0368651922078263,0.5565120667593223,7,2005-04,2025-10,247,recursive Cholesky,VAR moving-average propagation,100 log response per100bp tightening,pointwise90/68 intervals,estimated,,,,,
p7,recursive VAR,30,price,0.3340461904159635,-1.8652296940092707,-1.1325511312367469,0.7614791069496522,1.6398182173602704,7,2005-04,2025-10,247,recursive Cholesky,VAR moving-average propagation,100 log response per100bp tightening,pointwise90/68 intervals,estimated,,,,,
p7,recursive VAR,30,policy,0.1873563241978495,-0.5342661307018993,-0.3036084715431467,0.3721978453668543,0.5705445478329026,7,2005-04,2025-10,247,recursive Cholesky,VAR moving-average propagation,pp response per100bp tightening,pointwise90/68 intervals,estimated,,,,,
p7,recursive VAR,30,fx,1.7036109363460328,-0.6082511262761323,0.1088995468074117,2.615600569754819,3.608832602375793,7,2005-04,2025-10,247,recursive Cholesky,VAR moving-average propagation,100 log response per100bp tightening,pointwise90/68 intervals,estimated,,,,,
p7,recursive VAR,31,brent,3.759367746008112,-7.010346021791188,-3.155555255324447,8.18548270206863,14.280871359402076,7,2005-04,2025-10,247,recursive Cholesky,VAR moving-average propagation,100 log response per100bp tightening,pointwise90/68 intervals,estimated,,,,,
p7,recursive VAR,31,vix,0.097629192213564,-0.0505046320412539,-0.0160661510842952,0.1156382419552677,0.1953521020085391,7,2005-04,2025-10,247,recursive Cholesky,VAR moving-average propagation,unscaled log response per100bp tightening,pointwise90/68 intervals,estimated,,,,,
p7,recursive VAR,31,activity,-0.9241610304362344,-2.1779246681337763,-1.5975968094669062,0.0078367261959876,0.5496243112025367,7,2005-04,2025-10,247,recursive Cholesky,VAR moving-average propagation,100 log response per100bp tightening,pointwise90/68 intervals,estimated,,,,,
p7,recursive VAR,31,price,0.3442319491435721,-1.8122320953036255,-1.139670324128881,0.768601063596285,1.654988633368724,7,2005-04,2025-10,247,recursive Cholesky,VAR moving-average propagation,100 log response per100bp tightening,pointwise90/68 intervals,estimated,,,,,
p7,recursive VAR,31,policy,0.1775084812045377,-0.5406771603314143,-0.2970848974066441,0.3563691055318264,0.5507951933351584,7,2005-04,2025-10,247,recursive Cholesky,VAR moving-average propagation,pp response per100bp tightening,pointwise90/68 intervals,estimated,,,,,
p7,recursive VAR,31,fx,1.657370394977789,-0.6082655381046559,0.047320479985591,2.5076681457894705,3.507197689988932,7,2005-04,2025-10,247,recursive Cholesky,VAR moving-average propagation,100 log response per100bp tightening,pointwise90/68 intervals,estimated,,,,,
p7,recursive VAR,32,brent,3.95111062026882,-6.544383091178304,-2.787727921526274,8.442907044216408,14.06233115299846,7,2005-04,2025-10,247,recursive Cholesky,VAR moving-average propagation,100 log response per100bp tightening,pointwise90/68 intervals,estimated,,,,,
p7,recursive VAR,32,vix,0.092568802138585,-0.050519378579685,-0.0171148689481051,0.1121264689769393,0.1862197038333639,7,2005-04,2025-10,247,recursive Cholesky,VAR moving-average propagation,unscaled log response per100bp tightening,pointwise90/68 intervals,estimated,,,,,
p7,recursive VAR,32,activity,-0.9004334031533991,-2.204664910325997,-1.5343163787186205,0.0288356324003468,0.5571404785881553,7,2005-04,2025-10,247,recursive Cholesky,VAR moving-average propagation,100 log response per100bp tightening,pointwise90/68 intervals,estimated,,,,,
p7,recursive VAR,32,price,0.3546014730214659,-1.7870153038887668,-1.1342393922002922,0.7613561595872848,1.649298836701428,7,2005-04,2025-10,247,recursive Cholesky,VAR moving-average propagation,100 log response per100bp tightening,pointwise90/68 intervals,estimated,,,,,
p7,recursive VAR,32,policy,0.1683293208131575,-0.528237516224696,-0.2861037880482447,0.3371747695596501,0.5430655875263283,7,2005-04,2025-10,247,recursive Cholesky,VAR moving-average propagation,pp response per100bp tightening,pointwise90/68 intervals,estimated,,,,,
p7,recursive VAR,32,fx,1.6167796005036137,-0.6138001935864337,0.0372381303123604,2.4694412070004623,3.501441580951257,7,2005-04,2025-10,247,recursive Cholesky,VAR moving-average propagation,100 log response per100bp tightening,pointwise90/68 intervals,estimated,,,,,
p7,recursive VAR,33,brent,4.0846745366186425,-6.49705405835286,-2.5296745971385213,8.246073061424784,13.9577737673614,7,2005-04,2025-10,247,recursive Cholesky,VAR moving-average propagation,100 log response per100bp tightening,pointwise90/68 intervals,estimated,,,,,
p7,recursive VAR,33,vix,0.0881146151818809,-0.0537610222656622,-0.0180052394930628,0.1081722384518444,0.1855203804281588,7,2005-04,2025-10,247,recursive Cholesky,VAR moving-average propagation,unscaled log response per100bp tightening,pointwise90/68 intervals,estimated,,,,,
p7,recursive VAR,33,activity,-0.8834727477826594,-2.1393224636558936,-1.5274050743873495,0.0560773040314401,0.5649755774035813,7,2005-04,2025-10,247,recursive Cholesky,VAR moving-average propagation,100 log response per100bp tightening,pointwise90/68 intervals,estimated,,,,,
p7,recursive VAR,33,price,0.3650567170875377,-1.7891813570819484,-1.1260999507199865,0.7609644530369528,1.6629201712013442,7,2005-04,2025-10,247,recursive Cholesky,VAR moving-average propagation,100 log response per100bp tightening,pointwise90/68 intervals,estimated,,,,,
p7,recursive VAR,33,policy,0.1591688253694803,-0.5309368195865494,-0.2932022177513156,0.327744035176098,0.5203053058803823,7,2005-04,2025-10,247,recursive Cholesky,VAR moving-average propagation,pp response per100bp tightening,pointwise90/68 intervals,estimated,,,,,
p7,recursive VAR,33,fx,1.5637125253146331,-0.6324780165389327,-0.0219970858110517,2.365202625909593,3.44083894050176,7,2005-04,2025-10,247,recursive Cholesky,VAR moving-average propagation,100 log response per100bp tightening,pointwise90/68 intervals,estimated,,,,,
p7,recursive VAR,34,brent,4.175107605130006,-6.212625187519683,-2.3295161942747,7.91039950060825,14.11486209382189,7,2005-04,2025-10,247,recursive Cholesky,VAR moving-average propagation,100 log response per100bp tightening,pointwise90/68 intervals,estimated,,,,,
p7,recursive VAR,34,vix,0.0836328654747492,-0.0570141715796314,-0.0181227819139736,0.1050984520663085,0.1824449321685011,7,2005-04,2025-10,247,recursive Cholesky,VAR moving-average propagation,unscaled log response per100bp tightening,pointwise90/68 intervals,estimated,,,,,
p7,recursive VAR,34,activity,-0.8678027757195512,-2.0672644519430032,-1.5146049381958775,0.0572205310484691,0.5716354409466512,7,2005-04,2025-10,247,recursive Cholesky,VAR moving-average propagation,100 log response per100bp tightening,pointwise90/68 intervals,estimated,,,,,
p7,recursive VAR,34,price,0.3734611656886266,-1.8050032803083365,-1.1338501403297228,0.7616532085246902,1.675803658270695,7,2005-04,2025-10,247,recursive Cholesky,VAR moving-average propagation,100 log response per100bp tightening,pointwise90/68 intervals,estimated,,,,,
p7,recursive VAR,34,policy,0.1503407641595349,-0.5213782660532567,-0.2954632201796517,0.3088873949169743,0.5056469874709061,7,2005-04,2025-10,247,recursive Cholesky,VAR moving-average propagation,pp response per100bp tightening,pointwise90/68 intervals,estimated,,,,,
p7,recursive VAR,34,fx,1.5138052561916595,-0.729996966134875,-0.0895419122802739,2.2997500508912267,3.4285472626631623,7,2005-04,2025-10,247,recursive Cholesky,VAR moving-average propagation,100 log response per100bp tightening,pointwise90/68 intervals,estimated,,,,,
p7,recursive VAR,35,brent,4.2497096572215725,-6.199385751574036,-2.237027814690856,7.790991288094289,14.616535926937065,7,2005-04,2025-10,247,recursive Cholesky,VAR moving-average propagation,100 log response per100bp tightening,pointwise90/68 intervals,estimated,,,,,
p7,recursive VAR,35,vix,0.0795692211819632,-0.0536080829796284,-0.0198910429192251,0.0971829828658921,0.1740502489394525,7,2005-04,2025-10,247,recursive Cholesky,VAR moving-average propagation,unscaled log response per100bp tightening,pointwise90/68 intervals,estimated,,,,,
p7,recursive VAR,35,activity,-0.8520030721864401,-1.9799724889076964,-1.45620724931075,0.0319145788487449,0.5800136032585546,7,2005-04,2025-10,247,recursive Cholesky,VAR moving-average propagation,100 log response per100bp tightening,pointwise90/68 intervals,estimated,,,,,
p7,recursive VAR,35,price,0.3815456290415909,-1.816526466152008,-1.1395492352295953,0.7472543592710477,1.7118657075750328,7,2005-04,2025-10,247,recursive Cholesky,VAR moving-average propagation,100 log response per100bp tightening,pointwise90/68 intervals,estimated,,,,,
p7,recursive VAR,35,policy,0.1419036254969892,-0.5021789353488769,-0.3046183084166283,0.2993772004762,0.4997860784110477,7,2005-04,2025-10,247,recursive Cholesky,VAR moving-average propagation,pp response per100bp tightening,pointwise90/68 intervals,estimated,,,,,
p7,recursive VAR,35,fx,1.4632272763705534,-0.769935344389562,-0.1079922056406744,2.241153173599416,3.4031728019388927,7,2005-04,2025-10,247,recursive Cholesky,VAR moving-average propagation,100 log response per100bp tightening,pointwise90/68 intervals,estimated,,,,,
p7,recursive VAR,36,brent,4.301157093199589,-5.787237067742178,-2.246545513017229,7.566512730674754,14.71168915300188,7,2005-04,2025-10,247,recursive Cholesky,VAR moving-average propagation,100 log response per100bp tightening,pointwise90/68 intervals,estimated,,,,,
p7,recursive VAR,36,vix,0.0756353607998804,-0.0532561195198194,-0.023087528449863,0.093867034727662,0.1596215207215198,7,2005-04,2025-10,247,recursive Cholesky,VAR moving-average propagation,unscaled log response per100bp tightening,pointwise90/68 intervals,estimated,,,,,
p7,recursive VAR,36,activity,-0.8367853547513286,-1.9620416370412217,-1.428246793399102,0.0069332152106452,0.5757348340204342,7,2005-04,2025-10,247,recursive Cholesky,VAR moving-average propagation,100 log response per100bp tightening,pointwise90/68 intervals,estimated,,,,,
p7,recursive VAR,36,price,0.389129706198754,-1.8243338871684576,-1.1417290444997026,0.7315810312081055,1.7385729615300924,7,2005-04,2025-10,247,recursive Cholesky,VAR moving-average propagation,100 log response per100bp tightening,pointwise90/68 intervals,estimated,,,,,
p7,recursive VAR,36,policy,0.1337956712032763,-0.5095732714105717,-0.3062629909035286,0.2872120016240044,0.4931174633111225,7,2005-04,2025-10,247,recursive Cholesky,VAR moving-average propagation,pp response per100bp tightening,pointwise90/68 intervals,estimated,,,,,
p7,recursive VAR,36,fx,1.4141477370380102,-0.8687185373841578,-0.164228112556421,2.165927566088659,3.286687122003634,7,2005-04,2025-10,247,recursive Cholesky,VAR moving-average propagation,100 log response per100bp tightening,pointwise90/68 intervals,estimated,,,,,
p7,recursive-shock LP,0,brent,-1.0201402457970177e-15,-6.890509125473902e-13,-4.1699492012595273e-13,4.1495463963435874e-13,6.870106320557966e-13,7,2005-04,2025-10,247,recursive Cholesky,local projection,100 log response per100bp tightening,pointwise90/68 intervals,estimated,247.0,,,2005-04,2025-10
p7,recursive-shock LP,0,vix,6.084434574554655e-17,-1.413278127310443e-13,-8.54209652953031e-14,8.554265398679417e-14,1.4144950142253538e-13,7,2005-04,2025-10,247,recursive Cholesky,local projection,unscaled log response per100bp tightening,pointwise90/68 intervals,estimated,247.0,,,2005-04,2025-10
p7,recursive-shock LP,0,activity,-7.271739951527143e-15,-2.1465949410768393e-12,-1.3006797291083386e-12,1.2861362492052845e-12,2.132051461173785e-12,7,2005-04,2025-10,247,recursive Cholesky,local projection,100 log response per100bp tightening,pointwise90/68 intervals,estimated,247.0,,,2005-04,2025-10
p7,recursive-shock LP,0,price,2.066391699987559e-15,-7.902880014406085e-13,-4.769811415537375e-13,4.811139249537127e-13,7.944207848405833e-13,7,2005-04,2025-10,247,recursive Cholesky,local projection,100 log response per100bp tightening,pointwise90/68 intervals,estimated,247.0,,,2005-04,2025-10
p7,recursive-shock LP,0,policy,1.000000000000023,0.9999999999999925,1.0000000000000049,1.0000000000000415,1.0000000000000535,7,2005-04,2025-10,247,recursive Cholesky,local projection,pp response per100bp tightening,pointwise90/68 intervals,estimated,247.0,,,2005-04,2025-10
p7,recursive-shock LP,0,fx,3.750147219986778,2.100316387113826,2.752680180470425,4.7476142595031305,5.39997805285973,7,2005-04,2025-10,247,recursive Cholesky,local projection,100 log response per100bp tightening,pointwise90/68 intervals,estimated,247.0,,,2005-04,2025-10
p7,recursive-shock LP,1,brent,6.2885933264933485,-0.6243004859402035,2.1091443865243624,10.468042266462334,13.2014871389269,7,2005-04,2025-10,247,recursive Cholesky,local projection,100 log response per100bp tightening,pointwise90/68 intervals,estimated,246.0,,,2005-04,2025-09
p7,recursive-shock LP,1,vix,0.0977767475510756,-0.0057553592512236,0.0351825336417925,0.1603709614603588,0.2013088543533749,7,2005-04,2025-10,247,recursive Cholesky,local projection,unscaled log response per100bp tightening,pointwise90/68 intervals,estimated,246.0,,,2005-04,2025-09
p7,recursive-shock LP,1,activity,0.0641480262066361,-1.2954499202342646,-0.7578478484900222,0.8861439009032943,1.4237459726475368,7,2005-04,2025-10,247,recursive Cholesky,local projection,100 log response per100bp tightening,pointwise90/68 intervals,estimated,246.0,,,2005-04,2025-09
p7,recursive-shock LP,1,price,0.245531203146257,0.0366792794569805,0.1192619482209672,0.3718004580715468,0.4543831268355335,7,2005-04,2025-10,247,recursive Cholesky,local projection,100 log response per100bp tightening,pointwise90/68 intervals,estimated,246.0,,,2005-04,2025-09
p7,recursive-shock LP,1,policy,1.1700763721465663,1.0034466564146038,1.0693341348608292,1.2708186094323035,1.3367060878785288,7,2005-04,2025-10,247,recursive Cholesky,local projection,pp response per100bp tightening,pointwise90/68 intervals,estimated,246.0,,,2005-04,2025-09
p7,recursive-shock LP,1,fx,5.003730900058358,2.191628705346488,3.303569165238428,6.7038926348782875,7.815833094770227,7,2005-04,2025-10,247,recursive Cholesky,local projection,100 log response per100bp tightening,pointwise90/68 intervals,estimated,246.0,,,2005-04,2025-09
p7,recursive-shock LP,2,brent,10.314368139501678,-0.0645490233026606,4.03940493146159,16.589331347541766,20.693285302306016,7,2005-04,2025-10,247,recursive Cholesky,local projection,100 log response per100bp tightening,pointwise90/68 intervals,estimated,245.0,,,2005-04,2025-08
p7,recursive-shock LP,2,vix,-0.0114650312717018,-0.1412748523583523,-0.089946421823711,0.0670163592803073,0.1183447898149487,7,2005-04,2025-10,247,recursive Cholesky,local projection,unscaled log response per100bp tightening,pointwise90/68 intervals,estimated,245.0,,,2005-04,2025-08
p7,recursive-shock LP,2,activity,0.8674858440148311,-1.1701317755842422,-0.364432225517549,2.0994039135472113,2.9051034636139046,7,2005-04,2025-10,247,recursive Cholesky,local projection,100 log response per100bp tightening,pointwise90/68 intervals,estimated,245.0,,,2005-04,2025-08
p7,recursive-shock LP,2,price,0.1957262712443433,-0.0756049406795462,0.0316828218836489,0.3597697206050377,0.4670574831682329,7,2005-04,2025-10,247,recursive Cholesky,local projection,100 log response per100bp tightening,pointwise90/68 intervals,estimated,245.0,,,2005-04,2025-08
p7,recursive-shock LP,2,policy,1.1839762086579055,0.9224093789570604,1.025836182384393,1.3421162349314184,1.4455430383587506,7,2005-04,2025-10,247,recursive Cholesky,local projection,pp response per100bp tightening,pointwise90/68 intervals,estimated,245.0,,,2005-04,2025-08
p7,recursive-shock LP,2,fx,3.668173878988117,0.1949703942820932,1.5683185917070477,5.768029166269185,7.14137736369414,7,2005-04,2025-10,247,recursive Cholesky,local projection,100 log response per100bp tightening,pointwise90/68 intervals,estimated,245.0,,,2005-04,2025-08
p7,recursive-shock LP,3,brent,5.735210434220623,-6.18984836180691,-1.4745306230602546,12.944951491501502,17.660269230248158,7,2005-04,2025-10,247,recursive Cholesky,local projection,100 log response per100bp tightening,pointwise90/68 intervals,estimated,244.0,,,2005-04,2025-07
p7,recursive-shock LP,3,vix,0.0416359460950272,-0.1338741318363343,-0.0644752468535414,0.1477471390435958,0.2171460240263887,7,2005-04,2025-10,247,recursive Cholesky,local projection,unscaled log response per100bp tightening,pointwise90/68 intervals,estimated,244.0,,,2005-04,2025-07
p7,recursive-shock LP,3,activity,2.1986005343362596,0.0750980619449324,0.9147575594456678,3.4824435092268513,4.322103006727587,7,2005-04,2025-10,247,recursive Cholesky,local projection,100 log response per100bp tightening,pointwise90/68 intervals,estimated,244.0,,,2005-04,2025-07
p7,recursive-shock LP,3,price,-0.0285545941702176,-0.5135478856197666,-0.321775458375467,0.2646662700350317,0.4564386972793313,7,2005-04,2025-10,247,recursive Cholesky,local projection,100 log response per100bp tightening,pointwise90/68 intervals,estimated,244.0,,,2005-04,2025-07
p7,recursive-shock LP,3,policy,1.1621363829219478,0.8735828133435629,0.9876805120203086,1.336592253823587,1.4506899525003325,7,2005-04,2025-10,247,recursive Cholesky,local projection,pp response per100bp tightening,pointwise90/68 intervals,estimated,244.0,,,2005-04,2025-07
p7,recursive-shock LP,3,fx,4.283624549185206,0.4899722122814687,1.9900299029654611,6.577219195404951,8.077276886088944,7,2005-04,2025-10,247,recursive Cholesky,local projection,100 log response per100bp tightening,pointwise90/68 intervals,estimated,244.0,,,2005-04,2025-07
p7,recursive-shock LP,4,brent,-0.5583563570522204,-15.698751098513284,-9.71204921995987,8.595336505855428,14.58203838440884,7,2005-04,2025-10,247,recursive Cholesky,local projection,100 log response per100bp tightening,pointwise90/68 intervals,estimated,243.0,,,2005-04,2025-06
p7,recursive-shock LP,4,vix,0.0891298967836744,-0.0750973226003482,-0.0101598213274418,0.1884196148947908,0.2533571161676972,7,2005-04,2025-10,247,recursive Cholesky,local projection,unscaled log response per100bp tightening,pointwise90/68 intervals,estimated,243.0,,,2005-04,2025-06
p7,recursive-shock LP,4,activity,3.34139114177569,0.8817053528565486,1.8542959480573935,4.828486335493986,5.8010769306948315,7,2005-04,2025-10,247,recursive Cholesky,local projection,100 log response per100bp tightening,pointwise90/68 intervals,estimated,243.0,,,2005-04,2025-06
p7,recursive-shock LP,4,price,-0.1111699744606626,-0.5469834955463818,-0.3746573660143671,0.1523174170930419,0.3246435466250565,7,2005-04,2025-10,247,recursive Cholesky,local projection,100 log response per100bp tightening,pointwise90/68 intervals,estimated,243.0,,,2005-04,2025-06
p7,recursive-shock LP,4,policy,1.0634564564071722,0.7630229235871099,0.8818181086551009,1.2450948041592436,1.3638899892272347,7,2005-04,2025-10,247,recursive Cholesky,local projection,pp response per100bp tightening,pointwise90/68 intervals,estimated,243.0,,,2005-04,2025-06
p7,recursive-shock LP,4,fx,3.6041175210905902,-1.2696758415462237,0.6574831512029489,6.550751890978232,8.477910883727404,7,2005-04,2025-10,247,recursive Cholesky,local projection,100 log response per100bp tightening,pointwise90/68 intervals,estimated,243.0,,,2005-04,2025-06
p7,recursive-shock LP,5,brent,-6.430107214088633,-25.31989133230415,-17.850633892383783,4.990419464206516,12.459676904126884,7,2005-04,2025-10,247,recursive Cholesky,local projection,100 log response per100bp tightening,pointwise90/68 intervals,estimated,242.0,,,2005-04,2025-05
p7,recursive-shock LP,5,vix,0.1442537108557811,-0.0269128913958008,0.0407685288540296,0.2477388928575326,0.3154203131073631,7,2005-04,2025-10,247,recursive Cholesky,local projection,unscaled log response per100bp tightening,pointwise90/68 intervals,estimated,242.0,,,2005-04,2025-05
p7,recursive-shock LP,5,activity,3.3516690736419372,1.0963415806980086,1.988126343864469,4.715211803419406,5.606996566585866,7,2005-04,2025-10,247,recursive Cholesky,local projection,100 log response per100bp tightening,pointwise90/68 intervals,estimated,242.0,,,2005-04,2025-05
p7,recursive-shock LP,5,price,0.037781480352605,-0.4489672465122069,-0.2565006980988301,0.33206365880404,0.5245302072174169,7,2005-04,2025-10,247,recursive Cholesky,local projection,100 log response per100bp tightening,pointwise90/68 intervals,estimated,242.0,,,2005-04,2025-05
p7,recursive-shock LP,5,policy,0.8317715230786284,0.4873785839816054,0.6235558693602108,1.039987176797046,1.1761644621756515,7,2005-04,2025-10,247,recursive Cholesky,local projection,pp response per100bp tightening,pointwise90/68 intervals,estimated,242.0,,,2005-04,2025-05
p7,recursive-shock LP,5,fx,1.5114882895924688,-4.93705105464554,-2.3872177599853632,5.410194339170301,7.960027633830478,7,2005-04,2025-10,247,recursive Cholesky,local projection,100 log response per100bp tightening,pointwise90/68 intervals,estimated,242.0,,,2005-04,2025-05
p7,recursive-shock LP,6,brent,-12.68452438510536,-36.58537595689407,-27.134679627820308,1.7656308576095905,11.216327186683356,7,2005-04,2025-10,247,recursive Cholesky,local projection,100 log response per100bp tightening,pointwise90/68 intervals,estimated,241.0,,,2005-04,2025-04
p7,recursive-shock LP,6,vix,0.3315674208506759,0.1024206248475186,0.1930281405379724,0.4701067011633794,0.5607142168538332,7,2005-04,2025-10,247,recursive Cholesky,local projection,unscaled log response per100bp tightening,pointwise90/68 intervals,estimated,241.0,,,2005-04,2025-04
p7,recursive-shock LP,6,activity,2.2911292803948373,-0.37694730770087,0.6780436218510462,3.9042149389386287,4.959205868490544,7,2005-04,2025-10,247,recursive Cholesky,local projection,100 log response per100bp tightening,pointwise90/68 intervals,estimated,241.0,,,2005-04,2025-04
p7,recursive-shock LP,6,price,-0.108532375813937,-0.7241551510478023,-0.4807301883630323,0.2636654367351582,0.5070903994199282,7,2005-04,2025-10,247,recursive Cholesky,local projection,100 log response per100bp tightening,pointwise90/68 intervals,estimated,241.0,,,2005-04,2025-04
p7,recursive-shock LP,6,policy,0.6460619282812183,0.2665864427458427,0.4166358067758567,0.8754880497865799,1.025537413816594,7,2005-04,2025-10,247,recursive Cholesky,local projection,pp response per100bp tightening,pointwise90/68 intervals,estimated,241.0,,,2005-04,2025-04
p7,recursive-shock LP,6,fx,1.9553670227621804,-4.812771298356822,-2.136564561791751,6.047298607316112,8.723505343881182,7,2005-04,2025-10,247,recursive Cholesky,local projection,100 log response per100bp tightening,pointwise90/68 intervals,estimated,241.0,,,2005-04,2025-04
p7,recursive-shock LP,7,brent,-21.87827733836611,-47.296042045634195,-37.24553924699012,-6.511015429742102,3.539487368901977,7,2005-04,2025-10,247,recursive Cholesky,local projection,100 log response per100bp tightening,pointwise90/68 intervals,estimated,240.0,,,2005-04,2025-03
p7,recursive-shock LP,7,vix,0.3838037001480903,0.0939065268814511,0.2085355032997524,0.5590718969964281,0.6737008734147294,7,2005-04,2025-10,247,recursive Cholesky,local projection,unscaled log response per100bp tightening,pointwise90/68 intervals,estimated,240.0,,,2005-04,2025-03
p7,recursive-shock LP,7,activity,1.333364048682601,-1.083426340320072,-0.1277971239766742,2.7945252213418765,3.750154437685274,7,2005-04,2025-10,247,recursive Cholesky,local projection,100 log response per100bp tightening,pointwise90/68 intervals,estimated,240.0,,,2005-04,2025-03
p7,recursive-shock LP,7,price,-0.2105086260589848,-0.9110001916827356,-0.6340170453750297,0.2129997932570599,0.4899829395647658,7,2005-04,2025-10,247,recursive Cholesky,local projection,100 log response per100bp tightening,pointwise90/68 intervals,estimated,240.0,,,2005-04,2025-03
p7,recursive-shock LP,7,policy,0.4831135700743564,0.0048329514383974,0.1939511037031164,0.7722760364455964,0.9613941887103156,7,2005-04,2025-10,247,recursive Cholesky,local projection,pp response per100bp tightening,pointwise90/68 intervals,estimated,240.0,,,2005-04,2025-03
p7,recursive-shock LP,7,fx,1.4815039476635388,-5.124022692435335,-2.512114653021934,5.475122548349011,8.087030587762413,7,2005-04,2025-10,247,recursive Cholesky,local projection,100 log response per100bp tightening,pointwise90/68 intervals,estimated,240.0,,,2005-04,2025-03
p7,recursive-shock LP,8,brent,-20.585850176336336,-49.620787285054114,-38.1400091745313,-3.031691178141376,8.44908693238144,7,2005-04,2025-10,247,recursive Cholesky,local projection,100 log response per100bp tightening,pointwise90/68 intervals,estimated,239.0,,,2005-04,2025-02
p7,recursive-shock LP,8,vix,0.2693310681497291,0.0202653893640928,0.1187490810069475,0.4199130552925107,0.5183967469353654,7,2005-04,2025-10,247,recursive Cholesky,local projection,unscaled log response per100bp tightening,pointwise90/68 intervals,estimated,239.0,,,2005-04,2025-02
p7,recursive-shock LP,8,activity,0.9501563522316412,-1.8971261072234056,-0.7712749296373467,2.671587634100629,3.797438811686688,7,2005-04,2025-10,247,recursive Cholesky,local projection,100 log response per100bp tightening,pointwise90/68 intervals,estimated,239.0,,,2005-04,2025-02
p7,recursive-shock LP,8,price,-0.1695471838500104,-0.9544313898569702,-0.6440783356079154,0.3049839679078944,0.6153370221569493,7,2005-04,2025-10,247,recursive Cholesky,local projection,100 log response per100bp tightening,pointwise90/68 intervals,estimated,239.0,,,2005-04,2025-02
p7,recursive-shock LP,8,policy,0.4971138762186847,0.0119497879984277,0.2037897504269486,0.7904380020104207,0.9822779644389416,7,2005-04,2025-10,247,recursive Cholesky,local projection,pp response per100bp tightening,pointwise90/68 intervals,estimated,239.0,,,2005-04,2025-02
p7,recursive-shock LP,8,fx,0.1306422088032211,-6.056017408089765,-3.609734640507867,3.87101905811431,6.317301825696207,7,2005-04,2025-10,247,recursive Cholesky,local projection,100 log response per100bp tightening,pointwise90/68 intervals,estimated,239.0,,,2005-04,2025-02
p7,recursive-shock LP,9,brent,-12.929327541375628,-41.103310830843974,-29.962964653243866,4.104309570492607,15.244655748092718,7,2005-04,2025-10,247,recursive Cholesky,local projection,100 log response per100bp tightening,pointwise90/68 intervals,estimated,238.0,,,2005-04,2025-01
p7,recursive-shock LP,9,vix,0.2342790008159775,-0.042061461429734,0.0672070215059408,0.4013509801260142,0.510619463061689,7,2005-04,2025-10,247,recursive Cholesky,local projection,unscaled log response per100bp tightening,pointwise90/68 intervals,estimated,238.0,,,2005-04,2025-01
p7,recursive-shock LP,9,activity,1.1990605326909811,-2.2659158659922416,-0.8958207615142526,3.2939418268962153,4.664036931374204,7,2005-04,2025-10,247,recursive Cholesky,local projection,100 log response per100bp tightening,pointwise90/68 intervals,estimated,238.0,,,2005-04,2025-01
p7,recursive-shock LP,9,price,-0.1086930893038101,-1.0235213219593555,-0.6617867706140889,0.4444005920064687,0.8061351433517354,7,2005-04,2025-10,247,recursive Cholesky,local projection,100 log response per100bp tightening,pointwise90/68 intervals,estimated,238.0,,,2005-04,2025-01
p7,recursive-shock LP,9,policy,0.6360816257054179,0.183295953935373,0.362333084608375,0.9098301668024608,1.088867297475463,7,2005-04,2025-10,247,recursive Cholesky,local projection,pp response per100bp tightening,pointwise90/68 intervals,estimated,238.0,,,2005-04,2025-01
p7,recursive-shock LP,9,fx,0.8379829983041256,-5.045987471417557,-2.7193917870941835,4.395357783702435,6.721953468025808,7,2005-04,2025-10,247,recursive Cholesky,local projection,100 log response per100bp tightening,pointwise90/68 intervals,estimated,238.0,,,2005-04,2025-01
p7,recursive-shock LP,10,brent,-6.37666045232412,-35.10059476110814,-23.74279105636486,10.98947015171662,22.3472738564599,7,2005-04,2025-10,247,recursive Cholesky,local projection,100 log response per100bp tightening,pointwise90/68 intervals,estimated,237.0,,,2005-04,2024-12
p7,recursive-shock LP,10,vix,0.2292409025443733,-0.0408150996553307,0.0659684289970784,0.3925133760916681,0.4992969047440773,7,2005-04,2025-10,247,recursive Cholesky,local projection,unscaled log response per100bp tightening,pointwise90/68 intervals,estimated,237.0,,,2005-04,2024-12
p7,recursive-shock LP,10,activity,1.3805857916033732,-2.4120227052548984,-0.9123777620103096,3.673549345217056,5.173194288461645,7,2005-04,2025-10,247,recursive Cholesky,local projection,100 log response per100bp tightening,pointwise90/68 intervals,estimated,237.0,,,2005-04,2024-12
p7,recursive-shock LP,10,price,-0.0371062873725579,-0.9906126104150176,-0.6135842572678666,0.5393716825227507,0.9164000356699018,7,2005-04,2025-10,247,recursive Cholesky,local projection,100 log response per100bp tightening,pointwise90/68 intervals,estimated,237.0,,,2005-04,2024-12
p7,recursive-shock LP,10,policy,0.4781776504306769,0.0073897357136178,0.1935451789213605,0.7628101219399933,0.948965565147736,7,2005-04,2025-10,247,recursive Cholesky,local projection,pp response per100bp tightening,pointwise90/68 intervals,estimated,237.0,,,2005-04,2024-12
p7,recursive-shock LP,10,fx,-0.3541009376526537,-6.552082450446033,-4.101322863295485,3.393120987990177,5.843880575140725,7,2005-04,2025-10,247,recursive Cholesky,local projection,100 log response per100bp tightening,pointwise90/68 intervals,estimated,237.0,,,2005-04,2024-12
p7,recursive-shock LP,11,brent,-2.968548125329838,-30.225633911392165,-19.44784050073213,13.510744250072454,24.288537660732487,7,2005-04,2025-10,247,recursive Cholesky,local projection,100 log response per100bp tightening,pointwise90/68 intervals,estimated,236.0,,,2005-04,2024-11
p7,recursive-shock LP,11,vix,0.2126472530843229,-0.0128652253052905,0.0763052356414926,0.3489892705271532,0.4381597314739363,7,2005-04,2025-10,247,recursive Cholesky,local projection,unscaled log response per100bp tightening,pointwise90/68 intervals,estimated,236.0,,,2005-04,2024-11
p7,recursive-shock LP,11,activity,0.7664527405916828,-2.7968743173390314,-1.387890129285068,2.9207956104684336,4.329779798522397,7,2005-04,2025-10,247,recursive Cholesky,local projection,100 log response per100bp tightening,pointwise90/68 intervals,estimated,236.0,,,2005-04,2024-11
p7,recursive-shock LP,11,price,-0.0044709932829077,-1.009215045122324,-0.6119266517001628,0.6029846651343475,1.0002730585565085,7,2005-04,2025-10,247,recursive Cholesky,local projection,100 log response per100bp tightening,pointwise90/68 intervals,estimated,236.0,,,2005-04,2024-11
p7,recursive-shock LP,11,policy,0.5079825441682588,0.0253207310891254,0.2161712625586899,0.7997938257778276,0.9906443572473922,7,2005-04,2025-10,247,recursive Cholesky,local projection,pp response per100bp tightening,pointwise90/68 intervals,estimated,236.0,,,2005-04,2024-11
p7,recursive-shock LP,11,fx,-0.8545151159602958,-6.815386780158773,-4.45838339951712,2.7493531675965284,5.106356548238182,7,2005-04,2025-10,247,recursive Cholesky,local projection,100 log response per100bp tightening,pointwise90/68 intervals,estimated,236.0,,,2005-04,2024-11
p7,recursive-shock LP,12,brent,-1.3404952217420376,-29.405963696414197,-18.308525636910385,15.62753519342631,26.72497325293012,7,2005-04,2025-10,247,recursive Cholesky,local projection,100 log response per100bp tightening,pointwise90/68 intervals,estimated,235.0,,,2005-04,2024-10
p7,recursive-shock LP,12,vix,0.1538727708907292,-0.0649691673605799,0.0215636783945996,0.2861818633868588,0.3727147091420384,7,2005-04,2025-10,247,recursive Cholesky,local projection,unscaled log response per100bp tightening,pointwise90/68 intervals,estimated,235.0,,,2005-04,2024-10
p7,recursive-shock LP,12,activity,2.7249691971666232,-0.9516614474479196,0.5021243991380628,4.947813995195183,6.401599841781167,7,2005-04,2025-10,247,recursive Cholesky,local projection,100 log response per100bp tightening,pointwise90/68 intervals,estimated,235.0,,,2005-04,2024-10
p7,recursive-shock LP,12,price,-0.0698221056943411,-1.210680759772765,-0.7595709463125038,0.6199267349238216,1.071036548384083,7,2005-04,2025-10,247,recursive Cholesky,local projection,100 log response per100bp tightening,pointwise90/68 intervals,estimated,235.0,,,2005-04,2024-10
p7,recursive-shock LP,12,policy,0.5054999857147197,-0.0335506991812051,0.1795966990873894,0.8314032723420499,1.0445506706106444,7,2005-04,2025-10,247,recursive Cholesky,local projection,pp response per100bp tightening,pointwise90/68 intervals,estimated,235.0,,,2005-04,2024-10
p7,recursive-shock LP,12,fx,-0.8664533437727219,-7.018062260680208,-4.585638979263038,2.8527322917175946,5.285155573134763,7,2005-04,2025-10,247,recursive Cholesky,local projection,100 log response per100bp tightening,pointwise90/68 intervals,estimated,235.0,,,2005-04,2024-10
p7,recursive-shock LP,13,brent,-6.7651628406396975,-35.355314892469806,-24.05041036920096,10.520084687921567,21.824989211190413,7,2005-04,2025-10,247,recursive Cholesky,local projection,100 log response per100bp tightening,pointwise90/68 intervals,estimated,234.0,,,2005-04,2024-09
p7,recursive-shock LP,13,vix,0.2164819388683968,-0.0419319792173932,0.0602481234329063,0.3727157543038873,0.474895856954187,7,2005-04,2025-10,247,recursive Cholesky,local projection,unscaled log response per100bp tightening,pointwise90/68 intervals,estimated,234.0,,,2005-04,2024-09
p7,recursive-shock LP,13,activity,1.9508159772239464,-0.8451178854985795,0.260429413240923,3.64120254120697,4.746749839946473,7,2005-04,2025-10,247,recursive Cholesky,local projection,100 log response per100bp tightening,pointwise90/68 intervals,estimated,234.0,,,2005-04,2024-09
p7,recursive-shock LP,13,price,-0.1864893252446068,-1.4181781235687234,-0.931152932440278,0.5581742819510644,1.04519947307951,7,2005-04,2025-10,247,recursive Cholesky,local projection,100 log response per100bp tightening,pointwise90/68 intervals,estimated,234.0,,,2005-04,2024-09
p7,recursive-shock LP,13,policy,0.4810526236627498,-0.0696325941766382,0.1481152442666094,0.8139900030588902,1.031737841502138,7,2005-04,2025-10,247,recursive Cholesky,local projection,pp response per100bp tightening,pointwise90/68 intervals,estimated,234.0,,,2005-04,2024-09
p7,recursive-shock LP,13,fx,-0.6703511512932572,-6.8212831404826835,-4.389127524771102,3.048425222184588,5.480580837896169,7,2005-04,2025-10,247,recursive Cholesky,local projection,100 log response per100bp tightening,pointwise90/68 intervals,estimated,234.0,,,2005-04,2024-09
p7,recursive-shock LP,14,brent,-7.922929449473016,-34.45036597525098,-23.961085028884067,8.115226129938033,18.604507076304948,7,2005-04,2025-10,247,recursive Cholesky,local projection,100 log response per100bp tightening,pointwise90/68 intervals,estimated,233.0,,,2005-04,2024-08
p7,recursive-shock LP,14,vix,0.2004328623964121,-0.0711774480897896,0.0362206735436826,0.3646450512491416,0.4720431728826139,7,2005-04,2025-10,247,recursive Cholesky,local projection,unscaled log response per100bp tightening,pointwise90/68 intervals,estimated,233.0,,,2005-04,2024-08
p7,recursive-shock LP,14,activity,1.2699593376462233,-1.3150772856322492,-0.292921399145952,2.8328400744383986,3.854995960924696,7,2005-04,2025-10,247,recursive Cholesky,local projection,100 log response per100bp tightening,pointwise90/68 intervals,estimated,233.0,,,2005-04,2024-08
p7,recursive-shock LP,14,price,-0.0214230063699509,-1.384663804088876,-0.8456213032830505,0.8027752905431486,1.3418177913489742,7,2005-04,2025-10,247,recursive Cholesky,local projection,100 log response per100bp tightening,pointwise90/68 intervals,estimated,233.0,,,2005-04,2024-08
p7,recursive-shock LP,14,policy,0.4150391965659737,-0.1788162658032469,0.056001628502984,0.7740767646289635,1.0088946589351946,7,2005-04,2025-10,247,recursive Cholesky,local projection,pp response per100bp tightening,pointwise90/68 intervals,estimated,233.0,,,2005-04,2024-08
p7,recursive-shock LP,14,fx,0.198816500957689,-5.649471334336825,-3.3369850109782537,3.734618012893632,6.047104336252204,7,2005-04,2025-10,247,recursive Cholesky,local projection,100 log response per100bp tightening,pointwise90/68 intervals,estimated,233.0,,,2005-04,2024-08
p7,recursive-shock LP,15,brent,-13.145153016544942,-38.523862087295626,-28.48880237692629,2.198496343836407,12.233556054205742,7,2005-04,2025-10,247,recursive Cholesky,local projection,100 log response per100bp tightening,pointwise90/68 intervals,estimated,232.0,,,2005-04,2024-07
p7,recursive-shock LP,15,vix,0.1379111058872228,-0.126323377020096,-0.0218417500736125,0.2976639618480582,0.4021455887945417,7,2005-04,2025-10,247,recursive Cholesky,local projection,unscaled log response per100bp tightening,pointwise90/68 intervals,estimated,232.0,,,2005-04,2024-07
p7,recursive-shock LP,15,activity,0.6811221471552626,-2.0609634692940553,-0.9767084421647384,2.338952736475264,3.42320776360458,7,2005-04,2025-10,247,recursive Cholesky,local projection,100 log response per100bp tightening,pointwise90/68 intervals,estimated,232.0,,,2005-04,2024-07
p7,recursive-shock LP,15,price,-0.1616378826979074,-1.5939548792621336,-1.0275987835037244,0.7043230181079095,1.2706791138663187,7,2005-04,2025-10,247,recursive Cholesky,local projection,100 log response per100bp tightening,pointwise90/68 intervals,estimated,232.0,,,2005-04,2024-07
p7,recursive-shock LP,15,policy,0.3358393646046336,-0.3120088948336251,-0.0558415717204692,0.7275203009297365,0.9836876240428925,7,2005-04,2025-10,247,recursive Cholesky,local projection,pp response per100bp tightening,pointwise90/68 intervals,estimated,232.0,,,2005-04,2024-07
p7,recursive-shock LP,15,fx,0.0003073736619596,-5.956325905608402,-3.600998435499102,3.60161318282302,5.956940652932321,7,2005-04,2025-10,247,recursive Cholesky,local projection,100 log response per100bp tightening,pointwise90/68 intervals,estimated,232.0,,,2005-04,2024-07
p7,recursive-shock LP,16,brent,-9.433307589272957,-31.474171517196005,-22.75893761904048,3.89232244049457,12.607556338650094,7,2005-04,2025-10,247,recursive Cholesky,local projection,100 log response per100bp tightening,pointwise90/68 intervals,estimated,231.0,,,2005-04,2024-06
p7,recursive-shock LP,16,vix,0.1316624154619624,-0.1236859518860367,-0.0227180064267565,0.2860428373506813,0.3870107828099616,7,2005-04,2025-10,247,recursive Cholesky,local projection,unscaled log response per100bp tightening,pointwise90/68 intervals,estimated,231.0,,,2005-04,2024-06
p7,recursive-shock LP,16,activity,0.3903808442781161,-2.4295106160079905,-1.3144901828629,2.0952518714191326,3.210272304564223,7,2005-04,2025-10,247,recursive Cholesky,local projection,100 log response per100bp tightening,pointwise90/68 intervals,estimated,231.0,,,2005-04,2024-06
p7,recursive-shock LP,16,price,0.0811903140783418,-1.374362695199094,-0.7988187887306163,0.9611994168872998,1.5367433233557777,7,2005-04,2025-10,247,recursive Cholesky,local projection,100 log response per100bp tightening,pointwise90/68 intervals,estimated,231.0,,,2005-04,2024-06
p7,recursive-shock LP,16,policy,0.3784319263324764,-0.2705815014278123,-0.0139534561537457,0.7708173088186987,1.0274453540927653,7,2005-04,2025-10,247,recursive Cholesky,local projection,pp response per100bp tightening,pointwise90/68 intervals,estimated,231.0,,,2005-04,2024-06
p7,recursive-shock LP,16,fx,-0.6610408790280975,-6.599663380357174,-4.2514575976263425,2.929375839570147,5.277581622300979,7,2005-04,2025-10,247,recursive Cholesky,local projection,100 log response per100bp tightening,pointwise90/68 intervals,estimated,231.0,,,2005-04,2024-06
p7,recursive-shock LP,17,brent,-9.758457727309713,-31.83645160475556,-23.106536059103092,3.5896206044836703,12.319536150136138,7,2005-04,2025-10,247,recursive Cholesky,local projection,100 log response per100bp tightening,pointwise90/68 intervals,estimated,230.0,,,2005-04,2024-05
p7,recursive-shock LP,17,vix,0.265878855748634,0.0288354587872056,0.1225653894871974,0.4091923220100707,0.5029222527100625,7,2005-04,2025-10,247,recursive Cholesky,local projection,unscaled log response per100bp tightening,pointwise90/68 intervals,estimated,230.0,,,2005-04,2024-05
p7,recursive-shock LP,17,activity,-0.0712283423308592,-3.114020935512424,-1.9108626001643856,1.7684059155026672,2.9715642508507054,7,2005-04,2025-10,247,recursive Cholesky,local projection,100 log response per100bp tightening,pointwise90/68 intervals,estimated,230.0,,,2005-04,2024-05
p7,recursive-shock LP,17,price,0.2331910670474,-1.2833794588170626,-0.6837084613833881,1.150090595478188,1.7497615929118626,7,2005-04,2025-10,247,recursive Cholesky,local projection,100 log response per100bp tightening,pointwise90/68 intervals,estimated,230.0,,,2005-04,2024-05
p7,recursive-shock LP,17,policy,0.4164339476843232,-0.2622725771459174,0.0060964909379412,0.8267714044307051,1.0951404725145637,7,2005-04,2025-10,247,recursive Cholesky,local projection,pp response per100bp tightening,pointwise90/68 intervals,estimated,230.0,,,2005-04,2024-05
p7,recursive-shock LP,17,fx,-0.42442515835686,-6.080070423848495,-3.8437573875291338,2.9949070708154135,5.231220107134774,7,2005-04,2025-10,247,recursive Cholesky,local projection,100 log response per100bp tightening,pointwise90/68 intervals,estimated,230.0,,,2005-04,2024-05
p7,recursive-shock LP,18,brent,-12.496483197576604,-34.152120716485214,-25.589210169596065,0.5962437744428577,9.159154321332004,7,2005-04,2025-10,247,recursive Cholesky,local projection,100 log response per100bp tightening,pointwise90/68 intervals,estimated,229.0,,,2005-04,2024-04
p7,recursive-shock LP,18,vix,0.2633175570688083,0.0014464742777675,0.1049935831910356,0.4216415309465811,0.5251886398598491,7,2005-04,2025-10,247,recursive Cholesky,local projection,unscaled log response per100bp tightening,pointwise90/68 intervals,estimated,229.0,,,2005-04,2024-04
p7,recursive-shock LP,18,activity,0.2249341759497538,-2.3584046045296914,-1.3369200663700396,1.7867884182695473,2.8082729564291995,7,2005-04,2025-10,247,recursive Cholesky,local projection,100 log response per100bp tightening,pointwise90/68 intervals,estimated,229.0,,,2005-04,2024-04
p7,recursive-shock LP,18,price,0.2932461036262693,-1.3729422792756356,-0.7141105055817277,1.3006027128342663,1.9594344865281743,7,2005-04,2025-10,247,recursive Cholesky,local projection,100 log response per100bp tightening,pointwise90/68 intervals,estimated,229.0,,,2005-04,2024-04
p7,recursive-shock LP,18,policy,0.377660809434136,-0.3046408525492612,-0.0348502221669295,0.7901718410352017,1.0599624714175333,7,2005-04,2025-10,247,recursive Cholesky,local projection,pp response per100bp tightening,pointwise90/68 intervals,estimated,229.0,,,2005-04,2024-04
p7,recursive-shock LP,18,fx,-0.5102237089276468,-5.6809176939745605,-3.6363604732215458,2.615913055366252,4.660470276119266,7,2005-04,2025-10,247,recursive Cholesky,local projection,100 log response per100bp tightening,pointwise90/68 intervals,estimated,229.0,,,2005-04,2024-04
p7,recursive-shock LP,19,brent,-13.911274365005063,-38.44032111540473,-28.74122853774508,0.91867980773495,10.617772385394597,7,2005-04,2025-10,247,recursive Cholesky,local projection,100 log response per100bp tightening,pointwise90/68 intervals,estimated,228.0,,,2005-04,2024-03
p7,recursive-shock LP,19,vix,0.3018573849148824,0.0042647734487581,0.1219366226000265,0.4817781472297384,0.5994499963810067,7,2005-04,2025-10,247,recursive Cholesky,local projection,unscaled log response per100bp tightening,pointwise90/68 intervals,estimated,228.0,,,2005-04,2024-03
p7,recursive-shock LP,19,activity,-1.2054186385268555,-3.6051248909999143,-2.6562509564045698,0.2454136793508585,1.194287613946204,7,2005-04,2025-10,247,recursive Cholesky,local projection,100 log response per100bp tightening,pointwise90/68 intervals,estimated,228.0,,,2005-04,2024-03
p7,recursive-shock LP,19,price,0.3492072730926255,-1.3393030191176445,-0.6716448826590102,1.3700594288442611,2.0377175653028954,7,2005-04,2025-10,247,recursive Cholesky,local projection,100 log response per100bp tightening,pointwise90/68 intervals,estimated,228.0,,,2005-04,2024-03
p7,recursive-shock LP,19,policy,0.3545265287930131,-0.3330041012135052,-0.0611458713252511,0.7701989289112774,1.0420571587995315,7,2005-04,2025-10,247,recursive Cholesky,local projection,pp response per100bp tightening,pointwise90/68 intervals,estimated,228.0,,,2005-04,2024-03
p7,recursive-shock LP,19,fx,0.0089747817911677,-4.932417299816578,-2.97852892617862,2.996478489760955,4.950366863398914,7,2005-04,2025-10,247,recursive Cholesky,local projection,100 log response per100bp tightening,pointwise90/68 intervals,estimated,228.0,,,2005-04,2024-03
p7,recursive-shock LP,20,brent,-15.64182031646853,-42.42989900239871,-31.837556878535516,0.5539162455984528,11.14625836946165,7,2005-04,2025-10,247,recursive Cholesky,local projection,100 log response per100bp tightening,pointwise90/68 intervals,estimated,227.0,,,2005-04,2024-02
p7,recursive-shock LP,20,vix,0.3612474171872993,0.1007660290858763,0.2037636352978596,0.5187311990767389,0.6217288052887222,7,2005-04,2025-10,247,recursive Cholesky,local projection,unscaled log response per100bp tightening,pointwise90/68 intervals,estimated,227.0,,,2005-04,2024-02
p7,recursive-shock LP,20,activity,-2.0995589654455205,-4.956493665399394,-3.82682587092102,-0.3722920599700206,0.7573757345083529,7,2005-04,2025-10,247,recursive Cholesky,local projection,100 log response per100bp tightening,pointwise90/68 intervals,estimated,227.0,,,2005-04,2024-02
p7,recursive-shock LP,20,price,0.6341211323884937,-1.138478359361876,-0.4375702992751484,1.7058125640521358,2.4067206241388632,7,2005-04,2025-10,247,recursive Cholesky,local projection,100 log response per100bp tightening,pointwise90/68 intervals,estimated,227.0,,,2005-04,2024-02
p7,recursive-shock LP,20,policy,0.3516240520707565,-0.360874197544881,-0.0791434578727442,0.7823915620142573,1.064122301686394,7,2005-04,2025-10,247,recursive Cholesky,local projection,pp response per100bp tightening,pointwise90/68 intervals,estimated,227.0,,,2005-04,2024-02
p7,recursive-shock LP,20,fx,-1.1462120237530489,-5.37172140218298,-3.700902023582659,1.408477976076562,3.079297354676883,7,2005-04,2025-10,247,recursive Cholesky,local projection,100 log response per100bp tightening,pointwise90/68 intervals,estimated,227.0,,,2005-04,2024-02
p7,recursive-shock LP,21,brent,-13.66119831086393,-36.046066676217215,-27.194809111112335,-0.1275875106155268,8.723670054489354,7,2005-04,2025-10,247,recursive Cholesky,local projection,100 log response per100bp tightening,pointwise90/68 intervals,estimated,226.0,,,2005-04,2024-01
p7,recursive-shock LP,21,vix,0.2295634839515868,-0.0286611549896377,0.0734441043141249,0.3856828635890487,0.4877881228928113,7,2005-04,2025-10,247,recursive Cholesky,local projection,unscaled log response per100bp tightening,pointwise90/68 intervals,estimated,226.0,,,2005-04,2024-01
p7,recursive-shock LP,21,activity,-1.657964614772623,-4.514364962161911,-3.38490845738614,0.0689792278408938,1.1984357326166644,7,2005-04,2025-10,247,recursive Cholesky,local projection,100 log response per100bp tightening,pointwise90/68 intervals,estimated,226.0,,,2005-04,2024-01
p7,recursive-shock LP,21,price,0.6280333643545368,-1.278754174722182,-0.5247864785608309,1.7808532072699046,2.534820903431256,7,2005-04,2025-10,247,recursive Cholesky,local projection,100 log response per100bp tightening,pointwise90/68 intervals,estimated,226.0,,,2005-04,2024-01
p7,recursive-shock LP,21,policy,0.2832500298122916,-0.4190030033722239,-0.1413233507094913,0.7078234103340745,0.9855030629968072,7,2005-04,2025-10,247,recursive Cholesky,local projection,pp response per100bp tightening,pointwise90/68 intervals,estimated,226.0,,,2005-04,2024-01
p7,recursive-shock LP,21,fx,-3.384181798334105,-7.028639007209541,-5.587574940436298,-1.180788656231912,0.2602754105413307,7,2005-04,2025-10,247,recursive Cholesky,local projection,100 log response per100bp tightening,pointwise90/68 intervals,estimated,226.0,,,2005-04,2024-01
p7,recursive-shock LP,22,brent,-6.306665281149969,-22.72483379996001,-16.232884151857146,3.619553589557209,10.11150323766007,7,2005-04,2025-10,247,recursive Cholesky,local projection,100 log response per100bp tightening,pointwise90/68 intervals,estimated,225.0,,,2005-04,2023-12
p7,recursive-shock LP,22,vix,0.364951362338356,0.0957545727062532,0.2021983579384695,0.5277043667382425,0.6341481519704588,7,2005-04,2025-10,247,recursive Cholesky,local projection,unscaled log response per100bp tightening,pointwise90/68 intervals,estimated,225.0,,,2005-04,2023-12
p7,recursive-shock LP,22,activity,-0.7145736710375222,-2.946533345711418,-2.0639885108244895,0.634841168749445,1.5173860036363735,7,2005-04,2025-10,247,recursive Cholesky,local projection,100 log response per100bp tightening,pointwise90/68 intervals,estimated,225.0,,,2005-04,2023-12
p7,recursive-shock LP,22,price,0.8000160162722317,-1.10392939999636,-0.3510855148217794,1.951117547366243,2.7039614325408237,7,2005-04,2025-10,247,recursive Cholesky,local projection,100 log response per100bp tightening,pointwise90/68 intervals,estimated,225.0,,,2005-04,2023-12
p7,recursive-shock LP,22,policy,0.197857020301835,-0.5240405752517235,-0.2385932163669032,0.6343072569705734,0.9197546158553936,7,2005-04,2025-10,247,recursive Cholesky,local projection,pp response per100bp tightening,pointwise90/68 intervals,estimated,225.0,,,2005-04,2023-12
p7,recursive-shock LP,22,fx,-3.221636634638498,-7.405416046458384,-5.751097219776449,-0.6921760495005467,0.9621427771813882,7,2005-04,2025-10,247,recursive Cholesky,local projection,100 log response per100bp tightening,pointwise90/68 intervals,estimated,225.0,,,2005-04,2023-12
p7,recursive-shock LP,23,brent,-3.60311600417922,-19.509394499356585,-13.219852583576742,6.013620575218301,12.303162490998144,7,2005-04,2025-10,247,recursive Cholesky,local projection,100 log response per100bp tightening,pointwise90/68 intervals,estimated,224.0,,,2005-04,2023-11
p7,recursive-shock LP,23,vix,0.3733661409614233,0.1409571161271978,0.2328545579922807,0.513877723930566,0.6057751657956488,7,2005-04,2025-10,247,recursive Cholesky,local projection,unscaled log response per100bp tightening,pointwise90/68 intervals,estimated,224.0,,,2005-04,2023-11
p7,recursive-shock LP,23,activity,-0.5816870190125865,-2.960558423028403,-2.019922848695672,0.8565488106704993,1.79718438500323,7,2005-04,2025-10,247,recursive Cholesky,local projection,100 log response per100bp tightening,pointwise90/68 intervals,estimated,224.0,,,2005-04,2023-11
p7,recursive-shock LP,23,price,1.1272479075722222,-0.9411906692221186,-0.1233041263133936,2.377799941457838,3.195686484366563,7,2005-04,2025-10,247,recursive Cholesky,local projection,100 log response per100bp tightening,pointwise90/68 intervals,estimated,224.0,,,2005-04,2023-11
p7,recursive-shock LP,23,policy,0.1704107265638443,-0.620202212799009,-0.3075839455664682,0.6484053986941568,0.9610236659266976,7,2005-04,2025-10,247,recursive Cholesky,local projection,pp response per100bp tightening,pointwise90/68 intervals,estimated,224.0,,,2005-04,2023-11
p7,recursive-shock LP,23,fx,-2.446133512501658,-5.930928644844857,-4.55299696463296,-0.3392700603703567,1.038661619841541,7,2005-04,2025-10,247,recursive Cholesky,local projection,100 log response per100bp tightening,pointwise90/68 intervals,estimated,224.0,,,2005-04,2023-11
p7,recursive-shock LP,24,brent,-3.2283610699851972,-21.127635874714247,-14.05003823422668,7.593316094256286,14.670913734743852,7,2005-04,2025-10,247,recursive Cholesky,local projection,100 log response per100bp tightening,pointwise90/68 intervals,estimated,223.0,,,2005-04,2023-10
p7,recursive-shock LP,24,vix,0.3857666336254017,0.1907390018040806,0.2678553722641717,0.5036778949866316,0.5807942654467227,7,2005-04,2025-10,247,recursive Cholesky,local projection,unscaled log response per100bp tightening,pointwise90/68 intervals,estimated,223.0,,,2005-04,2023-10
p7,recursive-shock LP,24,activity,-0.4357489531514516,-2.915111479473051,-1.9347404556385648,1.0632425493356614,2.0436135731701475,7,2005-04,2025-10,247,recursive Cholesky,local projection,100 log response per100bp tightening,pointwise90/68 intervals,estimated,223.0,,,2005-04,2023-10
p7,recursive-shock LP,24,price,1.1399763242131775,-1.1303646198206638,-0.2326433498868194,2.5125959983131745,3.410317268247019,7,2005-04,2025-10,247,recursive Cholesky,local projection,100 log response per100bp tightening,pointwise90/68 intervals,estimated,223.0,,,2005-04,2023-10
p7,recursive-shock LP,24,policy,0.0139413548581136,-0.8286262003201832,-0.4954644266987317,0.523347136414959,0.8565089100364105,7,2005-04,2025-10,247,recursive Cholesky,local projection,pp response per100bp tightening,pointwise90/68 intervals,estimated,223.0,,,2005-04,2023-10
p7,recursive-shock LP,24,fx,-3.446330750777209,-6.800035664326405,-5.473938699953515,-1.4187228016009028,-0.0926258372280131,7,2005-04,2025-10,247,recursive Cholesky,local projection,100 log response per100bp tightening,pointwise90/68 intervals,estimated,223.0,,,2005-04,2023-10
p7,recursive-shock LP,25,brent,-7.378877735991843,-24.724453732478445,-17.865795541857423,3.1080400698737396,9.96669826049476,7,2005-04,2025-10,247,recursive Cholesky,local projection,100 log response per100bp tightening,pointwise90/68 intervals,estimated,222.0,,,2005-04,2023-09
p7,recursive-shock LP,25,vix,0.4681460029328228,0.238887448800135,0.3295391550559887,0.6067528508096569,0.6974045570655106,7,2005-04,2025-10,247,recursive Cholesky,local projection,unscaled log response per100bp tightening,pointwise90/68 intervals,estimated,222.0,,,2005-04,2023-09
p7,recursive-shock LP,25,activity,-1.2419232005887249,-3.522227805199469,-2.620566778970522,0.1367203777930721,1.0383814040220194,7,2005-04,2025-10,247,recursive Cholesky,local projection,100 log response per100bp tightening,pointwise90/68 intervals,estimated,222.0,,,2005-04,2023-09
p7,recursive-shock LP,25,price,1.3322307939889395,-0.9099543145233236,-0.0233662149121576,2.687827802890037,3.574415902501203,7,2005-04,2025-10,247,recursive Cholesky,local projection,100 log response per100bp tightening,pointwise90/68 intervals,estimated,222.0,,,2005-04,2023-09
p7,recursive-shock LP,25,policy,0.0348012354122123,-0.8332255447294391,-0.4899968744043471,0.5595993452287719,0.9028280155538638,7,2005-04,2025-10,247,recursive Cholesky,local projection,pp response per100bp tightening,pointwise90/68 intervals,estimated,222.0,,,2005-04,2023-09
p7,recursive-shock LP,25,fx,-4.484584893802078,-7.711103025002233,-6.435297308765102,-2.5338724788390534,-1.2580667626019228,7,2005-04,2025-10,247,recursive Cholesky,local projection,100 log response per100bp tightening,pointwise90/68 intervals,estimated,222.0,,,2005-04,2023-09
p7,recursive-shock LP,26,brent,-15.54448669419073,-39.11247106145748,-29.793394597826413,-1.2955787905550462,8.023497673076015,7,2005-04,2025-10,247,recursive Cholesky,local projection,100 log response per100bp tightening,pointwise90/68 intervals,estimated,221.0,,,2005-04,2023-08
p7,recursive-shock LP,26,vix,0.5736607155578597,0.2944432526848637,0.404849337734227,0.7424720933814923,0.8528781784308557,7,2005-04,2025-10,247,recursive Cholesky,local projection,unscaled log response per100bp tightening,pointwise90/68 intervals,estimated,221.0,,,2005-04,2023-08
p7,recursive-shock LP,26,activity,-3.3687328744656817,-7.318781045643619,-5.756882481532245,-0.9805832673991182,0.5813152967122557,7,2005-04,2025-10,247,recursive Cholesky,local projection,100 log response per100bp tightening,pointwise90/68 intervals,estimated,221.0,,,2005-04,2023-08
p7,recursive-shock LP,26,price,1.458029300734872,-0.8038445901764744,0.0905287008109929,2.8255299006587515,3.7199031916462184,7,2005-04,2025-10,247,recursive Cholesky,local projection,100 log response per100bp tightening,pointwise90/68 intervals,estimated,221.0,,,2005-04,2023-08
p7,recursive-shock LP,26,policy,0.0729228623415153,-0.8009568664473854,-0.4554138668554607,0.6012595915384914,0.946802591130416,7,2005-04,2025-10,247,recursive Cholesky,local projection,pp response per100bp tightening,pointwise90/68 intervals,estimated,221.0,,,2005-04,2023-08
p7,recursive-shock LP,26,fx,-5.700937398912626,-9.191764413606435,-7.811447651498311,-3.590427146326942,-2.210110384218816,7,2005-04,2025-10,247,recursive Cholesky,local projection,100 log response per100bp tightening,pointwise90/68 intervals,estimated,221.0,,,2005-04,2023-08
p7,recursive-shock LP,27,brent,-13.452729275863357,-35.29093923185792,-26.655837254643544,-0.2496212970831646,8.385480680131206,7,2005-04,2025-10,247,recursive Cholesky,local projection,100 log response per100bp tightening,pointwise90/68 intervals,estimated,220.0,,,2005-04,2023-07
p7,recursive-shock LP,27,vix,0.4161731848842888,0.1674578162741775,0.2658029908821924,0.5665433788863852,0.6648885534944,7,2005-04,2025-10,247,recursive Cholesky,local projection,unscaled log response per100bp tightening,pointwise90/68 intervals,estimated,220.0,,,2005-04,2023-07
p7,recursive-shock LP,27,activity,-3.410513502466864,-7.332053615056358,-5.781427494683719,-1.0395995102500095,0.51102661012263,7,2005-04,2025-10,247,recursive Cholesky,local projection,100 log response per100bp tightening,pointwise90/68 intervals,estimated,220.0,,,2005-04,2023-07
p7,recursive-shock LP,27,price,1.4974333782843066,-0.8430900522092188,0.0823822526681963,2.912484503900417,3.837956808777832,7,2005-04,2025-10,247,recursive Cholesky,local projection,100 log response per100bp tightening,pointwise90/68 intervals,estimated,220.0,,,2005-04,2023-07
p7,recursive-shock LP,27,policy,0.0915136108096237,-0.7577681239172152,-0.4219514795342947,0.6049787011535422,0.9407953455364626,7,2005-04,2025-10,247,recursive Cholesky,local projection,pp response per100bp tightening,pointwise90/68 intervals,estimated,220.0,,,2005-04,2023-07
p7,recursive-shock LP,27,fx,-4.986455993779833,-8.239202006483717,-6.953025457111116,-3.0198865304485496,-1.7337099810759486,7,2005-04,2025-10,247,recursive Cholesky,local projection,100 log response per100bp tightening,pointwise90/68 intervals,estimated,220.0,,,2005-04,2023-07
p7,recursive-shock LP,28,brent,-1.3088993805087434,-16.996921878613314,-10.793681120101391,8.175882359083905,14.379123117595828,7,2005-04,2025-10,247,recursive Cholesky,local projection,100 log response per100bp tightening,pointwise90/68 intervals,estimated,219.0,,,2005-04,2023-06
p7,recursive-shock LP,28,vix,0.3124558256158168,0.0380898430329195,0.1465775919581286,0.4783340592735049,0.586821808198714,7,2005-04,2025-10,247,recursive Cholesky,local projection,unscaled log response per100bp tightening,pointwise90/68 intervals,estimated,219.0,,,2005-04,2023-06
p7,recursive-shock LP,28,activity,-1.858597102570791,-4.906968536031128,-3.701604257301335,-0.015589947840247,1.1897743308895454,7,2005-04,2025-10,247,recursive Cholesky,local projection,100 log response per100bp tightening,pointwise90/68 intervals,estimated,219.0,,,2005-04,2023-06
p7,recursive-shock LP,28,price,1.8056932850168104,-0.5063080247024292,0.4078862760716883,3.203500293961932,4.11769459473605,7,2005-04,2025-10,247,recursive Cholesky,local projection,100 log response per100bp tightening,pointwise90/68 intervals,estimated,219.0,,,2005-04,2023-06
p7,recursive-shock LP,28,policy,0.1734271580895214,-0.6815906057400093,-0.3435058635438606,0.6903601797229033,1.028444921919052,7,2005-04,2025-10,247,recursive Cholesky,local projection,pp response per100bp tightening,pointwise90/68 intervals,estimated,219.0,,,2005-04,2023-06
p7,recursive-shock LP,28,fx,-1.5959751575816994,-5.2076796869864594,-3.779566440258734,0.5876161250953351,2.015729371823061,7,2005-04,2025-10,247,recursive Cholesky,local projection,100 log response per100bp tightening,pointwise90/68 intervals,estimated,219.0,,,2005-04,2023-06
p7,recursive-shock LP,29,brent,-2.621577180058406,-16.040883869106597,-10.734721781785977,5.491567421669165,10.797729508989786,7,2005-04,2025-10,247,recursive Cholesky,local projection,100 log response per100bp tightening,pointwise90/68 intervals,estimated,218.0,,,2005-04,2023-05
p7,recursive-shock LP,29,vix,0.1791644210564087,-0.104652325267312,0.0075723741144142,0.3507564679984033,0.4629811673801295,7,2005-04,2025-10,247,recursive Cholesky,local projection,unscaled log response per100bp tightening,pointwise90/68 intervals,estimated,218.0,,,2005-04,2023-05
p7,recursive-shock LP,29,activity,-0.3437861177900814,-3.4097834075221884,-2.197449644267375,1.5098774086872124,2.7222111719420257,7,2005-04,2025-10,247,recursive Cholesky,local projection,100 log response per100bp tightening,pointwise90/68 intervals,estimated,218.0,,,2005-04,2023-05
p7,recursive-shock LP,29,price,1.9065303356793175,-0.55174288153813,0.4202891651040723,3.3927715062545634,4.364803552896765,7,2005-04,2025-10,247,recursive Cholesky,local projection,100 log response per100bp tightening,pointwise90/68 intervals,estimated,218.0,,,2005-04,2023-05
p7,recursive-shock LP,29,policy,0.2495750724482912,-0.5834023735170522,-0.2540326492986124,0.7531827941951947,1.0825525184136344,7,2005-04,2025-10,247,recursive Cholesky,local projection,pp response per100bp tightening,pointwise90/68 intervals,estimated,218.0,,,2005-04,2023-05
p7,recursive-shock LP,29,fx,-2.2750471519077267,-6.4696305327714825,-4.8110396812926215,0.2609453774771686,1.9195362289560296,7,2005-04,2025-10,247,recursive Cholesky,local projection,100 log response per100bp tightening,pointwise90/68 intervals,estimated,218.0,,,2005-04,2023-05
p7,recursive-shock LP,30,brent,0.1482249265007634,-15.853250252307728,-9.5260663744484,9.822516227449926,16.149700105309254,7,2005-04,2025-10,247,recursive Cholesky,local projection,100 log response per100bp tightening,pointwise90/68 intervals,estimated,217.0,,,2005-04,2023-04
p7,recursive-shock LP,30,vix,0.1077770133206975,-0.1787525892577224,-0.0654551925049178,0.281009219146313,0.3943066158991175,7,2005-04,2025-10,247,recursive Cholesky,local projection,unscaled log response per100bp tightening,pointwise90/68 intervals,estimated,217.0,,,2005-04,2023-04
p7,recursive-shock LP,30,activity,0.7928691456848395,-2.163129189324927,-0.994290391698176,2.580028683067855,3.7488674806946056,7,2005-04,2025-10,247,recursive Cholesky,local projection,100 log response per100bp tightening,pointwise90/68 intervals,estimated,217.0,,,2005-04,2023-04
p7,recursive-shock LP,30,price,1.9266355017244292,-0.64706354691093,0.3706093204352982,3.48266168301356,4.5003345503597885,7,2005-04,2025-10,247,recursive Cholesky,local projection,100 log response per100bp tightening,pointwise90/68 intervals,estimated,217.0,,,2005-04,2023-04
p7,recursive-shock LP,30,policy,0.2424118445065461,-0.6133361384289893,-0.2749626584444061,0.7597863474574984,1.0981598274420814,7,2005-04,2025-10,247,recursive Cholesky,local projection,pp response per100bp tightening,pointwise90/68 intervals,estimated,217.0,,,2005-04,2023-04
p7,recursive-shock LP,30,fx,-1.6503438098687502,-4.944086295852463,-3.641699227019209,0.3410116072817086,1.6433986761149622,7,2005-04,2025-10,247,recursive Cholesky,local projection,100 log response per100bp tightening,pointwise90/68 intervals,estimated,217.0,,,2005-04,2023-04
p7,recursive-shock LP,31,brent,7.105223635521423,-10.899782397330732,-3.78037730381204,17.990824574854884,25.110229668373577,7,2005-04,2025-10,247,recursive Cholesky,local projection,100 log response per100bp tightening,pointwise90/68 intervals,estimated,216.0,,,2005-04,2023-03
p7,recursive-shock LP,31,vix,0.0923384281295717,-0.2270909746062171,-0.1007845844440937,0.2854614407032372,0.4117678308653607,7,2005-04,2025-10,247,recursive Cholesky,local projection,unscaled log response per100bp tightening,pointwise90/68 intervals,estimated,216.0,,,2005-04,2023-03
p7,recursive-shock LP,31,activity,0.8532224587135666,-2.8048065225028846,-1.3583760068122464,3.0648209242393794,4.511251439930017,7,2005-04,2025-10,247,recursive Cholesky,local projection,100 log response per100bp tightening,pointwise90/68 intervals,estimated,216.0,,,2005-04,2023-03
p7,recursive-shock LP,31,price,2.044116138162953,-0.3662481222147078,0.586840122313349,3.5013921540125565,4.454480398540614,7,2005-04,2025-10,247,recursive Cholesky,local projection,100 log response per100bp tightening,pointwise90/68 intervals,estimated,216.0,,,2005-04,2023-03
p7,recursive-shock LP,31,policy,0.4588461476675378,-0.3971520159500903,-0.0586796113875792,0.9763719067226548,1.314844311285166,7,2005-04,2025-10,247,recursive Cholesky,local projection,pp response per100bp tightening,pointwise90/68 intervals,estimated,216.0,,,2005-04,2023-03
p7,recursive-shock LP,31,fx,0.2402579341185905,-2.81718508478379,-1.608233787450142,2.088749655687323,3.2977009530209713,7,2005-04,2025-10,247,recursive Cholesky,local projection,100 log response per100bp tightening,pointwise90/68 intervals,estimated,216.0,,,2005-04,2023-03
p7,recursive-shock LP,32,brent,8.375263344066603,-8.735125106851182,-1.9694630200248329,18.71998970815804,25.48565179498439,7,2005-04,2025-10,247,recursive Cholesky,local projection,100 log response per100bp tightening,pointwise90/68 intervals,estimated,215.0,,,2005-04,2023-02
p7,recursive-shock LP,32,vix,0.0113052018826293,-0.1948338908000825,-0.1133239094237451,0.1359343131890039,0.2174442945653413,7,2005-04,2025-10,247,recursive Cholesky,local projection,unscaled log response per100bp tightening,pointwise90/68 intervals,estimated,215.0,,,2005-04,2023-02
p7,recursive-shock LP,32,activity,1.1232085117159007,-2.627302727712127,-1.144303567780534,3.3907205912123355,4.873719751143929,7,2005-04,2025-10,247,recursive Cholesky,local projection,100 log response per100bp tightening,pointwise90/68 intervals,estimated,215.0,,,2005-04,2023-02
p7,recursive-shock LP,32,price,2.0909410877453145,-0.1354136313079643,0.7449149338636663,3.436967241626963,4.317295806798594,7,2005-04,2025-10,247,recursive Cholesky,local projection,100 log response per100bp tightening,pointwise90/68 intervals,estimated,215.0,,,2005-04,2023-02
p7,recursive-shock LP,32,policy,0.5688963746530894,-0.2901341682039609,0.0495372771232816,1.0882554721828972,1.4279269175101397,7,2005-04,2025-10,247,recursive Cholesky,local projection,pp response per100bp tightening,pointwise90/68 intervals,estimated,215.0,,,2005-04,2023-02
p7,recursive-shock LP,32,fx,1.4115399453152797,-1.3250300590323707,-0.2429559740709623,3.0660358647015213,4.1481099496629295,7,2005-04,2025-10,247,recursive Cholesky,local projection,100 log response per100bp tightening,pointwise90/68 intervals,estimated,215.0,,,2005-04,2023-02
p7,recursive-shock LP,33,brent,16.083548235838663,3.347974420310008,8.383779958265448,23.783316513411876,28.819122051367316,7,2005-04,2025-10,247,recursive Cholesky,local projection,100 log response per100bp tightening,pointwise90/68 intervals,estimated,214.0,,,2005-04,2023-01
p7,recursive-shock LP,33,vix,-0.2058665493246267,-0.3730936571553421,-0.3069699623844495,-0.1047631362648038,-0.0386394414939112,7,2005-04,2025-10,247,recursive Cholesky,local projection,unscaled log response per100bp tightening,pointwise90/68 intervals,estimated,214.0,,,2005-04,2023-01
p7,recursive-shock LP,33,activity,1.2883894599688823,-2.211922332692662,-0.8278551704763004,3.4046340904140653,4.788701252630426,7,2005-04,2025-10,247,recursive Cholesky,local projection,100 log response per100bp tightening,pointwise90/68 intervals,estimated,214.0,,,2005-04,2023-01
p7,recursive-shock LP,33,price,2.073119039585154,-0.1436061300120443,0.7329147905900251,3.413323288580283,4.289844209182352,7,2005-04,2025-10,247,recursive Cholesky,local projection,100 log response per100bp tightening,pointwise90/68 intervals,estimated,214.0,,,2005-04,2023-01
p7,recursive-shock LP,33,policy,0.7220055454506263,-0.1304391986796664,0.2066281392724039,1.2373829516288488,1.5744502895809191,7,2005-04,2025-10,247,recursive Cholesky,local projection,pp response per100bp tightening,pointwise90/68 intervals,estimated,214.0,,,2005-04,2023-01
p7,recursive-shock LP,33,fx,2.2828176931290107,-0.3137225930766916,0.7129819859392723,3.852653400318749,4.8793579793347135,7,2005-04,2025-10,247,recursive Cholesky,local projection,100 log response per100bp tightening,pointwise90/68 intervals,estimated,214.0,,,2005-04,2023-01
p7,recursive-shock LP,34,brent,22.535232122215017,12.189340285797703,16.280235612507852,28.790228631922183,32.88112395863233,7,2005-04,2025-10,247,recursive Cholesky,local projection,100 log response per100bp tightening,pointwise90/68 intervals,estimated,213.0,,,2005-04,2022-12
p7,recursive-shock LP,34,vix,-0.2295362331965469,-0.4645126244274242,-0.3716000137049746,-0.0874724526881192,0.0054401580343303,7,2005-04,2025-10,247,recursive Cholesky,local projection,unscaled log response per100bp tightening,pointwise90/68 intervals,estimated,213.0,,,2005-04,2022-12
p7,recursive-shock LP,34,activity,0.7261335983906057,-2.8800906193593683,-1.4541443565603325,2.9064115533415436,4.33235781614058,7,2005-04,2025-10,247,recursive Cholesky,local projection,100 log response per100bp tightening,pointwise90/68 intervals,estimated,213.0,,,2005-04,2022-12
p7,recursive-shock LP,34,price,2.325673227809582,0.1874947711917909,1.0329573368316676,3.618389118787496,4.4638516844273735,7,2005-04,2025-10,247,recursive Cholesky,local projection,100 log response per100bp tightening,pointwise90/68 intervals,estimated,213.0,,,2005-04,2022-12
p7,recursive-shock LP,34,policy,0.84759266367081,0.0127059235602275,0.3428306066183276,1.3523547207232922,1.6824794037813924,7,2005-04,2025-10,247,recursive Cholesky,local projection,pp response per100bp tightening,pointwise90/68 intervals,estimated,213.0,,,2005-04,2022-12
p7,recursive-shock LP,34,fx,3.885255364875276,1.5291749880472545,2.460798704524939,5.309712025225613,6.241335741703297,7,2005-04,2025-10,247,recursive Cholesky,local projection,100 log response per100bp tightening,pointwise90/68 intervals,estimated,213.0,,,2005-04,2022-12
p7,recursive-shock LP,35,brent,17.298328890973778,6.478422865329723,10.756749344632848,23.83990843731471,28.118234916617833,7,2005-04,2025-10,247,recursive Cholesky,local projection,100 log response per100bp tightening,pointwise90/68 intervals,estimated,212.0,,,2005-04,2022-11
p7,recursive-shock LP,35,vix,-0.0685975526445792,-0.2459102209548802,-0.1757985691392447,0.0386034638500861,0.1087151156657216,7,2005-04,2025-10,247,recursive Cholesky,local projection,unscaled log response per100bp tightening,pointwise90/68 intervals,estimated,212.0,,,2005-04,2022-11
p7,recursive-shock LP,35,activity,0.7954532785527947,-1.8302555766157047,-0.7920173797789255,2.3829239368845148,3.4211621337212943,7,2005-04,2025-10,247,recursive Cholesky,local projection,100 log response per100bp tightening,pointwise90/68 intervals,estimated,212.0,,,2005-04,2022-11
p7,recursive-shock LP,35,price,2.2783868582484677,0.1121844877614561,0.9687280602489186,3.588045656248017,4.444589228735479,7,2005-04,2025-10,247,recursive Cholesky,local projection,100 log response per100bp tightening,pointwise90/68 intervals,estimated,212.0,,,2005-04,2022-11
p7,recursive-shock LP,35,policy,0.8836099263410406,0.0654935858950953,0.3889870426945143,1.378232809987567,1.701726266786986,7,2005-04,2025-10,247,recursive Cholesky,local projection,pp response per100bp tightening,pointwise90/68 intervals,estimated,212.0,,,2005-04,2022-11
p7,recursive-shock LP,35,fx,4.669918325250429,2.053159285971923,3.087858613412213,6.251978037088646,7.286677364528935,7,2005-04,2025-10,247,recursive Cholesky,local projection,100 log response per100bp tightening,pointwise90/68 intervals,estimated,212.0,,,2005-04,2022-11
p7,recursive-shock LP,36,brent,20.93198846531775,3.4859560263349394,10.38433595362627,31.479640977009232,38.37802090430056,7,2005-04,2025-10,247,recursive Cholesky,local projection,100 log response per100bp tightening,pointwise90/68 intervals,estimated,211.0,,,2005-04,2022-10
p7,recursive-shock LP,36,vix,-0.0046977291345962,-0.2355432140551913,-0.1442640154722662,0.1348685572030736,0.2261477557859988,7,2005-04,2025-10,247,recursive Cholesky,local projection,unscaled log response per100bp tightening,pointwise90/68 intervals,estimated,211.0,,,2005-04,2022-10
p7,recursive-shock LP,36,activity,0.8259926601910089,-1.936558297130225,-0.8442110176696253,2.496196338051643,3.5885436175122427,7,2005-04,2025-10,247,recursive Cholesky,local projection,100 log response per100bp tightening,pointwise90/68 intervals,estimated,211.0,,,2005-04,2022-10
p7,recursive-shock LP,36,price,2.15518162295475,-0.0088290852215284,0.8468478765139111,3.4635153693955885,4.319192331131028,7,2005-04,2025-10,247,recursive Cholesky,local projection,100 log response per100bp tightening,pointwise90/68 intervals,estimated,211.0,,,2005-04,2022-10
p7,recursive-shock LP,36,policy,0.6633033492475949,-0.1287598081759947,0.1844318934574831,1.1421748050377067,1.4553665066711847,7,2005-04,2025-10,247,recursive Cholesky,local projection,pp response per100bp tightening,pointwise90/68 intervals,estimated,211.0,,,2005-04,2022-10
p7,recursive-shock LP,36,fx,4.419286492485438,0.4369352477603017,2.0116068520988555,6.82696613287202,8.401637737210574,7,2005-04,2025-10,247,recursive Cholesky,local projection,100 log response per100bp tightening,pointwise90/68 intervals,estimated,211.0,,,2005-04,2022-10
p7,sign-restricted VAR,0,brent,-21.483816612091168,,,,,7,2005-04,2025-10,247,sign restrictions,VAR moving-average propagation,100 log response per100bp tightening,finite sign-admissible range,estimated,,-489.1788329319699,357.40296368461867,,
p7,sign-restricted VAR,0,vix,-0.253532326101427,,,,,7,2005-04,2025-10,247,sign restrictions,VAR moving-average propagation,unscaled log response per100bp tightening,finite sign-admissible range,estimated,,-7.884976089014911,7.7285926934849,,
p7,sign-restricted VAR,0,activity,-0.5157920440192378,,,,,7,2005-04,2025-10,247,sign restrictions,VAR moving-average propagation,100 log response per100bp tightening,finite sign-admissible range,estimated,,-67.42317792972865,110.85858377091526,,
p7,sign-restricted VAR,0,price,-1.3807432800831234,,,,,7,2005-04,2025-10,247,sign restrictions,VAR moving-average propagation,100 log response per100bp tightening,finite sign-admissible range,estimated,,-8.212047706787475,-0.0064280084959417,,
p7,sign-restricted VAR,0,policy,1.0,,,,,7,2005-04,2025-10,247,sign restrictions,VAR moving-average propagation,pp response per100bp tightening,finite sign-admissible range,estimated,,1.0,1.0,,
p7,sign-restricted VAR,0,fx,5.081726218761311,,,,,7,2005-04,2025-10,247,sign restrictions,VAR moving-average propagation,100 log response per100bp tightening,finite sign-admissible range,estimated,,-59.192676199249206,94.2681556092892,,
p7,sign-restricted VAR,1,brent,-14.371614124820775,,,,,7,2005-04,2025-10,247,sign restrictions,VAR moving-average propagation,100 log response per100bp tightening,finite sign-admissible range,estimated,,-602.2225860515356,393.2651495012932,,
p7,sign-restricted VAR,1,vix,-0.0669972671357259,,,,,7,2005-04,2025-10,247,sign restrictions,VAR moving-average propagation,unscaled log response per100bp tightening,finite sign-admissible range,estimated,,-6.90045027316515,6.897914779350669,,
p7,sign-restricted VAR,1,activity,-1.4456088550784347,,,,,7,2005-04,2025-10,247,sign restrictions,VAR moving-average propagation,100 log response per100bp tightening,finite sign-admissible range,estimated,,-82.61236820843448,94.64737210476,,
p7,sign-restricted VAR,1,price,-1.3973930512553334,,,,,7,2005-04,2025-10,247,sign restrictions,VAR moving-average propagation,100 log response per100bp tightening,finite sign-admissible range,estimated,,-10.056046094688009,-0.0022419910788402,,
p7,sign-restricted VAR,1,policy,1.019897471588245,,,,,7,2005-04,2025-10,247,sign restrictions,VAR moving-average propagation,pp response per100bp tightening,finite sign-admissible range,estimated,,0.1841006883816542,1.6937503342266862,,
p7,sign-restricted VAR,1,fx,7.363794652945472,,,,,7,2005-04,2025-10,247,sign restrictions,VAR moving-average propagation,100 log response per100bp tightening,finite sign-admissible range,estimated,,-73.04181656505484,131.2665483688994,,
p7,sign-restricted VAR,2,brent,-13.80998613907392,,,,,7,2005-04,2025-10,247,sign restrictions,VAR moving-average propagation,100 log response per100bp tightening,finite sign-admissible range,estimated,,-520.4530958812222,319.44279121603614,,
p7,sign-restricted VAR,2,vix,-0.1538349319509143,,,,,7,2005-04,2025-10,247,sign restrictions,VAR moving-average propagation,unscaled log response per100bp tightening,finite sign-admissible range,estimated,,-4.880279745253045,4.445870001477617,,
p7,sign-restricted VAR,2,activity,-0.7668144591811892,,,,,7,2005-04,2025-10,247,sign restrictions,VAR moving-average propagation,100 log response per100bp tightening,finite sign-admissible range,estimated,,-57.26777763526648,62.32693150443968,,
p7,sign-restricted VAR,2,price,-1.632257536425636,,,,,7,2005-04,2025-10,247,sign restrictions,VAR moving-average propagation,100 log response per100bp tightening,finite sign-admissible range,estimated,,-9.304745936212168,-0.010454262254141,,
p7,sign-restricted VAR,2,policy,0.9921007574147872,,,,,7,2005-04,2025-10,247,sign restrictions,VAR moving-average propagation,pp response per100bp tightening,finite sign-admissible range,estimated,,0.010555912661877,1.5128273449073069,,
p7,sign-restricted VAR,2,fx,6.201654420536716,,,,,7,2005-04,2025-10,247,sign restrictions,VAR moving-average propagation,100 log response per100bp tightening,finite sign-admissible range,estimated,,-76.2738712988639,126.76301476207082,,
p7,sign-restricted VAR,3,brent,-22.689052635302303,,,,,7,2005-04,2025-10,247,sign restrictions,VAR moving-average propagation,100 log response per100bp tightening,finite sign-admissible range,estimated,,-433.96280617985866,299.2869178781552,,
p7,sign-restricted VAR,3,vix,-0.0563854981050304,,,,,7,2005-04,2025-10,247,sign restrictions,VAR moving-average propagation,unscaled log response per100bp tightening,finite sign-admissible range,estimated,,-3.3364700341870117,3.74176804810171,,
p7,sign-restricted VAR,3,activity,-0.8147126639650881,,,,,7,2005-04,2025-10,247,sign restrictions,VAR moving-average propagation,100 log response per100bp tightening,finite sign-admissible range,estimated,,-42.176353083689534,45.774022350478944,,
p7,sign-restricted VAR,3,price,-2.18613172636194,,,,,7,2005-04,2025-10,247,sign restrictions,VAR moving-average propagation,100 log response per100bp tightening,finite sign-admissible range,estimated,,-11.337906228679756,-0.1688149216713136,,
p7,sign-restricted VAR,3,policy,0.8125954858077422,,,,,7,2005-04,2025-10,247,sign restrictions,VAR moving-average propagation,pp response per100bp tightening,finite sign-admissible range,estimated,,0.0010468092402911,1.807732610648872,,
p7,sign-restricted VAR,3,fx,5.9208930572283744,,,,,7,2005-04,2025-10,247,sign restrictions,VAR moving-average propagation,100 log response per100bp tightening,finite sign-admissible range,estimated,,-73.9488938070986,117.07979159207407,,
p7,sign-restricted VAR,4,brent,-25.21157330183084,,,,,7,2005-04,2025-10,247,sign restrictions,VAR moving-average propagation,100 log response per100bp tightening,finite sign-admissible range,estimated,,-361.3607989064837,304.0926155266485,,
p7,sign-restricted VAR,4,vix,-0.0483359794816518,,,,,7,2005-04,2025-10,247,sign restrictions,VAR moving-average propagation,unscaled log response per100bp tightening,finite sign-admissible range,estimated,,-2.491517282921712,2.823053420364023,,
p7,sign-restricted VAR,4,activity,1.0312651023030923,,,,,7,2005-04,2025-10,247,sign restrictions,VAR moving-average propagation,100 log response per100bp tightening,finite sign-admissible range,estimated,,-42.51871153349777,57.75600766199199,,
p7,sign-restricted VAR,4,price,-2.5363635798714954,,,,,7,2005-04,2025-10,247,sign restrictions,VAR moving-average propagation,100 log response per100bp tightening,finite sign-admissible range,estimated,,-14.372172626856212,1.2539805932101464,,
p7,sign-restricted VAR,4,policy,0.7340185698504305,,,,,7,2005-04,2025-10,247,sign restrictions,VAR moving-average propagation,pp response per100bp tightening,finite sign-admissible range,estimated,,-0.4441161874721919,2.0513929307047114,,
p7,sign-restricted VAR,4,fx,5.703692781921843,,,,,7,2005-04,2025-10,247,sign restrictions,VAR moving-average propagation,100 log response per100bp tightening,finite sign-admissible range,estimated,,-80.48638642101393,120.19978028085816,,
p7,sign-restricted VAR,5,brent,-33.449012034587724,,,,,7,2005-04,2025-10,247,sign restrictions,VAR moving-average propagation,100 log response per100bp tightening,finite sign-admissible range,estimated,,-375.15788608580664,346.95442519123105,,
p7,sign-restricted VAR,5,vix,0.1960162812011704,,,,,7,2005-04,2025-10,247,sign restrictions,VAR moving-average propagation,unscaled log response per100bp tightening,finite sign-admissible range,estimated,,-1.6496676775847663,2.2902048712184033,,
p7,sign-restricted VAR,5,activity,-0.2209263494561786,,,,,7,2005-04,2025-10,247,sign restrictions,VAR moving-average propagation,100 log response per100bp tightening,finite sign-admissible range,estimated,,-41.506530167765526,63.54732680070404,,
p7,sign-restricted VAR,5,price,-2.574079377243841,,,,,7,2005-04,2025-10,247,sign restrictions,VAR moving-average propagation,100 log response per100bp tightening,finite sign-admissible range,estimated,,-14.12227952163445,2.4927645403110175,,
p7,sign-restricted VAR,5,policy,0.3936587915051756,,,,,7,2005-04,2025-10,247,sign restrictions,VAR moving-average propagation,pp response per100bp tightening,finite sign-admissible range,estimated,,-1.9250217588773335,2.2473176566376174,,
p7,sign-restricted VAR,5,fx,4.368766369508421,,,,,7,2005-04,2025-10,247,sign restrictions,VAR moving-average propagation,100 log response per100bp tightening,finite sign-admissible range,estimated,,-84.48826551032212,119.7519102859798,,
p7,sign-restricted VAR,6,brent,-43.10764977987881,,,,,7,2005-04,2025-10,247,sign restrictions,VAR moving-average propagation,100 log response per100bp tightening,finite sign-admissible range,estimated,,-365.8883218077969,343.09257661511407,,
p7,sign-restricted VAR,6,vix,0.3000044610850148,,,,,7,2005-04,2025-10,247,sign restrictions,VAR moving-average propagation,unscaled log response per100bp tightening,finite sign-admissible range,estimated,,-1.9990088719409256,2.7317807438813424,,
p7,sign-restricted VAR,6,activity,-1.885758943179305,,,,,7,2005-04,2025-10,247,sign restrictions,VAR moving-average propagation,100 log response per100bp tightening,finite sign-admissible range,estimated,,-35.941816628861496,44.778443404806325,,
p7,sign-restricted VAR,6,price,-3.216009693627995,,,,,7,2005-04,2025-10,247,sign restrictions,VAR moving-average propagation,100 log response per100bp tightening,finite sign-admissible range,estimated,,-16.66765582649191,3.509138618364324,,
p7,sign-restricted VAR,6,policy,0.0763454955015715,,,,,7,2005-04,2025-10,247,sign restrictions,VAR moving-average propagation,pp response per100bp tightening,finite sign-admissible range,estimated,,-3.1675607306209828,2.0945986580980738,,
p7,sign-restricted VAR,6,fx,5.293555549317343,,,,,7,2005-04,2025-10,247,sign restrictions,VAR moving-average propagation,100 log response per100bp tightening,finite sign-admissible range,estimated,,-80.12541420195124,117.1349304926523,,
p7,sign-restricted VAR,7,brent,-43.17767655456445,,,,,7,2005-04,2025-10,247,sign restrictions,VAR moving-average propagation,100 log response per100bp tightening,finite sign-admissible range,estimated,,-380.1072128197046,322.67868908949066,,
p7,sign-restricted VAR,7,vix,0.2604068442367292,,,,,7,2005-04,2025-10,247,sign restrictions,VAR moving-average propagation,unscaled log response per100bp tightening,finite sign-admissible range,estimated,,-2.3213483084704727,2.649396865970909,,
p7,sign-restricted VAR,7,activity,-3.074566511862595,,,,,7,2005-04,2025-10,247,sign restrictions,VAR moving-average propagation,100 log response per100bp tightening,finite sign-admissible range,estimated,,-32.618500383204335,29.61069983078389,,
p7,sign-restricted VAR,7,price,-3.452327596860376,,,,,7,2005-04,2025-10,247,sign restrictions,VAR moving-average propagation,100 log response per100bp tightening,finite sign-admissible range,estimated,,-18.544214460809822,3.6932621239010905,,
p7,sign-restricted VAR,7,policy,-0.1658597408106676,,,,,7,2005-04,2025-10,247,sign restrictions,VAR moving-average propagation,pp response per100bp tightening,finite sign-admissible range,estimated,,-4.3145927340294605,2.088742736965991,,
p7,sign-restricted VAR,7,fx,5.6953621025630845,,,,,7,2005-04,2025-10,247,sign restrictions,VAR moving-average propagation,100 log response per100bp tightening,finite sign-admissible range,estimated,,-70.97948978707184,106.32073593485248,,
p7,sign-restricted VAR,8,brent,-41.65670589209852,,,,,7,2005-04,2025-10,247,sign restrictions,VAR moving-average propagation,100 log response per100bp tightening,finite sign-admissible range,estimated,,-363.97972670814806,275.5970309828112,,
p7,sign-restricted VAR,8,vix,0.2968364551115813,,,,,7,2005-04,2025-10,247,sign restrictions,VAR moving-average propagation,unscaled log response per100bp tightening,finite sign-admissible range,estimated,,-2.1115881844106608,2.9665203948684846,,
p7,sign-restricted VAR,8,activity,-2.5504578225353036,,,,,7,2005-04,2025-10,247,sign restrictions,VAR moving-average propagation,100 log response per100bp tightening,finite sign-admissible range,estimated,,-26.56787214420442,23.55476216828475,,
p7,sign-restricted VAR,8,price,-3.577053121257925,,,,,7,2005-04,2025-10,247,sign restrictions,VAR moving-average propagation,100 log response per100bp tightening,finite sign-admissible range,estimated,,-18.511491104602392,3.2773112999343312,,
p7,sign-restricted VAR,8,policy,-0.3083365445160513,,,,,7,2005-04,2025-10,247,sign restrictions,VAR moving-average propagation,pp response per100bp tightening,finite sign-admissible range,estimated,,-6.0793937768612185,2.3024234623459217,,
p7,sign-restricted VAR,8,fx,5.473404528028017,,,,,7,2005-04,2025-10,247,sign restrictions,VAR moving-average propagation,100 log response per100bp tightening,finite sign-admissible range,estimated,,-63.02949934222849,96.94286199055384,,
p7,sign-restricted VAR,9,brent,-36.67760207810237,,,,,7,2005-04,2025-10,247,sign restrictions,VAR moving-average propagation,100 log response per100bp tightening,finite sign-admissible range,estimated,,-328.3792931315878,246.420802107044,,
p7,sign-restricted VAR,9,vix,0.2338632111242198,,,,,7,2005-04,2025-10,247,sign restrictions,VAR moving-average propagation,unscaled log response per100bp tightening,finite sign-admissible range,estimated,,-2.558153201153469,3.543929523334635,,
p7,sign-restricted VAR,9,activity,-2.9373429831701476,,,,,7,2005-04,2025-10,247,sign restrictions,VAR moving-average propagation,100 log response per100bp tightening,finite sign-admissible range,estimated,,-26.290640145833084,20.198216279021743,,
p7,sign-restricted VAR,9,price,-3.746125646536729,,,,,7,2005-04,2025-10,247,sign restrictions,VAR moving-average propagation,100 log response per100bp tightening,finite sign-admissible range,estimated,,-19.58068750985603,3.678896321205159,,
p7,sign-restricted VAR,9,policy,-0.5009965983210546,,,,,7,2005-04,2025-10,247,sign restrictions,VAR moving-average propagation,pp response per100bp tightening,finite sign-admissible range,estimated,,-7.940269227401622,2.5133690533833892,,
p7,sign-restricted VAR,9,fx,3.948113207373471,,,,,7,2005-04,2025-10,247,sign restrictions,VAR moving-average propagation,100 log response per100bp tightening,finite sign-admissible range,estimated,,-54.74567451461123,85.05148547554712,,
p7,sign-restricted VAR,10,brent,-30.49413118776264,,,,,7,2005-04,2025-10,247,sign restrictions,VAR moving-average propagation,100 log response per100bp tightening,finite sign-admissible range,estimated,,-306.62250005196586,237.0919676682489,,
p7,sign-restricted VAR,10,vix,0.1940901146763602,,,,,7,2005-04,2025-10,247,sign restrictions,VAR moving-average propagation,unscaled log response per100bp tightening,finite sign-admissible range,estimated,,-2.860186928603639,3.772960057369177,,
p7,sign-restricted VAR,10,activity,-2.8114925537716897,,,,,7,2005-04,2025-10,247,sign restrictions,VAR moving-average propagation,100 log response per100bp tightening,finite sign-admissible range,estimated,,-24.294696800932403,14.629012264893657,,
p7,sign-restricted VAR,10,price,-3.971782071748595,,,,,7,2005-04,2025-10,247,sign restrictions,VAR moving-average propagation,100 log response per100bp tightening,finite sign-admissible range,estimated,,-21.48572991133378,4.914654803104966,,
p7,sign-restricted VAR,10,policy,-0.5490835505903966,,,,,7,2005-04,2025-10,247,sign restrictions,VAR moving-average propagation,pp response per100bp tightening,finite sign-admissible range,estimated,,-9.364450326802077,2.849658563812644,,
p7,sign-restricted VAR,10,fx,5.019192214626755,,,,,7,2005-04,2025-10,247,sign restrictions,VAR moving-average propagation,100 log response per100bp tightening,finite sign-admissible range,estimated,,-44.73787758332717,73.5033269825238,,
p7,sign-restricted VAR,11,brent,-26.79054036616312,,,,,7,2005-04,2025-10,247,sign restrictions,VAR moving-average propagation,100 log response per100bp tightening,finite sign-admissible range,estimated,,-278.8627904338992,223.48807961079208,,
p7,sign-restricted VAR,11,vix,0.195800171809257,,,,,7,2005-04,2025-10,247,sign restrictions,VAR moving-average propagation,unscaled log response per100bp tightening,finite sign-admissible range,estimated,,-2.9008966032167844,3.734176907971426,,
p7,sign-restricted VAR,11,activity,-2.9639588138945725,,,,,7,2005-04,2025-10,247,sign restrictions,VAR moving-average propagation,100 log response per100bp tightening,finite sign-admissible range,estimated,,-25.88549900430276,13.09097024535757,,
p7,sign-restricted VAR,11,price,-3.954953535626903,,,,,7,2005-04,2025-10,247,sign restrictions,VAR moving-average propagation,100 log response per100bp tightening,finite sign-admissible range,estimated,,-21.48474751613234,5.441861019341304,,
p7,sign-restricted VAR,11,policy,-0.6352313314819769,,,,,7,2005-04,2025-10,247,sign restrictions,VAR moving-average propagation,pp response per100bp tightening,finite sign-admissible range,estimated,,-10.548160892038208,2.9001817134404724,,
p7,sign-restricted VAR,11,fx,4.455501946017655,,,,,7,2005-04,2025-10,247,sign restrictions,VAR moving-average propagation,100 log response per100bp tightening,finite sign-admissible range,estimated,,-37.27775442897691,61.75120617021458,,
p7,sign-restricted VAR,12,brent,-24.04482869691884,,,,,7,2005-04,2025-10,247,sign restrictions,VAR moving-average propagation,100 log response per100bp tightening,finite sign-admissible range,estimated,,-267.2551638113119,210.6785819457859,,
p7,sign-restricted VAR,12,vix,0.1146826968971682,,,,,7,2005-04,2025-10,247,sign restrictions,VAR moving-average propagation,unscaled log response per100bp tightening,finite sign-admissible range,estimated,,-2.965690108735487,3.689233548907764,,
p7,sign-restricted VAR,12,activity,-2.4195202371078923,,,,,7,2005-04,2025-10,247,sign restrictions,VAR moving-average propagation,100 log response per100bp tightening,finite sign-admissible range,estimated,,-25.59884969708397,13.274061762362244,,
p7,sign-restricted VAR,12,price,-4.082788390767199,,,,,7,2005-04,2025-10,247,sign restrictions,VAR moving-average propagation,100 log response per100bp tightening,finite sign-admissible range,estimated,,-21.80633979384067,5.8342159000126745,,
p7,sign-restricted VAR,12,policy,-0.7183807478071487,,,,,7,2005-04,2025-10,247,sign restrictions,VAR moving-average propagation,pp response per100bp tightening,finite sign-admissible range,estimated,,-11.437081233871009,3.0474978218383217,,
p7,sign-restricted VAR,12,fx,4.23356802810974,,,,,7,2005-04,2025-10,247,sign restrictions,VAR moving-average propagation,100 log response per100bp tightening,finite sign-admissible range,estimated,,-33.38346519624884,51.58336875535687,,
p7,sign-restricted VAR,13,brent,-20.420702111812567,,,,,7,2005-04,2025-10,247,sign restrictions,VAR moving-average propagation,100 log response per100bp tightening,finite sign-admissible range,estimated,,-242.76152421908577,194.01915293301423,,
p7,sign-restricted VAR,13,vix,0.1082040387039453,,,,,7,2005-04,2025-10,247,sign restrictions,VAR moving-average propagation,unscaled log response per100bp tightening,finite sign-admissible range,estimated,,-2.7828383992429617,3.6378318139269865,,
p7,sign-restricted VAR,13,activity,-1.9913045682906072,,,,,7,2005-04,2025-10,247,sign restrictions,VAR moving-average propagation,100 log response per100bp tightening,finite sign-admissible range,estimated,,-26.278110059873782,15.227122213761955,,
p7,sign-restricted VAR,13,price,-4.200783758613235,,,,,7,2005-04,2025-10,247,sign restrictions,VAR moving-average propagation,100 log response per100bp tightening,finite sign-admissible range,estimated,,-22.29765524602641,6.235713989099745,,
p7,sign-restricted VAR,13,policy,-0.8094679443262967,,,,,7,2005-04,2025-10,247,sign restrictions,VAR moving-average propagation,pp response per100bp tightening,finite sign-admissible range,estimated,,-11.902419638289858,3.059718180976317,,
p7,sign-restricted VAR,13,fx,3.954767743021929,,,,,7,2005-04,2025-10,247,sign restrictions,VAR moving-average propagation,100 log response per100bp tightening,finite sign-admissible range,estimated,,-28.88860015448042,42.3444731169856,,
p7,sign-restricted VAR,14,brent,-19.327050947138098,,,,,7,2005-04,2025-10,247,sign restrictions,VAR moving-average propagation,100 log response per100bp tightening,finite sign-admissible range,estimated,,-214.39402548137284,166.53462988824612,,
p7,sign-restricted VAR,14,vix,0.152500023443443,,,,,7,2005-04,2025-10,247,sign restrictions,VAR moving-average propagation,unscaled log response per100bp tightening,finite sign-admissible range,estimated,,-2.5865552785348673,3.469459508697124,,
p7,sign-restricted VAR,14,activity,-1.8514143959111096,,,,,7,2005-04,2025-10,247,sign restrictions,VAR moving-average propagation,100 log response per100bp tightening,finite sign-admissible range,estimated,,-28.42789005047755,17.210291345194417,,
p7,sign-restricted VAR,14,price,-4.161528916371448,,,,,7,2005-04,2025-10,247,sign restrictions,VAR moving-average propagation,100 log response per100bp tightening,finite sign-admissible range,estimated,,-22.014649802905353,6.5594235060966035,,
p7,sign-restricted VAR,14,policy,-0.865272620032428,,,,,7,2005-04,2025-10,247,sign restrictions,VAR moving-average propagation,pp response per100bp tightening,finite sign-admissible range,estimated,,-12.15132391327056,3.2470683851231823,,
p7,sign-restricted VAR,14,fx,3.829908932959558,,,,,7,2005-04,2025-10,247,sign restrictions,VAR moving-average propagation,100 log response per100bp tightening,finite sign-admissible range,estimated,,-25.05295550983617,35.31589482429516,,
p7,sign-restricted VAR,15,brent,-19.595115966432964,,,,,7,2005-04,2025-10,247,sign restrictions,VAR moving-average propagation,100 log response per100bp tightening,finite sign-admissible range,estimated,,-197.34478140328483,147.98334268689015,,
p7,sign-restricted VAR,15,vix,0.1673447310113396,,,,,7,2005-04,2025-10,247,sign restrictions,VAR moving-average propagation,unscaled log response per100bp tightening,finite sign-admissible range,estimated,,-2.3854516228245273,3.3223637546943205,,
p7,sign-restricted VAR,15,activity,-2.189991327477354,,,,,7,2005-04,2025-10,247,sign restrictions,VAR moving-average propagation,100 log response per100bp tightening,finite sign-admissible range,estimated,,-30.6578225807034,18.778181861054712,,
p7,sign-restricted VAR,15,price,-4.204053111785326,,,,,7,2005-04,2025-10,247,sign restrictions,VAR moving-average propagation,100 log response per100bp tightening,finite sign-admissible range,estimated,,-22.17551470549669,6.951441381733897,,
p7,sign-restricted VAR,15,policy,-0.9704605644545484,,,,,7,2005-04,2025-10,247,sign restrictions,VAR moving-average propagation,pp response per100bp tightening,finite sign-admissible range,estimated,,-12.452813233555306,3.3959301254757217,,
p7,sign-restricted VAR,15,fx,2.985709779802099,,,,,7,2005-04,2025-10,247,sign restrictions,VAR moving-average propagation,100 log response per100bp tightening,finite sign-admissible range,estimated,,-24.1566945416862,28.584254972415632,,
p7,sign-restricted VAR,16,brent,-19.08737013731664,,,,,7,2005-04,2025-10,247,sign restrictions,VAR moving-average propagation,100 log response per100bp tightening,finite sign-admissible range,estimated,,-182.93264483639945,133.86271912474132,,
p7,sign-restricted VAR,16,vix,0.1595244656793493,,,,,7,2005-04,2025-10,247,sign restrictions,VAR moving-average propagation,unscaled log response per100bp tightening,finite sign-admissible range,estimated,,-2.1607522982156713,3.1568835692528783,,
p7,sign-restricted VAR,16,activity,-2.1330563899796173,,,,,7,2005-04,2025-10,247,sign restrictions,VAR moving-average propagation,100 log response per100bp tightening,finite sign-admissible range,estimated,,-32.2276276382489,20.524317385752568,,
p7,sign-restricted VAR,16,price,-4.266524276803548,,,,,7,2005-04,2025-10,247,sign restrictions,VAR moving-average propagation,100 log response per100bp tightening,finite sign-admissible range,estimated,,-23.11937976294857,7.557870485861846,,
p7,sign-restricted VAR,16,policy,-1.0302762914542214,,,,,7,2005-04,2025-10,247,sign restrictions,VAR moving-average propagation,pp response per100bp tightening,finite sign-admissible range,estimated,,-12.552490114739792,3.482597030584401,,
p7,sign-restricted VAR,16,fx,2.7411988430591587,,,,,7,2005-04,2025-10,247,sign restrictions,VAR moving-average propagation,100 log response per100bp tightening,finite sign-admissible range,estimated,,-22.852770969870154,25.520379070034732,,
p7,sign-restricted VAR,17,brent,-17.067883950866047,,,,,7,2005-04,2025-10,247,sign restrictions,VAR moving-average propagation,100 log response per100bp tightening,finite sign-admissible range,estimated,,-168.19562537328954,122.50363175444495,,
p7,sign-restricted VAR,17,vix,0.1709742643199072,,,,,7,2005-04,2025-10,247,sign restrictions,VAR moving-average propagation,unscaled log response per100bp tightening,finite sign-admissible range,estimated,,-1.9443504596598704,2.90350272733327,,
p7,sign-restricted VAR,17,activity,-2.006832733757786,,,,,7,2005-04,2025-10,247,sign restrictions,VAR moving-average propagation,100 log response per100bp tightening,finite sign-admissible range,estimated,,-34.022878121597124,22.11149680100428,,
p7,sign-restricted VAR,17,price,-4.223741189665585,,,,,7,2005-04,2025-10,247,sign restrictions,VAR moving-average propagation,100 log response per100bp tightening,finite sign-admissible range,estimated,,-23.333667213844777,7.928912696079074,,
p7,sign-restricted VAR,17,policy,-1.0857918734928778,,,,,7,2005-04,2025-10,247,sign restrictions,VAR moving-average propagation,pp response per100bp tightening,finite sign-admissible range,estimated,,-12.516831820157725,3.4970118367875336,,
p7,sign-restricted VAR,17,fx,2.197577817791187,,,,,7,2005-04,2025-10,247,sign restrictions,VAR moving-average propagation,100 log response per100bp tightening,finite sign-admissible range,estimated,,-20.57247183437923,22.17064552008317,,
p7,sign-restricted VAR,18,brent,-15.635900174955724,,,,,7,2005-04,2025-10,247,sign restrictions,VAR moving-average propagation,100 log response per100bp tightening,finite sign-admissible range,estimated,,-158.80379312507748,118.69218166866564,,
p7,sign-restricted VAR,18,vix,0.1636350698356863,,,,,7,2005-04,2025-10,247,sign restrictions,VAR moving-average propagation,unscaled log response per100bp tightening,finite sign-admissible range,estimated,,-1.7955947472328726,2.6593284443300043,,
p7,sign-restricted VAR,18,activity,-1.8590711010095535,,,,,7,2005-04,2025-10,247,sign restrictions,VAR moving-average propagation,100 log response per100bp tightening,finite sign-admissible range,estimated,,-34.876843735852795,23.004470623041293,,
p7,sign-restricted VAR,18,price,-4.2084882096541305,,,,,7,2005-04,2025-10,247,sign restrictions,VAR moving-average propagation,100 log response per100bp tightening,finite sign-admissible range,estimated,,-23.647113579834564,8.252849379773217,,
p7,sign-restricted VAR,18,policy,-1.1304582756638508,,,,,7,2005-04,2025-10,247,sign restrictions,VAR moving-average propagation,pp response per100bp tightening,finite sign-admissible range,estimated,,-12.469157928082168,3.424861579922932,,
p7,sign-restricted VAR,18,fx,1.8303081069985767,,,,,7,2005-04,2025-10,247,sign restrictions,VAR moving-average propagation,100 log response per100bp tightening,finite sign-admissible range,estimated,,-20.020729723788964,20.407405438217495,,
p7,sign-restricted VAR,19,brent,-13.005341336481775,,,,,7,2005-04,2025-10,247,sign restrictions,VAR moving-average propagation,100 log response per100bp tightening,finite sign-admissible range,estimated,,-151.85058788225052,118.73987491302128,,
p7,sign-restricted VAR,19,vix,0.147139518039428,,,,,7,2005-04,2025-10,247,sign restrictions,VAR moving-average propagation,unscaled log response per100bp tightening,finite sign-admissible range,estimated,,-1.7795906188438857,2.415534028462205,,
p7,sign-restricted VAR,19,activity,-1.713772294191485,,,,,7,2005-04,2025-10,247,sign restrictions,VAR moving-average propagation,100 log response per100bp tightening,finite sign-admissible range,estimated,,-35.119628729911014,23.389912151167124,,
p7,sign-restricted VAR,19,price,-4.205787893179798,,,,,7,2005-04,2025-10,247,sign restrictions,VAR moving-average propagation,100 log response per100bp tightening,finite sign-admissible range,estimated,,-24.081899049027797,8.646244658138803,,
p7,sign-restricted VAR,19,policy,-1.1468123485561086,,,,,7,2005-04,2025-10,247,sign restrictions,VAR moving-average propagation,pp response per100bp tightening,finite sign-admissible range,estimated,,-12.337733218245068,3.310474074976532,,
p7,sign-restricted VAR,19,fx,1.3960502264750856,,,,,7,2005-04,2025-10,247,sign restrictions,VAR moving-average propagation,100 log response per100bp tightening,finite sign-admissible range,estimated,,-20.141902942153955,19.769069072987957,,
p7,sign-restricted VAR,20,brent,-10.97185939384553,,,,,7,2005-04,2025-10,247,sign restrictions,VAR moving-average propagation,100 log response per100bp tightening,finite sign-admissible range,estimated,,-143.7458762922717,117.54360935849463,,
p7,sign-restricted VAR,20,vix,0.1423490649578542,,,,,7,2005-04,2025-10,247,sign restrictions,VAR moving-average propagation,unscaled log response per100bp tightening,finite sign-admissible range,estimated,,-1.6548724225029396,2.14481014984108,,
p7,sign-restricted VAR,20,activity,-1.4514841463240613,,,,,7,2005-04,2025-10,247,sign restrictions,VAR moving-average propagation,100 log response per100bp tightening,finite sign-admissible range,estimated,,-35.09219597664462,23.60659854484566,,
p7,sign-restricted VAR,20,price,-4.153171137101067,,,,,7,2005-04,2025-10,247,sign restrictions,VAR moving-average propagation,100 log response per100bp tightening,finite sign-admissible range,estimated,,-24.264978254669444,8.977178210273003,,
p7,sign-restricted VAR,20,policy,-1.1408248257201516,,,,,7,2005-04,2025-10,247,sign restrictions,VAR moving-average propagation,pp response per100bp tightening,finite sign-admissible range,estimated,,-12.103338196456864,3.212453631608737,,
p7,sign-restricted VAR,20,fx,1.1703816676314716,,,,,7,2005-04,2025-10,247,sign restrictions,VAR moving-average propagation,100 log response per100bp tightening,finite sign-admissible range,estimated,,-19.54462536393827,19.71941816018405,,
p7,sign-restricted VAR,21,brent,-9.495857956137526,,,,,7,2005-04,2025-10,247,sign restrictions,VAR moving-average propagation,100 log response per100bp tightening,finite sign-admissible range,estimated,,-136.45776545766935,115.84992976980674,,
p7,sign-restricted VAR,21,vix,0.1327996859874381,,,,,7,2005-04,2025-10,247,sign restrictions,VAR moving-average propagation,unscaled log response per100bp tightening,finite sign-admissible range,estimated,,-1.5450624823190486,1.8848443787778848,,
p7,sign-restricted VAR,21,activity,-1.29989665512282,,,,,7,2005-04,2025-10,247,sign restrictions,VAR moving-average propagation,100 log response per100bp tightening,finite sign-admissible range,estimated,,-34.3333192308004,23.207194156451173,,
p7,sign-restricted VAR,21,price,-4.134116540274874,,,,,7,2005-04,2025-10,247,sign restrictions,VAR moving-average propagation,100 log response per100bp tightening,finite sign-admissible range,estimated,,-24.483639936384943,9.240759917766349,,
p7,sign-restricted VAR,21,policy,-1.139469266727504,,,,,7,2005-04,2025-10,247,sign restrictions,VAR moving-average propagation,pp response per100bp tightening,finite sign-admissible range,estimated,,-11.887346069102994,3.1083396673006933,,
p7,sign-restricted VAR,21,fx,0.6672007419800187,,,,,7,2005-04,2025-10,247,sign restrictions,VAR moving-average propagation,100 log response per100bp tightening,finite sign-admissible range,estimated,,-19.50480612746902,20.08873404275676,,
p7,sign-restricted VAR,22,brent,-8.263677407044636,,,,,7,2005-04,2025-10,247,sign restrictions,VAR moving-average propagation,100 log response per100bp tightening,finite sign-admissible range,estimated,,-129.48253982328987,114.78318797763298,,
p7,sign-restricted VAR,22,vix,0.1203708087229164,,,,,7,2005-04,2025-10,247,sign restrictions,VAR moving-average propagation,unscaled log response per100bp tightening,finite sign-admissible range,estimated,,-1.5297768132181937,1.669671719506741,,
p7,sign-restricted VAR,22,activity,-1.173051302905979,,,,,7,2005-04,2025-10,247,sign restrictions,VAR moving-average propagation,100 log response per100bp tightening,finite sign-admissible range,estimated,,-33.15694989828885,22.53723513260643,,
p7,sign-restricted VAR,22,price,-4.1119462990198175,,,,,7,2005-04,2025-10,247,sign restrictions,VAR moving-average propagation,100 log response per100bp tightening,finite sign-admissible range,estimated,,-24.904204572022163,9.579994515336038,,
p7,sign-restricted VAR,22,policy,-1.1202362712283556,,,,,7,2005-04,2025-10,247,sign restrictions,VAR moving-average propagation,pp response per100bp tightening,finite sign-admissible range,estimated,,-11.627504096857605,3.0175593869693076,,
p7,sign-restricted VAR,22,fx,0.489116049209496,,,,,7,2005-04,2025-10,247,sign restrictions,VAR moving-average propagation,100 log response per100bp tightening,finite sign-admissible range,estimated,,-19.241210668576944,20.882075147574017,,
p7,sign-restricted VAR,23,brent,-7.166917730193347,,,,,7,2005-04,2025-10,247,sign restrictions,VAR moving-average propagation,100 log response per100bp tightening,finite sign-admissible range,estimated,,-120.7386049182277,112.65161576622025,,
p7,sign-restricted VAR,23,vix,0.1139735856061077,,,,,7,2005-04,2025-10,247,sign restrictions,VAR moving-average propagation,unscaled log response per100bp tightening,finite sign-admissible range,estimated,,-1.4483449845369,1.497091430258034,,
p7,sign-restricted VAR,23,activity,-1.038781850389758,,,,,7,2005-04,2025-10,247,sign restrictions,VAR moving-average propagation,100 log response per100bp tightening,finite sign-admissible range,estimated,,-32.0021914621499,21.75943894606236,,
p7,sign-restricted VAR,23,price,-3.986733780161416,,,,,7,2005-04,2025-10,247,sign restrictions,VAR moving-average propagation,100 log response per100bp tightening,finite sign-admissible range,estimated,,-25.058932586287035,9.864747985104184,,
p7,sign-restricted VAR,23,policy,-1.095506072384985,,,,,7,2005-04,2025-10,247,sign restrictions,VAR moving-average propagation,pp response per100bp tightening,finite sign-admissible range,estimated,,-11.30518093825353,2.9504287050783624,,
p7,sign-restricted VAR,23,fx,0.3460412825019149,,,,,7,2005-04,2025-10,247,sign restrictions,VAR moving-average propagation,100 log response per100bp tightening,finite sign-admissible range,estimated,,-18.22422281831666,21.358419960278127,,
p7,sign-restricted VAR,24,brent,-6.512318713071224,,,,,7,2005-04,2025-10,247,sign restrictions,VAR moving-average propagation,100 log response per100bp tightening,finite sign-admissible range,estimated,,-112.62420744943712,110.5341540329719,,
p7,sign-restricted VAR,24,vix,0.1026333440316597,,,,,7,2005-04,2025-10,247,sign restrictions,VAR moving-average propagation,unscaled log response per100bp tightening,finite sign-admissible range,estimated,,-1.35076960145597,1.4091523417803553,,
p7,sign-restricted VAR,24,activity,-0.8748285890491521,,,,,7,2005-04,2025-10,247,sign restrictions,VAR moving-average propagation,100 log response per100bp tightening,finite sign-admissible range,estimated,,-30.83092259298464,20.96046364055462,,
p7,sign-restricted VAR,24,price,-3.925024233511232,,,,,7,2005-04,2025-10,247,sign restrictions,VAR moving-average propagation,100 log response per100bp tightening,finite sign-admissible range,estimated,,-25.145789391016585,10.09583016632557,,
p7,sign-restricted VAR,24,policy,-1.0739231422668385,,,,,7,2005-04,2025-10,247,sign restrictions,VAR moving-average propagation,pp response per100bp tightening,finite sign-admissible range,estimated,,-10.988202280562746,2.9075645645818096,,
p7,sign-restricted VAR,24,fx,0.2370278271747605,,,,,7,2005-04,2025-10,247,sign restrictions,VAR moving-average propagation,100 log response per100bp tightening,finite sign-admissible range,estimated,,-17.779333648435102,21.807171565369313,,
p7,sign-restricted VAR,25,brent,-5.562466837864145,,,,,7,2005-04,2025-10,247,sign restrictions,VAR moving-average propagation,100 log response per100bp tightening,finite sign-admissible range,estimated,,-105.76336522887055,109.46277826701004,,
p7,sign-restricted VAR,25,vix,0.0912254686327226,,,,,7,2005-04,2025-10,247,sign restrictions,VAR moving-average propagation,unscaled log response per100bp tightening,finite sign-admissible range,estimated,,-1.2950219085129595,1.344563824334004,,
p7,sign-restricted VAR,25,activity,-0.7578881645364449,,,,,7,2005-04,2025-10,247,sign restrictions,VAR moving-average propagation,100 log response per100bp tightening,finite sign-admissible range,estimated,,-29.39986875263571,20.0234579227305,,
p7,sign-restricted VAR,25,price,-3.8617421285227422,,,,,7,2005-04,2025-10,247,sign restrictions,VAR moving-average propagation,100 log response per100bp tightening,finite sign-admissible range,estimated,,-25.324000969592564,10.360113611564648,,
p7,sign-restricted VAR,25,policy,-1.0643350241220424,,,,,7,2005-04,2025-10,247,sign restrictions,VAR moving-average propagation,pp response per100bp tightening,finite sign-admissible range,estimated,,-10.672984189537258,2.8816743973605283,,
p7,sign-restricted VAR,25,fx,0.0841989093386684,,,,,7,2005-04,2025-10,247,sign restrictions,VAR moving-average propagation,100 log response per100bp tightening,finite sign-admissible range,estimated,,-17.73380727593208,22.20115296154209,,
p7,sign-restricted VAR,26,brent,-4.382405214225242,,,,,7,2005-04,2025-10,247,sign restrictions,VAR moving-average propagation,100 log response per100bp tightening,finite sign-admissible range,estimated,,-99.02200258128865,108.47673332487923,,
p7,sign-restricted VAR,26,vix,0.0861723345258978,,,,,7,2005-04,2025-10,247,sign restrictions,VAR moving-average propagation,unscaled log response per100bp tightening,finite sign-admissible range,estimated,,-1.2198885398159371,1.282854506214779,,
p7,sign-restricted VAR,26,activity,-0.5347148509006863,,,,,7,2005-04,2025-10,247,sign restrictions,VAR moving-average propagation,100 log response per100bp tightening,finite sign-admissible range,estimated,,-27.804520551273814,18.987806096267484,,
p7,sign-restricted VAR,26,price,-3.8185127264451486,,,,,7,2005-04,2025-10,247,sign restrictions,VAR moving-average propagation,100 log response per100bp tightening,finite sign-admissible range,estimated,,-25.418342258222857,10.62150058370302,,
p7,sign-restricted VAR,26,policy,-1.0423930595913844,,,,,7,2005-04,2025-10,247,sign restrictions,VAR moving-average propagation,pp response per100bp tightening,finite sign-admissible range,estimated,,-10.333688116520518,2.8822066687047436,,
p7,sign-restricted VAR,26,fx,0.0526374241392093,,,,,7,2005-04,2025-10,247,sign restrictions,VAR moving-average propagation,100 log response per100bp tightening,finite sign-admissible range,estimated,,-17.54465335841344,22.159274553759964,,
p7,sign-restricted VAR,27,brent,-3.7899776241316783,,,,,7,2005-04,2025-10,247,sign restrictions,VAR moving-average propagation,100 log response per100bp tightening,finite sign-admissible range,estimated,,-93.51970644549206,107.8565958399289,,
p7,sign-restricted VAR,27,vix,0.0784433380246729,,,,,7,2005-04,2025-10,247,sign restrictions,VAR moving-average propagation,unscaled log response per100bp tightening,finite sign-admissible range,estimated,,-1.1453744004907012,1.213287756978196,,
p7,sign-restricted VAR,27,activity,-0.4164439019807341,,,,,7,2005-04,2025-10,247,sign restrictions,VAR moving-average propagation,100 log response per100bp tightening,finite sign-admissible range,estimated,,-26.08333296231745,17.822770207651413,,
p7,sign-restricted VAR,27,price,-3.78489372101646,,,,,7,2005-04,2025-10,247,sign restrictions,VAR moving-average propagation,100 log response per100bp tightening,finite sign-admissible range,estimated,,-25.43882867978422,10.837659687002558,,
p7,sign-restricted VAR,27,policy,-1.0081935400842768,,,,,7,2005-04,2025-10,247,sign restrictions,VAR moving-average propagation,pp response per100bp tightening,finite sign-admissible range,estimated,,-10.020616815175048,2.8986335111473496,,
p7,sign-restricted VAR,27,fx,-0.0617937571955466,,,,,7,2005-04,2025-10,247,sign restrictions,VAR moving-average propagation,100 log response per100bp tightening,finite sign-admissible range,estimated,,-17.326681622138107,21.892804636660376,,
p7,sign-restricted VAR,28,brent,-3.145100354370581,,,,,7,2005-04,2025-10,247,sign restrictions,VAR moving-average propagation,100 log response per100bp tightening,finite sign-admissible range,estimated,,-89.24955134885394,107.69828021240517,,
p7,sign-restricted VAR,28,vix,0.0636281212434303,,,,,7,2005-04,2025-10,247,sign restrictions,VAR moving-average propagation,unscaled log response per100bp tightening,finite sign-admissible range,estimated,,-1.1118026091407849,1.1639421237752932,,
p7,sign-restricted VAR,28,activity,-0.3266580300816046,,,,,7,2005-04,2025-10,247,sign restrictions,VAR moving-average propagation,100 log response per100bp tightening,finite sign-admissible range,estimated,,-24.334287516758028,16.637653075984336,,
p7,sign-restricted VAR,28,price,-3.698341578323771,,,,,7,2005-04,2025-10,247,sign restrictions,VAR moving-average propagation,100 log response per100bp tightening,finite sign-admissible range,estimated,,-25.71946273108104,11.068739882658235,,
p7,sign-restricted VAR,28,policy,-0.9788234949159964,,,,,7,2005-04,2025-10,247,sign restrictions,VAR moving-average propagation,pp response per100bp tightening,finite sign-admissible range,estimated,,-9.72441170959314,2.9268079016354545,,
p7,sign-restricted VAR,28,fx,-0.0774966664208311,,,,,7,2005-04,2025-10,247,sign restrictions,VAR moving-average propagation,100 log response per100bp tightening,finite sign-admissible range,estimated,,-17.04923620975234,21.451670649089344,,
p7,sign-restricted VAR,29,brent,-2.284768255755586,,,,,7,2005-04,2025-10,247,sign restrictions,VAR moving-average propagation,100 log response per100bp tightening,finite sign-admissible range,estimated,,-84.72337484137694,106.89000347293148,,
p7,sign-restricted VAR,29,vix,0.0545509036438996,,,,,7,2005-04,2025-10,247,sign restrictions,VAR moving-average propagation,unscaled log response per100bp tightening,finite sign-admissible range,estimated,,-1.062955032150854,1.1105982517006687,,
p7,sign-restricted VAR,29,activity,-0.2490506463485622,,,,,7,2005-04,2025-10,247,sign restrictions,VAR moving-average propagation,100 log response per100bp tightening,finite sign-admissible range,estimated,,-22.71382090609977,15.542215152726603,,
p7,sign-restricted VAR,29,price,-3.6844037260311326,,,,,7,2005-04,2025-10,247,sign restrictions,VAR moving-average propagation,100 log response per100bp tightening,finite sign-admissible range,estimated,,-25.965723701140263,11.288163558529783,,
p7,sign-restricted VAR,29,policy,-0.9384688884094116,,,,,7,2005-04,2025-10,247,sign restrictions,VAR moving-average propagation,pp response per100bp tightening,finite sign-admissible range,estimated,,-9.42113847344222,2.9681231221938034,,
p7,sign-restricted VAR,29,fx,-0.0658747492778247,,,,,7,2005-04,2025-10,247,sign restrictions,VAR moving-average propagation,100 log response per100bp tightening,finite sign-admissible range,estimated,,-16.46355279608446,20.59528872741753,,
p7,sign-restricted VAR,30,brent,-1.86339673324599,,,,,7,2005-04,2025-10,247,sign restrictions,VAR moving-average propagation,100 log response per100bp tightening,finite sign-admissible range,estimated,,-80.31610796059157,105.50254346080553,,
p7,sign-restricted VAR,30,vix,0.0461625679140063,,,,,7,2005-04,2025-10,247,sign restrictions,VAR moving-average propagation,unscaled log response per100bp tightening,finite sign-admissible range,estimated,,-1.0021341398606431,1.0687840183038502,,
p7,sign-restricted VAR,30,activity,-0.1174965279501371,,,,,7,2005-04,2025-10,247,sign restrictions,VAR moving-average propagation,100 log response per100bp tightening,finite sign-admissible range,estimated,,-21.185710898423135,14.5288072925048,,
p7,sign-restricted VAR,30,price,-3.636390315704587,,,,,7,2005-04,2025-10,247,sign restrictions,VAR moving-average propagation,100 log response per100bp tightening,finite sign-admissible range,estimated,,-26.15967406745663,11.476670478518788,,
p7,sign-restricted VAR,30,policy,-0.8833027154490098,,,,,7,2005-04,2025-10,247,sign restrictions,VAR moving-average propagation,pp response per100bp tightening,finite sign-admissible range,estimated,,-9.183999885894329,3.018210926658201,,
p7,sign-restricted VAR,30,fx,-0.0603810449760473,,,,,7,2005-04,2025-10,247,sign restrictions,VAR moving-average propagation,100 log response per100bp tightening,finite sign-admissible range,estimated,,-15.759523786205843,19.4193483531765,,
p7,sign-restricted VAR,31,brent,-1.401579999665816,,,,,7,2005-04,2025-10,247,sign restrictions,VAR moving-average propagation,100 log response per100bp tightening,finite sign-admissible range,estimated,,-76.46283221490219,103.99885322450235,,
p7,sign-restricted VAR,31,vix,0.0336771464659048,,,,,7,2005-04,2025-10,247,sign restrictions,VAR moving-average propagation,unscaled log response per100bp tightening,finite sign-admissible range,estimated,,-1.0012882111127208,1.0332804179384012,,
p7,sign-restricted VAR,31,activity,-0.0518628200782218,,,,,7,2005-04,2025-10,247,sign restrictions,VAR moving-average propagation,100 log response per100bp tightening,finite sign-admissible range,estimated,,-19.70030804140247,13.549812674632928,,
p7,sign-restricted VAR,31,price,-3.539685178242536,,,,,7,2005-04,2025-10,247,sign restrictions,VAR moving-average propagation,100 log response per100bp tightening,finite sign-admissible range,estimated,,-26.37900001989209,11.670997563358744,,
p7,sign-restricted VAR,31,policy,-0.8452124501080729,,,,,7,2005-04,2025-10,247,sign restrictions,VAR moving-average propagation,pp response per100bp tightening,finite sign-admissible range,estimated,,-8.94535068705485,3.0695895671181783,,
p7,sign-restricted VAR,31,fx,-0.0687546042568069,,,,,7,2005-04,2025-10,247,sign restrictions,VAR moving-average propagation,100 log response per100bp tightening,finite sign-admissible range,estimated,,-15.066928444052255,18.142156660810375,,
p7,sign-restricted VAR,32,brent,-0.8905969645474778,,,,,7,2005-04,2025-10,247,sign restrictions,VAR moving-average propagation,100 log response per100bp tightening,finite sign-admissible range,estimated,,-72.85907542400587,101.97255302228692,,
p7,sign-restricted VAR,32,vix,0.0255920559073343,,,,,7,2005-04,2025-10,247,sign restrictions,VAR moving-average propagation,unscaled log response per100bp tightening,finite sign-admissible range,estimated,,-1.0030763937481244,0.9891953972268728,,
p7,sign-restricted VAR,32,activity,0.0287683939614242,,,,,7,2005-04,2025-10,247,sign restrictions,VAR moving-average propagation,100 log response per100bp tightening,finite sign-admissible range,estimated,,-18.35183517342544,12.661966271913949,,
p7,sign-restricted VAR,32,price,-3.5008326895033552,,,,,7,2005-04,2025-10,247,sign restrictions,VAR moving-average propagation,100 log response per100bp tightening,finite sign-admissible range,estimated,,-26.578848956423386,11.932078290868509,,
p7,sign-restricted VAR,32,policy,-0.7985119477479736,,,,,7,2005-04,2025-10,247,sign restrictions,VAR moving-average propagation,pp response per100bp tightening,finite sign-admissible range,estimated,,-8.692069828910682,3.124744521010074,,
p7,sign-restricted VAR,32,fx,0.0248940610745399,,,,,7,2005-04,2025-10,247,sign restrictions,VAR moving-average propagation,100 log response per100bp tightening,finite sign-admissible range,estimated,,-14.171099240336488,16.66579584705668,,
p7,sign-restricted VAR,33,brent,-0.6509434849420513,,,,,7,2005-04,2025-10,247,sign restrictions,VAR moving-average propagation,100 log response per100bp tightening,finite sign-admissible range,estimated,,-69.28698974763768,99.32382322934266,,
p7,sign-restricted VAR,33,vix,0.0189299814209706,,,,,7,2005-04,2025-10,247,sign restrictions,VAR moving-average propagation,unscaled log response per100bp tightening,finite sign-admissible range,estimated,,-0.991646315440451,0.9477867142926264,,
p7,sign-restricted VAR,33,activity,0.0959364591552534,,,,,7,2005-04,2025-10,247,sign restrictions,VAR moving-average propagation,100 log response per100bp tightening,finite sign-admissible range,estimated,,-17.134501121061337,11.842181595465757,,
p7,sign-restricted VAR,33,price,-3.477151478197065,,,,,7,2005-04,2025-10,247,sign restrictions,VAR moving-average propagation,100 log response per100bp tightening,finite sign-admissible range,estimated,,-26.732884920660137,12.164351722498116,,
p7,sign-restricted VAR,33,policy,-0.7513316743009593,,,,,7,2005-04,2025-10,247,sign restrictions,VAR moving-average propagation,pp response per100bp tightening,finite sign-admissible range,estimated,,-8.439427709924805,3.178970988450709,,
p7,sign-restricted VAR,33,fx,0.0249035791938836,,,,,7,2005-04,2025-10,247,sign restrictions,VAR moving-average propagation,100 log response per100bp tightening,finite sign-admissible range,estimated,,-13.194460385857733,15.046840464184667,,
p7,sign-restricted VAR,34,brent,-0.4791278771365439,,,,,7,2005-04,2025-10,247,sign restrictions,VAR moving-average propagation,100 log response per100bp tightening,finite sign-admissible range,estimated,,-66.06238602745009,96.41556620691811,,
p7,sign-restricted VAR,34,vix,0.0125959791160616,,,,,7,2005-04,2025-10,247,sign restrictions,VAR moving-average propagation,unscaled log response per100bp tightening,finite sign-admissible range,estimated,,-0.9896229478248562,0.912738744297222,,
p7,sign-restricted VAR,34,activity,0.1588723714690295,,,,,7,2005-04,2025-10,247,sign restrictions,VAR moving-average propagation,100 log response per100bp tightening,finite sign-admissible range,estimated,,-16.005515533517947,11.330731158690137,,
p7,sign-restricted VAR,34,price,-3.4249222735616263,,,,,7,2005-04,2025-10,247,sign restrictions,VAR moving-average propagation,100 log response per100bp tightening,finite sign-admissible range,estimated,,-26.89905419461608,12.383314619137677,,
p7,sign-restricted VAR,34,policy,-0.709105630383017,,,,,7,2005-04,2025-10,247,sign restrictions,VAR moving-average propagation,pp response per100bp tightening,finite sign-admissible range,estimated,,-8.185322992216033,3.227409462065607,,
p7,sign-restricted VAR,34,fx,0.0669503567880896,,,,,7,2005-04,2025-10,247,sign restrictions,VAR moving-average propagation,100 log response per100bp tightening,finite sign-admissible range,estimated,,-12.236868623384938,13.404544701182475,,
p7,sign-restricted VAR,35,brent,-0.3361767321401409,,,,,7,2005-04,2025-10,247,sign restrictions,VAR moving-average propagation,100 log response per100bp tightening,finite sign-admissible range,estimated,,-62.700009761103125,93.12971402258374,,
p7,sign-restricted VAR,35,vix,0.0067251650973856,,,,,7,2005-04,2025-10,247,sign restrictions,VAR moving-average propagation,unscaled log response per100bp tightening,finite sign-admissible range,estimated,,-0.9819687560014662,0.8744325719298626,,
p7,sign-restricted VAR,35,activity,0.2272716904434816,,,,,7,2005-04,2025-10,247,sign restrictions,VAR moving-average propagation,100 log response per100bp tightening,finite sign-admissible range,estimated,,-14.985126490658358,10.913647567965628,,
p7,sign-restricted VAR,35,price,-3.3874690287704103,,,,,7,2005-04,2025-10,247,sign restrictions,VAR moving-average propagation,100 log response per100bp tightening,finite sign-admissible range,estimated,,-27.051483795612093,12.596117557454626,,
p7,sign-restricted VAR,35,policy,-0.6624849463110444,,,,,7,2005-04,2025-10,247,sign restrictions,VAR moving-average propagation,pp response per100bp tightening,finite sign-admissible range,estimated,,-7.921021293031107,3.2694982396386925,,
p7,sign-restricted VAR,35,fx,0.1462096254324695,,,,,7,2005-04,2025-10,247,sign restrictions,VAR moving-average propagation,100 log response per100bp tightening,finite sign-admissible range,estimated,,-11.207349744748203,11.723421994102742,,
p7,sign-restricted VAR,36,brent,-0.0090198892781492,,,,,7,2005-04,2025-10,247,sign restrictions,VAR moving-average propagation,100 log response per100bp tightening,finite sign-admissible range,estimated,,-59.375060956344576,89.46631506921625,,
p7,sign-restricted VAR,36,vix,0.0021732689703487,,,,,7,2005-04,2025-10,247,sign restrictions,VAR moving-average propagation,unscaled log response per100bp tightening,finite sign-admissible range,estimated,,-0.9642782921049944,0.8387031714408331,,
p7,sign-restricted VAR,36,activity,0.2480344856875017,,,,,7,2005-04,2025-10,247,sign restrictions,VAR moving-average propagation,100 log response per100bp tightening,finite sign-admissible range,estimated,,-14.07644390191312,10.51385617535299,,
p7,sign-restricted VAR,36,price,-3.3406745951460355,,,,,7,2005-04,2025-10,247,sign restrictions,VAR moving-average propagation,100 log response per100bp tightening,finite sign-admissible range,estimated,,-27.17544657654378,12.782132006885838,,
p7,sign-restricted VAR,36,policy,-0.6217530821925301,,,,,7,2005-04,2025-10,247,sign restrictions,VAR moving-average propagation,pp response per100bp tightening,finite sign-admissible range,estimated,,-7.653318978646071,3.304071335663261,,
p7,sign-restricted VAR,36,fx,0.2092222840720964,,,,,7,2005-04,2025-10,247,sign restrictions,VAR moving-average propagation,100 log response per100bp tightening,finite sign-admissible range,estimated,,-10.153216521237868,10.041023685346088,,
p7,proxy VAR,0,brent,12.297419943270254,-9.62064373379159,1.8128001562883655,23.278892721830086,33.219166464050616,7,2005-04,2025-10,247,external instrument,VAR moving-average propagation,100 log response per100bp tightening,pointwise conditional90/68 intervals,identified_conditional,,,,,
p7,proxy VAR,0,vix,-0.1354156080474229,-0.6645131398355982,-0.4678686513981849,0.1412317976800645,0.4075289276721734,7,2005-04,2025-10,247,external instrument,VAR moving-average propagation,unscaled log response per100bp tightening,pointwise conditional90/68 intervals,identified_conditional,,,,,
p7,proxy VAR,0,activity,0.340156190335403,-2.899171482857829,-1.3020308965758018,2.3368715097307016,3.3285378118024447,7,2005-04,2025-10,247,external instrument,VAR moving-average propagation,100 log response per100bp tightening,pointwise conditional90/68 intervals,identified_conditional,,,,,
p7,proxy VAR,0,price,-0.0483491245624654,-1.019303372772103,-0.4645230242503507,0.4676356266953806,0.7580472170739588,7,2005-04,2025-10,247,external instrument,VAR moving-average propagation,100 log response per100bp tightening,pointwise conditional90/68 intervals,identified_conditional,,,,,
p7,proxy VAR,0,policy,1.0,1.0,1.0,1.0,1.0,7,2005-04,2025-10,247,external instrument,VAR moving-average propagation,pp response per100bp tightening,pointwise conditional90/68 intervals,identified_conditional,,,,,
p7,proxy VAR,0,fx,6.068261091613461,1.9494730683551156,3.187434527432865,8.177911970938197,10.945456471977066,7,2005-04,2025-10,247,external instrument,VAR moving-average propagation,100 log response per100bp tightening,pointwise conditional90/68 intervals,identified_conditional,,,,,
p7,proxy VAR,1,brent,23.37002185504091,-1.2280380026041808,10.176820619453416,37.44383811041798,47.64275080485658,7,2005-04,2025-10,247,external instrument,VAR moving-average propagation,100 log response per100bp tightening,pointwise conditional90/68 intervals,identified_conditional,,,,,
p7,proxy VAR,1,vix,-0.0378575820941812,-0.4790100560337705,-0.3128650523425479,0.176868679310935,0.3971401624935974,7,2005-04,2025-10,247,external instrument,VAR moving-average propagation,unscaled log response per100bp tightening,pointwise conditional90/68 intervals,identified_conditional,,,,,
p7,proxy VAR,1,activity,1.2522396571694858,-3.2759637802212396,-1.0124004450045616,4.147306351826524,5.595837853577464,7,2005-04,2025-10,247,external instrument,VAR moving-average propagation,100 log response per100bp tightening,pointwise conditional90/68 intervals,identified_conditional,,,,,
p7,proxy VAR,1,price,0.248179715178662,-0.851218317594251,-0.2630132640831543,0.8924077849264276,1.1602550862785024,7,2005-04,2025-10,247,external instrument,VAR moving-average propagation,100 log response per100bp tightening,pointwise conditional90/68 intervals,identified_conditional,,,,,
p7,proxy VAR,1,policy,1.1595806177896262,1.0515789635026336,1.1103051521284908,1.2268646608248677,1.2568007977955975,7,2005-04,2025-10,247,external instrument,VAR moving-average propagation,pp response per100bp tightening,pointwise conditional90/68 intervals,identified_conditional,,,,,
p7,proxy VAR,1,fx,8.199990282682922,2.8606193819997556,4.7232870643618785,11.075510158741032,14.278318434478338,7,2005-04,2025-10,247,external instrument,VAR moving-average propagation,100 log response per100bp tightening,pointwise conditional90/68 intervals,identified_conditional,,,,,
p7,proxy VAR,2,brent,26.769700273117547,3.9548253172107017,14.125819417086015,40.85761618310821,48.01815610919944,7,2005-04,2025-10,247,external instrument,VAR moving-average propagation,100 log response per100bp tightening,pointwise conditional90/68 intervals,identified_conditional,,,,,
p7,proxy VAR,2,vix,-0.1254511817548233,-0.4086046102032483,-0.3162168027893146,0.0244449153870169,0.1697443967047923,7,2005-04,2025-10,247,external instrument,VAR moving-average propagation,unscaled log response per100bp tightening,pointwise conditional90/68 intervals,identified_conditional,,,,,
p7,proxy VAR,2,activity,1.953499388198293,-1.1285601062762871,0.3199069547612762,4.15689920046478,5.2109383874566815,7,2005-04,2025-10,247,external instrument,VAR moving-average propagation,100 log response per100bp tightening,pointwise conditional90/68 intervals,identified_conditional,,,,,
p7,proxy VAR,2,price,0.2011686321202202,-1.0321230381562232,-0.3680497517139985,0.8786050636442333,1.2441743284388205,7,2005-04,2025-10,247,external instrument,VAR moving-average propagation,100 log response per100bp tightening,pointwise conditional90/68 intervals,identified_conditional,,,,,
p7,proxy VAR,2,policy,1.1760395506554358,1.0385713080048111,1.1126920451475484,1.2541590938799814,1.2905008268162326,7,2005-04,2025-10,247,external instrument,VAR moving-average propagation,pp response per100bp tightening,pointwise conditional90/68 intervals,identified_conditional,,,,,
p7,proxy VAR,2,fx,6.719145797021224,1.4285873146194656,3.312339913283553,9.502996799900544,12.518356271977982,7,2005-04,2025-10,247,external instrument,VAR moving-average propagation,100 log response per100bp tightening,pointwise conditional90/68 intervals,identified_conditional,,,,,
p7,proxy VAR,3,brent,18.4114288313584,-4.54653169393973,5.646900317683341,31.975039742019472,39.57502592264343,7,2005-04,2025-10,247,external instrument,VAR moving-average propagation,100 log response per100bp tightening,pointwise conditional90/68 intervals,identified_conditional,,,,,
p7,proxy VAR,3,vix,0.0033677523540596,-0.2628968425887816,-0.1608033567918801,0.1424068086812852,0.2886281406875799,7,2005-04,2025-10,247,external instrument,VAR moving-average propagation,unscaled log response per100bp tightening,pointwise conditional90/68 intervals,identified_conditional,,,,,
p7,proxy VAR,3,activity,2.335564482609433,-0.4955078650308089,0.8580628662623062,4.309820640208611,5.130127711599464,7,2005-04,2025-10,247,external instrument,VAR moving-average propagation,100 log response per100bp tightening,pointwise conditional90/68 intervals,identified_conditional,,,,,
p7,proxy VAR,3,price,-0.1061530580564138,-1.585997497274019,-0.7173693303330918,0.6930342720626563,1.1005211532630017,7,2005-04,2025-10,247,external instrument,VAR moving-average propagation,100 log response per100bp tightening,pointwise conditional90/68 intervals,identified_conditional,,,,,
p7,proxy VAR,3,policy,1.176369016029384,0.9301089104200247,1.0722908500224282,1.309346524338864,1.3750884748187138,7,2005-04,2025-10,247,external instrument,VAR moving-average propagation,pp response per100bp tightening,pointwise conditional90/68 intervals,identified_conditional,,,,,
p7,proxy VAR,3,fx,7.041666548139154,2.077319009427862,3.615655205145092,9.619003900223776,13.023783952250282,7,2005-04,2025-10,247,external instrument,VAR moving-average propagation,100 log response per100bp tightening,pointwise conditional90/68 intervals,identified_conditional,,,,,
p7,proxy VAR,4,brent,11.07387817499743,-11.215030379509267,-2.0653414670673573,24.66063951250024,32.080690485469496,7,2005-04,2025-10,247,external instrument,VAR moving-average propagation,100 log response per100bp tightening,pointwise conditional90/68 intervals,identified_conditional,,,,,
p7,proxy VAR,4,vix,0.0753027287110095,-0.1368791592943438,-0.0729466435306576,0.1861794460554915,0.3030841740948592,7,2005-04,2025-10,247,external instrument,VAR moving-average propagation,unscaled log response per100bp tightening,pointwise conditional90/68 intervals,identified_conditional,,,,,
p7,proxy VAR,4,activity,3.2273701682256677,0.2037544299360611,1.5606071228784724,5.201836308351922,6.157131096179911,7,2005-04,2025-10,247,external instrument,VAR moving-average propagation,100 log response per100bp tightening,pointwise conditional90/68 intervals,identified_conditional,,,,,
p7,proxy VAR,4,price,-0.2209253458611983,-1.8622322028216791,-0.9573642158047052,0.6981749134813993,1.1099805758898742,7,2005-04,2025-10,247,external instrument,VAR moving-average propagation,100 log response per100bp tightening,pointwise conditional90/68 intervals,identified_conditional,,,,,
p7,proxy VAR,4,policy,1.1178893921341293,0.8534929845954548,1.001464155869701,1.267064444446939,1.3484703035983212,7,2005-04,2025-10,247,external instrument,VAR moving-average propagation,pp response per100bp tightening,pointwise conditional90/68 intervals,identified_conditional,,,,,
p7,proxy VAR,4,fx,6.52117452407947,1.432173952898604,2.9880265504873833,9.228952319219156,12.506645117593717,7,2005-04,2025-10,247,external instrument,VAR moving-average propagation,100 log response per100bp tightening,pointwise conditional90/68 intervals,identified_conditional,,,,,
p7,proxy VAR,5,brent,7.681931226699164,-17.719653493187625,-7.267011581526772,23.517944607973565,32.939723110832574,7,2005-04,2025-10,247,external instrument,VAR moving-average propagation,100 log response per100bp tightening,pointwise conditional90/68 intervals,identified_conditional,,,,,
p7,proxy VAR,5,vix,0.1154332819317904,-0.0334208470873118,0.0258082879498014,0.1784904017284281,0.2460408887107286,7,2005-04,2025-10,247,external instrument,VAR moving-average propagation,unscaled log response per100bp tightening,pointwise conditional90/68 intervals,identified_conditional,,,,,
p7,proxy VAR,5,activity,3.151684202722476,-0.256486766288215,1.3589473086960822,5.45158878826157,6.227674568713219,7,2005-04,2025-10,247,external instrument,VAR moving-average propagation,100 log response per100bp tightening,pointwise conditional90/68 intervals,identified_conditional,,,,,
p7,proxy VAR,5,price,-0.0223607259762446,-1.76706008863125,-0.7968645783086568,0.9407863043130478,1.394992799185602,7,2005-04,2025-10,247,external instrument,VAR moving-average propagation,100 log response per100bp tightening,pointwise conditional90/68 intervals,identified_conditional,,,,,
p7,proxy VAR,5,policy,0.94258902832303,0.5412961048164054,0.7638182979884839,1.166564436259154,1.2662496918796755,7,2005-04,2025-10,247,external instrument,VAR moving-average propagation,pp response per100bp tightening,pointwise conditional90/68 intervals,identified_conditional,,,,,
p7,proxy VAR,5,fx,4.9966647693119715,-0.1086463968080987,1.4293348758402673,7.548529300192616,10.765964418646837,7,2005-04,2025-10,247,external instrument,VAR moving-average propagation,100 log response per100bp tightening,pointwise conditional90/68 intervals,identified_conditional,,,,,
p7,proxy VAR,6,brent,1.5028803736660006,-26.38389843710371,-15.02251752985553,19.69469862755101,28.79985656442262,7,2005-04,2025-10,247,external instrument,VAR moving-average propagation,100 log response per100bp tightening,pointwise conditional90/68 intervals,identified_conditional,,,,,
p7,proxy VAR,6,vix,0.2408224456826119,0.1031868474821851,0.1584163105684495,0.3137412402651673,0.3768821610829314,7,2005-04,2025-10,247,external instrument,VAR moving-average propagation,unscaled log response per100bp tightening,pointwise conditional90/68 intervals,identified_conditional,,,,,
p7,proxy VAR,6,activity,1.853495365684896,-1.364175214805957,0.1590748976029862,3.949327810375621,4.850703403695839,7,2005-04,2025-10,247,external instrument,VAR moving-average propagation,100 log response per100bp tightening,pointwise conditional90/68 intervals,identified_conditional,,,,,
p7,proxy VAR,6,price,-0.1572978874554131,-2.410104766486824,-1.1164279894917324,1.0615704747209251,1.6547306807994786,7,2005-04,2025-10,247,external instrument,VAR moving-average propagation,100 log response per100bp tightening,pointwise conditional90/68 intervals,identified_conditional,,,,,
p7,proxy VAR,6,policy,0.7754362680605974,0.2580268229507424,0.5331593855437565,1.065229555810748,1.1840712815997607,7,2005-04,2025-10,247,external instrument,VAR moving-average propagation,pp response per100bp tightening,pointwise conditional90/68 intervals,identified_conditional,,,,,
p7,proxy VAR,6,fx,5.070719190146518,0.1310492432624651,1.633863585330474,7.539905039781957,10.356222042734116,7,2005-04,2025-10,247,external instrument,VAR moving-average propagation,100 log response per100bp tightening,pointwise conditional90/68 intervals,identified_conditional,,,,,
p7,proxy VAR,7,brent,-0.6425731741632177,-27.568772816911515,-16.1493491179554,16.33607463153626,26.063459343840584,7,2005-04,2025-10,247,external instrument,VAR moving-average propagation,100 log response per100bp tightening,pointwise conditional90/68 intervals,identified_conditional,,,,,
p7,proxy VAR,7,vix,0.2485847473440936,0.1054124438521828,0.1595031393696443,0.3218098705824015,0.3934383346964892,7,2005-04,2025-10,247,external instrument,VAR moving-average propagation,unscaled log response per100bp tightening,pointwise conditional90/68 intervals,identified_conditional,,,,,
p7,proxy VAR,7,activity,0.2858645943885218,-2.744700804544249,-1.1339474519175845,2.1817383524051897,2.928844118524425,7,2005-04,2025-10,247,external instrument,VAR moving-average propagation,100 log response per100bp tightening,pointwise conditional90/68 intervals,identified_conditional,,,,,
p7,proxy VAR,7,price,-0.0884617742639824,-2.528618215735009,-1.141307574142874,1.2198016838523142,1.89445408547881,7,2005-04,2025-10,247,external instrument,VAR moving-average propagation,100 log response per100bp tightening,pointwise conditional90/68 intervals,identified_conditional,,,,,
p7,proxy VAR,7,policy,0.6477944825565368,0.0653722280322007,0.3855839588542977,0.9769580262572082,1.1207548290327158,7,2005-04,2025-10,247,external instrument,VAR moving-average propagation,pp response per100bp tightening,pointwise conditional90/68 intervals,identified_conditional,,,,,
p7,proxy VAR,7,fx,4.65383070907943,0.3317570875617601,1.4704463269503278,6.891718934922947,8.993405903690276,7,2005-04,2025-10,247,external instrument,VAR moving-average propagation,100 log response per100bp tightening,pointwise conditional90/68 intervals,identified_conditional,,,,,
p7,proxy VAR,8,brent,-1.135317365223626,-26.742936129746465,-15.992331240945893,13.913162820564988,23.129857445608803,7,2005-04,2025-10,247,external instrument,VAR moving-average propagation,100 log response per100bp tightening,pointwise conditional90/68 intervals,identified_conditional,,,,,
p7,proxy VAR,8,vix,0.254118473703183,0.0975201239770482,0.15899646746562,0.3338863257061433,0.3916872742211544,7,2005-04,2025-10,247,external instrument,VAR moving-average propagation,unscaled log response per100bp tightening,pointwise conditional90/68 intervals,identified_conditional,,,,,
p7,proxy VAR,8,activity,0.4480418145777499,-2.2247346089422737,-0.8046086357981111,2.155773925288519,2.8254678337953787,7,2005-04,2025-10,247,external instrument,VAR moving-average propagation,100 log response per100bp tightening,pointwise conditional90/68 intervals,identified_conditional,,,,,
p7,proxy VAR,8,price,-0.1037101525848041,-2.6665738029517265,-1.193389297033975,1.2628815456932811,1.951044475730084,7,2005-04,2025-10,247,external instrument,VAR moving-average propagation,100 log response per100bp tightening,pointwise conditional90/68 intervals,identified_conditional,,,,,
p7,proxy VAR,8,policy,0.5814756000158672,-0.0260961086878221,0.2842565460856956,0.9373171237651744,1.1036079505641323,7,2005-04,2025-10,247,external instrument,VAR moving-average propagation,pp response per100bp tightening,pointwise conditional90/68 intervals,identified_conditional,,,,,
p7,proxy VAR,8,fx,4.222218387745478,0.1455235852518341,1.4168303414430183,6.161257747071216,8.340282552215,7,2005-04,2025-10,247,external instrument,VAR moving-average propagation,100 log response per100bp tightening,pointwise conditional90/68 intervals,identified_conditional,,,,,
p7,proxy VAR,9,brent,1.624780770324402,-22.39689351547666,-11.347912533207824,15.508381499537736,23.295677205695903,7,2005-04,2025-10,247,external instrument,VAR moving-average propagation,100 log response per100bp tightening,pointwise conditional90/68 intervals,identified_conditional,,,,,
p7,proxy VAR,9,vix,0.2328153591814395,0.0439411323099241,0.1205917665549382,0.3310995774422559,0.4047012922439792,7,2005-04,2025-10,247,external instrument,VAR moving-average propagation,unscaled log response per100bp tightening,pointwise conditional90/68 intervals,identified_conditional,,,,,
p7,proxy VAR,9,activity,0.1914524959223023,-2.517419716529852,-1.0846740852947618,1.84713657184157,2.546818994533679,7,2005-04,2025-10,247,external instrument,VAR moving-average propagation,100 log response per100bp tightening,pointwise conditional90/68 intervals,identified_conditional,,,,,
p7,proxy VAR,9,price,-0.113943905069076,-2.816915103696119,-1.2459147119954732,1.303945528271006,2.025357592084189,7,2005-04,2025-10,247,external instrument,VAR moving-average propagation,100 log response per100bp tightening,pointwise conditional90/68 intervals,identified_conditional,,,,,
p7,proxy VAR,9,policy,0.5087307049400074,-0.1589065849895172,0.1903641350234656,0.9129968352233028,1.0955985392540666,7,2005-04,2025-10,247,external instrument,VAR moving-average propagation,pp response per100bp tightening,pointwise conditional90/68 intervals,identified_conditional,,,,,
p7,proxy VAR,9,fx,3.659069055721547,0.0295004340315154,1.204776443840734,5.306007560436697,7.128753492144042,7,2005-04,2025-10,247,external instrument,VAR moving-average propagation,100 log response per100bp tightening,pointwise conditional90/68 intervals,identified_conditional,,,,,
p7,proxy VAR,10,brent,4.8536342212526415,-16.923606719505745,-7.665353536007958,17.578452287026035,25.62873010515526,7,2005-04,2025-10,247,external instrument,VAR moving-average propagation,100 log response per100bp tightening,pointwise conditional90/68 intervals,identified_conditional,,,,,
p7,proxy VAR,10,vix,0.204645615053158,-0.0045908826392092,0.081505889243026,0.3153671760259401,0.3919629535352594,7,2005-04,2025-10,247,external instrument,VAR moving-average propagation,unscaled log response per100bp tightening,pointwise conditional90/68 intervals,identified_conditional,,,,,
p7,proxy VAR,10,activity,0.0512187911581532,-2.26845426254905,-1.0572272560654687,1.4997883562776602,2.1369421314409514,7,2005-04,2025-10,247,external instrument,VAR moving-average propagation,100 log response per100bp tightening,pointwise conditional90/68 intervals,identified_conditional,,,,,
p7,proxy VAR,10,price,-0.1148893220667491,-2.975345686646923,-1.330725635496785,1.4087637310920471,2.190812333109737,7,2005-04,2025-10,247,external instrument,VAR moving-average propagation,100 log response per100bp tightening,pointwise conditional90/68 intervals,identified_conditional,,,,,
p7,proxy VAR,10,policy,0.4976035138225854,-0.1853412493931786,0.1673279889789863,0.936608022010246,1.128036646980095,7,2005-04,2025-10,247,external instrument,VAR moving-average propagation,pp response per100bp tightening,pointwise conditional90/68 intervals,identified_conditional,,,,,
p7,proxy VAR,10,fx,4.037440755965225,0.8126192540634608,1.858756274318509,5.648728359665776,7.078792304879864,7,2005-04,2025-10,247,external instrument,VAR moving-average propagation,100 log response per100bp tightening,pointwise conditional90/68 intervals,identified_conditional,,,,,
p7,proxy VAR,11,brent,5.58096005782399,-14.781548450586238,-5.69867174579174,16.716078220088335,24.684334911011767,7,2005-04,2025-10,247,external instrument,VAR moving-average propagation,100 log response per100bp tightening,pointwise conditional90/68 intervals,identified_conditional,,,,,
p7,proxy VAR,11,vix,0.2086117571721432,0.003964786689264,0.0868122437659077,0.3193780802762909,0.3937039464372823,7,2005-04,2025-10,247,external instrument,VAR moving-average propagation,unscaled log response per100bp tightening,pointwise conditional90/68 intervals,identified_conditional,,,,,
p7,proxy VAR,11,activity,-0.434645812683695,-2.52048397765726,-1.344794884121476,0.9059512324530954,1.4874967721925114,7,2005-04,2025-10,247,external instrument,VAR moving-average propagation,100 log response per100bp tightening,pointwise conditional90/68 intervals,identified_conditional,,,,,
p7,proxy VAR,11,price,-0.0630977387668138,-2.9837234886131663,-1.298285231208674,1.4917627926377697,2.2808150640753375,7,2005-04,2025-10,247,external instrument,VAR moving-average propagation,100 log response per100bp tightening,pointwise conditional90/68 intervals,identified_conditional,,,,,
p7,proxy VAR,11,policy,0.4646950709956423,-0.257037869330094,0.1190889972918136,0.9352507692151872,1.1447449358277206,7,2005-04,2025-10,247,external instrument,VAR moving-average propagation,pp response per100bp tightening,pointwise conditional90/68 intervals,identified_conditional,,,,,
p7,proxy VAR,11,fx,3.776594007470771,0.9665024116722892,1.885073131232948,5.159392039702035,6.326065126869906,7,2005-04,2025-10,247,external instrument,VAR moving-average propagation,100 log response per100bp tightening,pointwise conditional90/68 intervals,identified_conditional,,,,,
p7,proxy VAR,12,brent,5.597653138811383,-13.379646944653928,-5.040740454446194,15.867108530903398,23.293212130901935,7,2005-04,2025-10,247,external instrument,VAR moving-average propagation,100 log response per100bp tightening,pointwise conditional90/68 intervals,identified_conditional,,,,,
p7,proxy VAR,12,vix,0.1770177235838715,-0.0481291961877119,0.0464225018732109,0.2930048458458951,0.3666324840847851,7,2005-04,2025-10,247,external instrument,VAR moving-average propagation,unscaled log response per100bp tightening,pointwise conditional90/68 intervals,identified_conditional,,,,,
p7,proxy VAR,12,activity,-0.5868967184484817,-2.201243220255775,-1.291791584077745,0.5555370906566115,0.9008654786218876,7,2005-04,2025-10,247,external instrument,VAR moving-average propagation,100 log response per100bp tightening,pointwise conditional90/68 intervals,identified_conditional,,,,,
p7,proxy VAR,12,price,-0.077524521608612,-3.1322793515350105,-1.3596753378691526,1.539352784310663,2.392216942332582,7,2005-04,2025-10,247,external instrument,VAR moving-average propagation,100 log response per100bp tightening,pointwise conditional90/68 intervals,identified_conditional,,,,,
p7,proxy VAR,12,policy,0.4349245325596876,-0.3244426634600955,0.0692429144071815,0.9322588168985506,1.1563447812880878,7,2005-04,2025-10,247,external instrument,VAR moving-average propagation,pp response per100bp tightening,pointwise conditional90/68 intervals,identified_conditional,,,,,
p7,proxy VAR,12,fx,3.304607018986765,0.6481027686855734,1.5007297015609653,4.541477741474923,5.505284003023874,7,2005-04,2025-10,247,external instrument,VAR moving-average propagation,100 log response per100bp tightening,pointwise conditional90/68 intervals,identified_conditional,,,,,
p7,proxy VAR,13,brent,5.412316472827355,-10.872161651861942,-3.9928496920590537,14.65738999139233,21.251610244533367,7,2005-04,2025-10,247,external instrument,VAR moving-average propagation,100 log response per100bp tightening,pointwise conditional90/68 intervals,identified_conditional,,,,,
p7,proxy VAR,13,vix,0.1887706150287924,-0.0279021984726352,0.0603906576369959,0.3019513918819571,0.3809744845397067,7,2005-04,2025-10,247,external instrument,VAR moving-average propagation,unscaled log response per100bp tightening,pointwise conditional90/68 intervals,identified_conditional,,,,,
p7,proxy VAR,13,activity,-0.6597741573688785,-2.099272566818319,-1.325081281185831,0.3500573373419396,0.680786208306506,7,2005-04,2025-10,247,external instrument,VAR moving-average propagation,100 log response per100bp tightening,pointwise conditional90/68 intervals,identified_conditional,,,,,
p7,proxy VAR,13,price,-0.0663527765068386,-3.2072678756735744,-1.3868303442912493,1.591390858078101,2.4943772170403435,7,2005-04,2025-10,247,external instrument,VAR moving-average propagation,100 log response per100bp tightening,pointwise conditional90/68 intervals,identified_conditional,,,,,
p7,proxy VAR,13,policy,0.4044293547301958,-0.3748679302257001,0.0253734914956209,0.9207037689823604,1.1577109483127297,7,2005-04,2025-10,247,external instrument,VAR moving-average propagation,pp response per100bp tightening,pointwise conditional90/68 intervals,identified_conditional,,,,,
p7,proxy VAR,13,fx,2.9751398721165567,0.6143499985143169,1.3159351777470405,4.077871274456146,5.0095428877206585,7,2005-04,2025-10,247,external instrument,VAR moving-average propagation,100 log response per100bp tightening,pointwise conditional90/68 intervals,identified_conditional,,,,,
p7,proxy VAR,14,brent,4.115398134668246,-11.04129375706552,-4.293934699052099,12.655558696008615,18.59453003263635,7,2005-04,2025-10,247,external instrument,VAR moving-average propagation,100 log response per100bp tightening,pointwise conditional90/68 intervals,identified_conditional,,,,,
p7,proxy VAR,14,vix,0.2127139406800595,0.0198738499550001,0.0930705583584646,0.3149750548550661,0.3788691339682989,7,2005-04,2025-10,247,external instrument,VAR moving-average propagation,unscaled log response per100bp tightening,pointwise conditional90/68 intervals,identified_conditional,,,,,
p7,proxy VAR,14,activity,-0.9729465807602335,-2.297700248918895,-1.5914613440088177,-0.0072837601142048,0.3353313595249109,7,2005-04,2025-10,247,external instrument,VAR moving-average propagation,100 log response per100bp tightening,pointwise conditional90/68 intervals,identified_conditional,,,,,
p7,proxy VAR,14,price,-0.0586558311155143,-3.2294730531135514,-1.3830944268739032,1.6315285377733086,2.513112166282511,7,2005-04,2025-10,247,external instrument,VAR moving-average propagation,100 log response per100bp tightening,pointwise conditional90/68 intervals,identified_conditional,,,,,
p7,proxy VAR,14,policy,0.3565858267897852,-0.4362535888908995,-0.023260306358284,0.8890415771180645,1.131930178607404,7,2005-04,2025-10,247,external instrument,VAR moving-average propagation,pp response per100bp tightening,pointwise conditional90/68 intervals,identified_conditional,,,,,
p7,proxy VAR,14,fx,2.9361749514046456,0.8443237640347082,1.513090013189972,3.89209474024606,4.703611364820934,7,2005-04,2025-10,247,external instrument,VAR moving-average propagation,100 log response per100bp tightening,pointwise conditional90/68 intervals,identified_conditional,,,,,
p7,proxy VAR,15,brent,2.6094949876702445,-12.063538816919529,-5.350798008648155,10.73955330336744,16.31866530228293,7,2005-04,2025-10,247,external instrument,VAR moving-average propagation,100 log response per100bp tightening,pointwise conditional90/68 intervals,identified_conditional,,,,,
p7,proxy VAR,15,vix,0.2066151915059954,0.0221722747440771,0.0930050090791076,0.3013295481069711,0.3600799475583157,7,2005-04,2025-10,247,external instrument,VAR moving-average propagation,unscaled log response per100bp tightening,pointwise conditional90/68 intervals,identified_conditional,,,,,
p7,proxy VAR,15,activity,-1.3428655876446984,-2.685431593774698,-1.9904601725467008,-0.3892957283789356,-0.0520590734370096,7,2005-04,2025-10,247,external instrument,VAR moving-average propagation,100 log response per100bp tightening,pointwise conditional90/68 intervals,identified_conditional,,,,,
p7,proxy VAR,15,price,-0.0656925885202744,-3.267497896043156,-1.4097956543805676,1.647696706046883,2.5326357418198393,7,2005-04,2025-10,247,external instrument,VAR moving-average propagation,100 log response per100bp tightening,pointwise conditional90/68 intervals,identified_conditional,,,,,
p7,proxy VAR,15,policy,0.297451548078094,-0.5228299675348018,-0.0961540933771293,0.8464670642309564,1.0959567041255556,7,2005-04,2025-10,247,external instrument,VAR moving-average propagation,pp response per100bp tightening,pointwise conditional90/68 intervals,identified_conditional,,,,,
p7,proxy VAR,15,fx,2.648667351781064,0.9257634552572336,1.460100603544979,3.453930398881252,4.1245974504199,7,2005-04,2025-10,247,external instrument,VAR moving-average propagation,100 log response per100bp tightening,pointwise conditional90/68 intervals,identified_conditional,,,,,
p7,proxy VAR,16,brent,1.6443473846465635,-11.944189133774298,-6.013931272629562,8.978781105208768,14.57027484814561,7,2005-04,2025-10,247,external instrument,VAR moving-average propagation,100 log response per100bp tightening,pointwise conditional90/68 intervals,identified_conditional,,,,,
p7,proxy VAR,16,vix,0.2008686780588072,0.0285759857817922,0.0941329648451873,0.2903004476245082,0.3471417732648327,7,2005-04,2025-10,247,external instrument,VAR moving-average propagation,unscaled log response per100bp tightening,pointwise conditional90/68 intervals,identified_conditional,,,,,
p7,proxy VAR,16,activity,-1.5379370037689064,-2.8569526726879655,-2.176091927152258,-0.6236650665596998,-0.2020011387347666,7,2005-04,2025-10,247,external instrument,VAR moving-average propagation,100 log response per100bp tightening,pointwise conditional90/68 intervals,identified_conditional,,,,,
p7,proxy VAR,16,price,-0.0909598669525475,-3.3441497321790603,-1.474010455948025,1.6606774094558598,2.5210494864584096,7,2005-04,2025-10,247,external instrument,VAR moving-average propagation,100 log response per100bp tightening,pointwise conditional90/68 intervals,identified_conditional,,,,,
p7,proxy VAR,16,policy,0.2542040197154269,-0.5780412973727146,-0.1487119742750217,0.8111107865823715,1.0647283492684432,7,2005-04,2025-10,247,external instrument,VAR moving-average propagation,pp response per100bp tightening,pointwise conditional90/68 intervals,identified_conditional,,,,,
p7,proxy VAR,16,fx,2.601967046232511,1.0741769568760082,1.6116217039267884,3.300140845995079,3.8975964064823714,7,2005-04,2025-10,247,external instrument,VAR moving-average propagation,100 log response per100bp tightening,pointwise conditional90/68 intervals,identified_conditional,,,,,
p7,proxy VAR,17,brent,1.433267036511669,-10.731159849595407,-5.511595541966264,8.011195151329057,13.33580187085261,7,2005-04,2025-10,247,external instrument,VAR moving-average propagation,100 log response per100bp tightening,pointwise conditional90/68 intervals,identified_conditional,,,,,
p7,proxy VAR,17,vix,0.2012065211297924,0.0461665961867275,0.1054837058864515,0.282431279726953,0.3352422828169293,7,2005-04,2025-10,247,external instrument,VAR moving-average propagation,unscaled log response per100bp tightening,pointwise conditional90/68 intervals,identified_conditional,,,,,
p7,proxy VAR,17,activity,-1.6943451496026831,-3.0278496025264525,-2.386955014663555,-0.7396120026511177,-0.3675345674869397,7,2005-04,2025-10,247,external instrument,VAR moving-average propagation,100 log response per100bp tightening,pointwise conditional90/68 intervals,identified_conditional,,,,,
p7,proxy VAR,17,price,-0.0771209087314645,-3.3280245557013823,-1.4516902217379288,1.6831267129578311,2.533565631164031,7,2005-04,2025-10,247,external instrument,VAR moving-average propagation,100 log response per100bp tightening,pointwise conditional90/68 intervals,identified_conditional,,,,,
p7,proxy VAR,17,policy,0.2164755914918552,-0.6272203249836773,-0.181486548648991,0.7749472809322302,1.0323558436928006,7,2005-04,2025-10,247,external instrument,VAR moving-average propagation,pp response per100bp tightening,pointwise conditional90/68 intervals,identified_conditional,,,,,
p7,proxy VAR,17,fx,2.4029527647982167,1.1351031241195448,1.6148659404685046,3.018889720764894,3.4573910144506605,7,2005-04,2025-10,247,external instrument,VAR moving-average propagation,100 log response per100bp tightening,pointwise conditional90/68 intervals,identified_conditional,,,,,
p7,proxy VAR,18,brent,1.43284131535062,-10.079164456981015,-5.075382989168128,7.530655857506706,12.671328414776264,7,2005-04,2025-10,247,external instrument,VAR moving-average propagation,100 log response per100bp tightening,pointwise conditional90/68 intervals,identified_conditional,,,,,
p7,proxy VAR,18,vix,0.1897688024249259,0.043957239207648,0.1002412071031892,0.2664018511213342,0.3139594878284329,7,2005-04,2025-10,247,external instrument,VAR moving-average propagation,unscaled log response per100bp tightening,pointwise conditional90/68 intervals,identified_conditional,,,,,
p7,proxy VAR,18,activity,-1.7669880851660624,-3.105717510050417,-2.462390247523642,-0.7934047293075754,-0.4352539608238659,7,2005-04,2025-10,247,external instrument,VAR moving-average propagation,100 log response per100bp tightening,pointwise conditional90/68 intervals,identified_conditional,,,,,
p7,proxy VAR,18,price,-0.0858766043427799,-3.3412066399423472,-1.4702750869132213,1.7050379068378787,2.54997210649492,7,2005-04,2025-10,247,external instrument,VAR moving-average propagation,100 log response per100bp tightening,pointwise conditional90/68 intervals,identified_conditional,,,,,
p7,proxy VAR,18,policy,0.188385628929235,-0.6682560330529707,-0.2148185438440123,0.7490311333830006,1.0055868867037436,7,2005-04,2025-10,247,external instrument,VAR moving-average propagation,pp response per100bp tightening,pointwise conditional90/68 intervals,identified_conditional,,,,,
p7,proxy VAR,18,fx,2.3653257181768765,1.2109443013984762,1.6524862311934505,2.9425417762443367,3.4359475120098946,7,2005-04,2025-10,247,external instrument,VAR moving-average propagation,100 log response per100bp tightening,pointwise conditional90/68 intervals,identified_conditional,,,,,
p7,proxy VAR,19,brent,1.98869838245926,-8.675949817771244,-4.051317725816065,7.562017766442237,12.36205187693744,7,2005-04,2025-10,247,external instrument,VAR moving-average propagation,100 log response per100bp tightening,pointwise conditional90/68 intervals,identified_conditional,,,,,
p7,proxy VAR,19,vix,0.1710446319188117,0.0347709851763317,0.0888925932362483,0.2424237612565708,0.2882107643537268,7,2005-04,2025-10,247,external instrument,VAR moving-average propagation,unscaled log response per100bp tightening,pointwise conditional90/68 intervals,identified_conditional,,,,,
p7,proxy VAR,19,activity,-1.8483129220835413,-3.2627679744910387,-2.5239703215015186,-0.853470443279455,-0.4670338559231066,7,2005-04,2025-10,247,external instrument,VAR moving-average propagation,100 log response per100bp tightening,pointwise conditional90/68 intervals,identified_conditional,,,,,
p7,proxy VAR,19,price,-0.0928668545849631,-3.347197896576344,-1.5026596962042984,1.7076514191711747,2.552722711785657,7,2005-04,2025-10,247,external instrument,VAR moving-average propagation,100 log response per100bp tightening,pointwise conditional90/68 intervals,identified_conditional,,,,,
p7,proxy VAR,19,policy,0.1671752018799125,-0.6962593191995341,-0.2406162000965091,0.7281380782528613,0.9855872466814783,7,2005-04,2025-10,247,external instrument,VAR moving-average propagation,pp response per100bp tightening,pointwise conditional90/68 intervals,identified_conditional,,,,,
p7,proxy VAR,19,fx,2.363619935995971,1.2694043782680549,1.6834468940948442,2.912017864854666,3.4791834334259204,7,2005-04,2025-10,247,external instrument,VAR moving-average propagation,100 log response per100bp tightening,pointwise conditional90/68 intervals,identified_conditional,,,,,
p7,proxy VAR,20,brent,2.6700366310679096,-7.008974208335518,-3.1535009702216756,7.795095768368532,12.333991962478269,7,2005-04,2025-10,247,external instrument,VAR moving-average propagation,100 log response per100bp tightening,pointwise conditional90/68 intervals,identified_conditional,,,,,
p7,proxy VAR,20,vix,0.1520365245784646,0.0284207388938792,0.0794380724754442,0.215539189138825,0.2599274198893395,7,2005-04,2025-10,247,external instrument,VAR moving-average propagation,unscaled log response per100bp tightening,pointwise conditional90/68 intervals,identified_conditional,,,,,
p7,proxy VAR,20,activity,-1.8396707198279345,-3.2945601858436935,-2.5050413081587624,-0.842885251766931,-0.4341912187964812,7,2005-04,2025-10,247,external instrument,VAR moving-average propagation,100 log response per100bp tightening,pointwise conditional90/68 intervals,identified_conditional,,,,,
p7,proxy VAR,20,price,-0.0910701349108552,-3.323185406944557,-1.4976712508154828,1.7054676380948997,2.54720770382658,7,2005-04,2025-10,247,external instrument,VAR moving-average propagation,100 log response per100bp tightening,pointwise conditional90/68 intervals,identified_conditional,,,,,
p7,proxy VAR,20,policy,0.153997263816801,-0.7079703912116584,-0.2530791035471499,0.7061768247835248,0.9666000426614504,7,2005-04,2025-10,247,external instrument,VAR moving-average propagation,pp response per100bp tightening,pointwise conditional90/68 intervals,identified_conditional,,,,,
p7,proxy VAR,20,fx,2.4180551651176487,1.3010649815257078,1.7406852426216697,2.980842333377588,3.5387464509984694,7,2005-04,2025-10,247,external instrument,VAR moving-average propagation,100 log response per100bp tightening,pointwise conditional90/68 intervals,identified_conditional,,,,,
p7,proxy VAR,21,brent,3.2002996827702264,-6.139226150955634,-2.476496638046769,8.117171059545962,12.60008727580703,7,2005-04,2025-10,247,external instrument,VAR moving-average propagation,100 log response per100bp tightening,pointwise conditional90/68 intervals,identified_conditional,,,,,
p7,proxy VAR,21,vix,0.1364396005778334,0.0279827068034506,0.0730376241504956,0.1923591170761069,0.2355779717314212,7,2005-04,2025-10,247,external instrument,VAR moving-average propagation,unscaled log response per100bp tightening,pointwise conditional90/68 intervals,identified_conditional,,,,,
p7,proxy VAR,21,activity,-1.8019859251777457,-3.213397503501715,-2.4650847350436074,-0.8457114594837915,-0.4340221164556137,7,2005-04,2025-10,247,external instrument,VAR moving-average propagation,100 log response per100bp tightening,pointwise conditional90/68 intervals,identified_conditional,,,,,
p7,proxy VAR,21,price,-0.0921426244675207,-3.292205962062524,-1.4997662174412838,1.7137715796705344,2.543243154376931,7,2005-04,2025-10,247,external instrument,VAR moving-average propagation,100 log response per100bp tightening,pointwise conditional90/68 intervals,identified_conditional,,,,,
p7,proxy VAR,21,policy,0.1399244857193557,-0.7202604503003719,-0.2633550340730947,0.6840691333289137,0.9476199511388648,7,2005-04,2025-10,247,external instrument,VAR moving-average propagation,pp response per100bp tightening,pointwise conditional90/68 intervals,identified_conditional,,,,,
p7,proxy VAR,21,fx,2.3843219105568725,1.1015602123491175,1.612457572707914,3.031543918680319,3.67785663184922,7,2005-04,2025-10,247,external instrument,VAR moving-average propagation,100 log response per100bp tightening,pointwise conditional90/68 intervals,identified_conditional,,,,,
p7,proxy VAR,22,brent,3.65250789550286,-5.277285596055769,-1.7960847730267486,8.423347467594384,12.531870187886453,7,2005-04,2025-10,247,external instrument,VAR moving-average propagation,100 log response per100bp tightening,pointwise conditional90/68 intervals,identified_conditional,,,,,
p7,proxy VAR,22,vix,0.1231819462269348,0.0238536815864063,0.0641694342493725,0.1753430097601206,0.2194726107843293,7,2005-04,2025-10,247,external instrument,VAR moving-average propagation,unscaled log response per100bp tightening,pointwise conditional90/68 intervals,identified_conditional,,,,,
p7,proxy VAR,22,activity,-1.726452305002636,-3.1203243730996397,-2.410370986585984,-0.7753159274914417,-0.3827856929628562,7,2005-04,2025-10,247,external instrument,VAR moving-average propagation,100 log response per100bp tightening,pointwise conditional90/68 intervals,identified_conditional,,,,,
p7,proxy VAR,22,price,-0.1022090965639063,-3.2828838031410355,-1.5181674586145084,1.7003807319900108,2.5530943064441423,7,2005-04,2025-10,247,external instrument,VAR moving-average propagation,100 log response per100bp tightening,pointwise conditional90/68 intervals,identified_conditional,,,,,
p7,proxy VAR,22,policy,0.1279234066883327,-0.7219285786100567,-0.2703709461689004,0.6617654577466717,0.9164988979106328,7,2005-04,2025-10,247,external instrument,VAR moving-average propagation,pp response per100bp tightening,pointwise conditional90/68 intervals,identified_conditional,,,,,
p7,proxy VAR,22,fx,2.42852265286627,1.0381717735612088,1.6317935584195542,3.1045776309895885,3.806227015770287,7,2005-04,2025-10,247,external instrument,VAR moving-average propagation,100 log response per100bp tightening,pointwise conditional90/68 intervals,identified_conditional,,,,,
p7,proxy VAR,23,brent,3.9340430471935424,-4.4530959866038575,-1.2050247413849484,8.46201405644711,12.169559393149989,7,2005-04,2025-10,247,external instrument,VAR moving-average propagation,100 log response per100bp tightening,pointwise conditional90/68 intervals,identified_conditional,,,,,
p7,proxy VAR,23,vix,0.1171483294268046,0.0284045138923955,0.0639917362013688,0.1653739986204578,0.2078448305867489,7,2005-04,2025-10,247,external instrument,VAR moving-average propagation,unscaled log response per100bp tightening,pointwise conditional90/68 intervals,identified_conditional,,,,,
p7,proxy VAR,23,activity,-1.6803688740182872,-3.0434975631807744,-2.3710762347650616,-0.7523963294388514,-0.3778279373341802,7,2005-04,2025-10,247,external instrument,VAR moving-average propagation,100 log response per100bp tightening,pointwise conditional90/68 intervals,identified_conditional,,,,,
p7,proxy VAR,23,price,-0.101795460200348,-3.2459044187705612,-1.5072888743649484,1.6718409273653372,2.5524828492094525,7,2005-04,2025-10,247,external instrument,VAR moving-average propagation,100 log response per100bp tightening,pointwise conditional90/68 intervals,identified_conditional,,,,,
p7,proxy VAR,23,policy,0.1142809956902446,-0.7210602924372643,-0.2778848681372719,0.6311018850728616,0.8798350736390573,7,2005-04,2025-10,247,external instrument,VAR moving-average propagation,pp response per100bp tightening,pointwise conditional90/68 intervals,identified_conditional,,,,,
p7,proxy VAR,23,fx,2.423882506591086,0.9634349960755044,1.572009041945618,3.1955335516918466,3.891056554622077,7,2005-04,2025-10,247,external instrument,VAR moving-average propagation,100 log response per100bp tightening,pointwise conditional90/68 intervals,identified_conditional,,,,,
p7,proxy VAR,24,brent,3.976554877126595,-4.056750519891673,-0.9730049737501676,8.155693499742737,11.74772795128316,7,2005-04,2025-10,247,external instrument,VAR moving-average propagation,100 log response per100bp tightening,pointwise conditional90/68 intervals,identified_conditional,,,,,
p7,proxy VAR,24,vix,0.1102648124942124,0.0285698144030647,0.0643147777221675,0.1552462038736412,0.1945665703233571,7,2005-04,2025-10,247,external instrument,VAR moving-average propagation,unscaled log response per100bp tightening,pointwise conditional90/68 intervals,identified_conditional,,,,,
p7,proxy VAR,24,activity,-1.6590645023941022,-2.9854764799070286,-2.3457905461560777,-0.7550118405496921,-0.3665662648839955,7,2005-04,2025-10,247,external instrument,VAR moving-average propagation,100 log response per100bp tightening,pointwise conditional90/68 intervals,identified_conditional,,,,,
p7,proxy VAR,24,price,-0.1068275691676172,-3.210629783396438,-1.4992825017155238,1.661844603056917,2.536554868065457,7,2005-04,2025-10,247,external instrument,VAR moving-average propagation,100 log response per100bp tightening,pointwise conditional90/68 intervals,identified_conditional,,,,,
p7,proxy VAR,24,policy,0.0987021646492034,-0.7187289120151676,-0.2842120225124986,0.6017401763558237,0.8403742548823526,7,2005-04,2025-10,247,external instrument,VAR moving-average propagation,pp response per100bp tightening,pointwise conditional90/68 intervals,identified_conditional,,,,,
p7,proxy VAR,24,fx,2.407084484027476,0.8371768942765817,1.534682013051423,3.2609946044570495,3.943304642505731,7,2005-04,2025-10,247,external instrument,VAR moving-average propagation,100 log response per100bp tightening,pointwise conditional90/68 intervals,identified_conditional,,,,,
p7,proxy VAR,25,brent,4.078388578901297,-3.58330697467762,-0.7450218224323839,8.09355242203026,11.415220651834115,7,2005-04,2025-10,247,external instrument,VAR moving-average propagation,100 log response per100bp tightening,pointwise conditional90/68 intervals,identified_conditional,,,,,
p7,proxy VAR,25,vix,0.1020033757960664,0.0248928085425527,0.0564798264948271,0.1443064981857302,0.1793782906556653,7,2005-04,2025-10,247,external instrument,VAR moving-average propagation,unscaled log response per100bp tightening,pointwise conditional90/68 intervals,identified_conditional,,,,,
p7,proxy VAR,25,activity,-1.6245110029796193,-2.864110032429908,-2.277444262382938,-0.7527269129588805,-0.3429984970001431,7,2005-04,2025-10,247,external instrument,VAR moving-average propagation,100 log response per100bp tightening,pointwise conditional90/68 intervals,identified_conditional,,,,,
p7,proxy VAR,25,price,-0.1148579168671558,-3.198955909661313,-1.5027223671107963,1.6638583006491312,2.523561093174675,7,2005-04,2025-10,247,external instrument,VAR moving-average propagation,100 log response per100bp tightening,pointwise conditional90/68 intervals,identified_conditional,,,,,
p7,proxy VAR,25,policy,0.0831397064842454,-0.7118552537075085,-0.2848359706183642,0.5729962822609873,0.8002509373012481,7,2005-04,2025-10,247,external instrument,VAR moving-average propagation,pp response per100bp tightening,pointwise conditional90/68 intervals,identified_conditional,,,,,
p7,proxy VAR,25,fx,2.364442987446864,0.6563607391511624,1.436633066904695,3.2676667339644787,3.9765564424664577,7,2005-04,2025-10,247,external instrument,VAR moving-average propagation,100 log response per100bp tightening,pointwise conditional90/68 intervals,identified_conditional,,,,,
p7,proxy VAR,26,brent,4.248639870474277,-3.1839961380594004,-0.4647853444366943,8.188746179371455,11.120843448355236,7,2005-04,2025-10,247,external instrument,VAR moving-average propagation,100 log response per100bp tightening,pointwise conditional90/68 intervals,identified_conditional,,,,,
p7,proxy VAR,26,vix,0.096708592459494,0.0246275517550602,0.0554062530792272,0.1366725006175469,0.168917886689997,7,2005-04,2025-10,247,external instrument,VAR moving-average propagation,unscaled log response per100bp tightening,pointwise conditional90/68 intervals,identified_conditional,,,,,
p7,proxy VAR,26,activity,-1.566053623285116,-2.736093391213979,-2.211629796618586,-0.7169147365220222,-0.3165812601026251,7,2005-04,2025-10,247,external instrument,VAR moving-average propagation,100 log response per100bp tightening,pointwise conditional90/68 intervals,identified_conditional,,,,,
p7,proxy VAR,26,price,-0.1192144947580736,-3.1919881597012063,-1.5043135637580063,1.642830058429045,2.506640049951821,7,2005-04,2025-10,247,external instrument,VAR moving-average propagation,100 log response per100bp tightening,pointwise conditional90/68 intervals,identified_conditional,,,,,
p7,proxy VAR,26,policy,0.0691053752791065,-0.6989823143878156,-0.2840027803150977,0.5403379373366074,0.7613071573791832,7,2005-04,2025-10,247,external instrument,VAR moving-average propagation,pp response per100bp tightening,pointwise conditional90/68 intervals,identified_conditional,,,,,
p7,proxy VAR,26,fx,2.346417684316101,0.6637696635363415,1.3963204637646052,3.262166424069791,3.9542886622859856,7,2005-04,2025-10,247,external instrument,VAR moving-average propagation,100 log response per100bp tightening,pointwise conditional90/68 intervals,identified_conditional,,,,,
p7,proxy VAR,27,brent,4.438199847141782,-2.8386168964587863,-0.1770088144470086,8.339629150078315,11.004584315428373,7,2005-04,2025-10,247,external instrument,VAR moving-average propagation,100 log response per100bp tightening,pointwise conditional90/68 intervals,identified_conditional,,,,,
p7,proxy VAR,27,vix,0.0908080733938678,0.0214093876149962,0.0537745955890325,0.1292611555482136,0.1596233096695184,7,2005-04,2025-10,247,external instrument,VAR moving-average propagation,unscaled log response per100bp tightening,pointwise conditional90/68 intervals,identified_conditional,,,,,
p7,proxy VAR,27,activity,-1.5122691510885558,-2.6141301260019625,-2.160910386328536,-0.6992634113685084,-0.3226689194920413,7,2005-04,2025-10,247,external instrument,VAR moving-average propagation,100 log response per100bp tightening,pointwise conditional90/68 intervals,identified_conditional,,,,,
p7,proxy VAR,27,price,-0.1206030837211949,-3.182355872082371,-1.4937194265208185,1.6172143286175409,2.482874269988982,7,2005-04,2025-10,247,external instrument,VAR moving-average propagation,100 log response per100bp tightening,pointwise conditional90/68 intervals,identified_conditional,,,,,
p7,proxy VAR,27,policy,0.0547683779231737,-0.685068762354573,-0.2847152024670098,0.5087016652880342,0.7226550764591881,7,2005-04,2025-10,247,external instrument,VAR moving-average propagation,pp response per100bp tightening,pointwise conditional90/68 intervals,identified_conditional,,,,,
p7,proxy VAR,27,fx,2.283311843644346,0.5851427311904149,1.3371954682611868,3.216140071952302,3.889154916477618,7,2005-04,2025-10,247,external instrument,VAR moving-average propagation,100 log response per100bp tightening,pointwise conditional90/68 intervals,identified_conditional,,,,,
p7,proxy VAR,28,brent,4.673000460043768,-2.4039029835340924,0.2220066099149648,8.573819256677055,11.01227591482275,7,2005-04,2025-10,247,external instrument,VAR moving-average propagation,100 log response per100bp tightening,pointwise conditional90/68 intervals,identified_conditional,,,,,
p7,proxy VAR,28,vix,0.083004120593311,0.0125725159734936,0.0474039694247428,0.1217262926054572,0.1503410861274084,7,2005-04,2025-10,247,external instrument,VAR moving-average propagation,unscaled log response per100bp tightening,pointwise conditional90/68 intervals,identified_conditional,,,,,
p7,proxy VAR,28,activity,-1.44703064678686,-2.530989052116905,-2.10268640117526,-0.6605502474987159,-0.2476716684394189,7,2005-04,2025-10,247,external instrument,VAR moving-average propagation,100 log response per100bp tightening,pointwise conditional90/68 intervals,identified_conditional,,,,,
p7,proxy VAR,28,price,-0.1255346696114077,-3.177750209001292,-1.4909168698244253,1.597264537147828,2.461090656596124,7,2005-04,2025-10,247,external instrument,VAR moving-average propagation,100 log response per100bp tightening,pointwise conditional90/68 intervals,identified_conditional,,,,,
p7,proxy VAR,28,policy,0.0423331587578952,-0.6648364358259944,-0.2797997380975782,0.4799029026678444,0.6861532185452566,7,2005-04,2025-10,247,external instrument,VAR moving-average propagation,pp response per100bp tightening,pointwise conditional90/68 intervals,identified_conditional,,,,,
p7,proxy VAR,28,fx,2.2344606060075893,0.5577577103893242,1.2984649851171486,3.1574570545599623,3.8184386823409526,7,2005-04,2025-10,247,external instrument,VAR moving-average propagation,100 log response per100bp tightening,pointwise conditional90/68 intervals,identified_conditional,,,,,
p7,proxy VAR,29,brent,4.936936181161595,-1.849532334007827,0.6578514011572499,8.727683080083668,10.971727064382266,7,2005-04,2025-10,247,external instrument,VAR moving-average propagation,100 log response per100bp tightening,pointwise conditional90/68 intervals,identified_conditional,,,,,
p7,proxy VAR,29,vix,0.077171993771985,0.0070215253964362,0.0435280211550895,0.1164563636807582,0.1442068030774793,7,2005-04,2025-10,247,external instrument,VAR moving-average propagation,unscaled log response per100bp tightening,pointwise conditional90/68 intervals,identified_conditional,,,,,
p7,proxy VAR,29,activity,-1.3811427520795745,-2.472002623784732,-2.0371296029582124,-0.6301265101139528,-0.2061180216116889,7,2005-04,2025-10,247,external instrument,VAR moving-average propagation,100 log response per100bp tightening,pointwise conditional90/68 intervals,identified_conditional,,,,,
p7,proxy VAR,29,price,-0.1267802827489741,-3.1650499875131324,-1.4845153473908623,1.5844694397561303,2.4403393278732177,7,2005-04,2025-10,247,external instrument,VAR moving-average propagation,100 log response per100bp tightening,pointwise conditional90/68 intervals,identified_conditional,,,,,
p7,proxy VAR,29,policy,0.0312019118574005,-0.6391026880229683,-0.2736878807920573,0.4511589360242858,0.6513496590870553,7,2005-04,2025-10,247,external instrument,VAR moving-average propagation,pp response per100bp tightening,pointwise conditional90/68 intervals,identified_conditional,,,,,
p7,proxy VAR,29,fx,2.16853445925795,0.5454844066615481,1.258027316406261,3.060565159245644,3.69891638743438,7,2005-04,2025-10,247,external instrument,VAR moving-average propagation,100 log response per100bp tightening,pointwise conditional90/68 intervals,identified_conditional,,,,,
p7,proxy VAR,30,brent,5.122921449392012,-1.4152060666759447,0.9944928324143668,8.793354391118118,10.910680014130593,7,2005-04,2025-10,247,external instrument,VAR moving-average propagation,100 log response per100bp tightening,pointwise conditional90/68 intervals,identified_conditional,,,,,
p7,proxy VAR,30,vix,0.0720142621443012,0.0064870866167712,0.0402244873014984,0.1109499636597482,0.1382924450649734,7,2005-04,2025-10,247,external instrument,VAR moving-average propagation,unscaled log response per100bp tightening,pointwise conditional90/68 intervals,identified_conditional,,,,,
p7,proxy VAR,30,activity,-1.316029569166538,-2.370603549518392,-1.9496792231321631,-0.6048496543971504,-0.1643754901102056,7,2005-04,2025-10,247,external instrument,VAR moving-average propagation,100 log response per100bp tightening,pointwise conditional90/68 intervals,identified_conditional,,,,,
p7,proxy VAR,30,price,-0.1275433558987034,-3.1470611390861976,-1.4779993944480727,1.5739376922033588,2.4172534524846205,7,2005-04,2025-10,247,external instrument,VAR moving-average propagation,100 log response per100bp tightening,pointwise conditional90/68 intervals,identified_conditional,,,,,
p7,proxy VAR,30,policy,0.0206974052980158,-0.6110820079304872,-0.2647488700797051,0.4247273883954412,0.6094547568157425,7,2005-04,2025-10,247,external instrument,VAR moving-average propagation,pp response per100bp tightening,pointwise conditional90/68 intervals,identified_conditional,,,,,
p7,proxy VAR,30,fx,2.0919178855679057,0.5250055080175505,1.2156802336450965,2.946904857667298,3.5514498097162703,7,2005-04,2025-10,247,external instrument,VAR moving-average propagation,100 log response per100bp tightening,pointwise conditional90/68 intervals,identified_conditional,,,,,
p7,proxy VAR,31,brent,5.266074060487909,-1.1061122020222862,1.2463183876811177,8.80525904466807,10.86070028799745,7,2005-04,2025-10,247,external instrument,VAR moving-average propagation,100 log response per100bp tightening,pointwise conditional90/68 intervals,identified_conditional,,,,,
p7,proxy VAR,31,vix,0.0665985224209492,0.0006417067250971,0.0353788829561942,0.1057353163945835,0.1315510941310126,7,2005-04,2025-10,247,external instrument,VAR moving-average propagation,unscaled log response per100bp tightening,pointwise conditional90/68 intervals,identified_conditional,,,,,
p7,proxy VAR,31,activity,-1.2541600851423338,-2.2810654411393028,-1.853229369765535,-0.5760190566574425,-0.1338608878229881,7,2005-04,2025-10,247,external instrument,VAR moving-average propagation,100 log response per100bp tightening,pointwise conditional90/68 intervals,identified_conditional,,,,,
p7,proxy VAR,31,price,-0.1299790520961311,-3.132193276702627,-1.47026573634573,1.5611755276150514,2.396083965049936,7,2005-04,2025-10,247,external instrument,VAR moving-average propagation,100 log response per100bp tightening,pointwise conditional90/68 intervals,identified_conditional,,,,,
p7,proxy VAR,31,policy,0.010787229511617,-0.5890794051371628,-0.2553418494395729,0.396308493347984,0.5677672294267474,7,2005-04,2025-10,247,external instrument,VAR moving-average propagation,pp response per100bp tightening,pointwise conditional90/68 intervals,identified_conditional,,,,,
p7,proxy VAR,31,fx,2.0058851667368103,0.4983319157666037,1.1696743659752882,2.8118989181143,3.377785138059907,7,2005-04,2025-10,247,external instrument,VAR moving-average propagation,100 log response per100bp tightening,pointwise conditional90/68 intervals,identified_conditional,,,,,
p7,proxy VAR,32,brent,5.383093138487691,-0.7761924450511596,1.4915445498401216,8.775143020403473,10.794949894416442,7,2005-04,2025-10,247,external instrument,VAR moving-average propagation,100 log response per100bp tightening,pointwise conditional90/68 intervals,identified_conditional,,,,,
p7,proxy VAR,32,vix,0.0621871595455679,-0.0036480280245343,0.0302717493862521,0.1012250264022901,0.1270080316004032,7,2005-04,2025-10,247,external instrument,VAR moving-average propagation,unscaled log response per100bp tightening,pointwise conditional90/68 intervals,identified_conditional,,,,,
p7,proxy VAR,32,activity,-1.1952905535831655,-2.2067683606097495,-1.7785419125276711,-0.5372250107407672,-0.1270915995014458,7,2005-04,2025-10,247,external instrument,VAR moving-average propagation,100 log response per100bp tightening,pointwise conditional90/68 intervals,identified_conditional,,,,,
p7,proxy VAR,32,price,-0.1311578497276346,-3.1170877709091935,-1.462584777533231,1.548041717728587,2.3778576445877184,7,2005-04,2025-10,247,external instrument,VAR moving-average propagation,100 log response per100bp tightening,pointwise conditional90/68 intervals,identified_conditional,,,,,
p7,proxy VAR,32,policy,0.0018914041135336,-0.5675844119675771,-0.2463776000435161,0.3710880757111,0.5261564900419703,7,2005-04,2025-10,247,external instrument,VAR moving-average propagation,pp response per100bp tightening,pointwise conditional90/68 intervals,identified_conditional,,,,,
p7,proxy VAR,32,fx,1.928282213983876,0.4929530775085687,1.1729511538064616,2.671762686738709,3.2066486332821236,7,2005-04,2025-10,247,external instrument,VAR moving-average propagation,100 log response per100bp tightening,pointwise conditional90/68 intervals,identified_conditional,,,,,
p7,proxy VAR,33,brent,5.434976956827731,-0.4987618068595191,1.676570538995733,8.720664499515504,10.638089320988144,7,2005-04,2025-10,247,external instrument,VAR moving-average propagation,100 log response per100bp tightening,pointwise conditional90/68 intervals,identified_conditional,,,,,
p7,proxy VAR,33,vix,0.0586175814533102,-0.0064001034379739,0.0278326687986924,0.0971916710959305,0.1210782138641298,7,2005-04,2025-10,247,external instrument,VAR moving-average propagation,unscaled log response per100bp tightening,pointwise conditional90/68 intervals,identified_conditional,,,,,
p7,proxy VAR,33,activity,-1.1470787827805555,-2.147210452198543,-1.73212565403551,-0.5138357951412784,-0.0478113921871814,7,2005-04,2025-10,247,external instrument,VAR moving-average propagation,100 log response per100bp tightening,pointwise conditional90/68 intervals,identified_conditional,,,,,
p7,proxy VAR,33,price,-0.1305605971725337,-3.0975282794226935,-1.4598623994190738,1.538893537805481,2.3583048120238157,7,2005-04,2025-10,247,external instrument,VAR moving-average propagation,100 log response per100bp tightening,pointwise conditional90/68 intervals,identified_conditional,,,,,
p7,proxy VAR,33,policy,-0.0068325752780389,-0.5485000988518747,-0.2371939747526182,0.3480617967271676,0.4916785032103953,7,2005-04,2025-10,247,external instrument,VAR moving-average propagation,pp response per100bp tightening,pointwise conditional90/68 intervals,identified_conditional,,,,,
p7,proxy VAR,33,fx,1.8342572208843249,0.5370473403601322,1.1289629692412806,2.4899508920081708,3.019174392347034,7,2005-04,2025-10,247,external instrument,VAR moving-average propagation,100 log response per100bp tightening,pointwise conditional90/68 intervals,identified_conditional,,,,,
p7,proxy VAR,34,brent,5.435463088533128,-0.2925244274848143,1.8097789641901232,8.626656849738092,10.448775967996122,7,2005-04,2025-10,247,external instrument,VAR moving-average propagation,100 log response per100bp tightening,pointwise conditional90/68 intervals,identified_conditional,,,,,
p7,proxy VAR,34,vix,0.0547534354007795,-0.0116331165490855,0.0238318522304814,0.0937146883362209,0.1155773463835267,7,2005-04,2025-10,247,external instrument,VAR moving-average propagation,unscaled log response per100bp tightening,pointwise conditional90/68 intervals,identified_conditional,,,,,
p7,proxy VAR,34,activity,-1.1033653716728562,-2.091598885998804,-1.674898483954463,-0.4961728513223439,0.0117008218474253,7,2005-04,2025-10,247,external instrument,VAR moving-average propagation,100 log response per100bp tightening,pointwise conditional90/68 intervals,identified_conditional,,,,,
p7,proxy VAR,34,price,-0.1317288183863221,-3.0830932550349095,-1.4540087773233434,1.534845404731503,2.3444191144798454,7,2005-04,2025-10,247,external instrument,VAR moving-average propagation,100 log response per100bp tightening,pointwise conditional90/68 intervals,identified_conditional,,,,,
p7,proxy VAR,34,policy,-0.0149579764784369,-0.5265839797568856,-0.2302563200004301,0.3250087715609375,0.4588630140132569,7,2005-04,2025-10,247,external instrument,VAR moving-average propagation,pp response per100bp tightening,pointwise conditional90/68 intervals,identified_conditional,,,,,
p7,proxy VAR,34,fx,1.7430212149802704,0.5316085457122185,1.0938357440615565,2.348455203525067,2.827602224630847,7,2005-04,2025-10,247,external instrument,VAR moving-average propagation,100 log response per100bp tightening,pointwise conditional90/68 intervals,identified_conditional,,,,,
p7,proxy VAR,35,brent,5.423804046191465,-0.1219335322844549,1.9557093740626308,8.503388341802465,10.285565859394737,7,2005-04,2025-10,247,external instrument,VAR moving-average propagation,100 log response per100bp tightening,pointwise conditional90/68 intervals,identified_conditional,,,,,
p7,proxy VAR,35,vix,0.0513718598384231,-0.0154313138265835,0.0212956130129361,0.090055461508344,0.1104978233814055,7,2005-04,2025-10,247,external instrument,VAR moving-average propagation,unscaled log response per100bp tightening,pointwise conditional90/68 intervals,identified_conditional,,,,,
p7,proxy VAR,35,activity,-1.061764380878036,-2.0396264132224475,-1.6242180313879273,-0.4243795330475202,0.0618986449853314,7,2005-04,2025-10,247,external instrument,VAR moving-average propagation,100 log response per100bp tightening,pointwise conditional90/68 intervals,identified_conditional,,,,,
p7,proxy VAR,35,price,-0.132463882054974,-3.069268236605446,-1.4512336538373949,1.531298047676919,2.3311526138657475,7,2005-04,2025-10,247,external instrument,VAR moving-average propagation,100 log response per100bp tightening,pointwise conditional90/68 intervals,identified_conditional,,,,,
p7,proxy VAR,35,policy,-0.022217624290458,-0.5003523131795073,-0.2266013048008944,0.3001462905916865,0.4222877612008577,7,2005-04,2025-10,247,external instrument,VAR moving-average propagation,pp response per100bp tightening,pointwise conditional90/68 intervals,identified_conditional,,,,,
p7,proxy VAR,35,fx,1.6538788518484284,0.5416358481989997,1.0650049045994097,2.203646628327754,2.6618989469918337,7,2005-04,2025-10,247,external instrument,VAR moving-average propagation,100 log response per100bp tightening,pointwise conditional90/68 intervals,identified_conditional,,,,,
p7,proxy VAR,36,brent,5.382706872367248,0.0009666900951027,2.0614252470419636,8.351989159273984,10.10232747418696,7,2005-04,2025-10,247,external instrument,VAR moving-average propagation,100 log response per100bp tightening,pointwise conditional90/68 intervals,identified_conditional,,,,,
p7,proxy VAR,36,vix,0.0482833427959339,-0.0172384941660206,0.0190010062911766,0.0866144556614591,0.1047151361659818,7,2005-04,2025-10,247,external instrument,VAR moving-average propagation,unscaled log response per100bp tightening,pointwise conditional90/68 intervals,identified_conditional,,,,,
p7,proxy VAR,36,activity,-1.024223183577121,-1.9803222002709289,-1.582599948413931,-0.408930671974487,0.0993853166050671,7,2005-04,2025-10,247,external instrument,VAR moving-average propagation,100 log response per100bp tightening,pointwise conditional90/68 intervals,identified_conditional,,,,,
p7,proxy VAR,36,price,-0.1326033313687341,-3.0534233282279684,-1.4478225661963295,1.5287558225408866,2.3259097597242584,7,2005-04,2025-10,247,external instrument,VAR moving-average propagation,100 log response per100bp tightening,pointwise conditional90/68 intervals,identified_conditional,,,,,
p7,proxy VAR,36,policy,-0.0287783906771241,-0.485265674745281,-0.2192936727427431,0.2793021648174134,0.3893801310231682,7,2005-04,2025-10,247,external instrument,VAR moving-average propagation,pp response per100bp tightening,pointwise conditional90/68 intervals,identified_conditional,,,,,
p7,proxy VAR,36,fx,1.567788678007603,0.6099998727757056,1.0314312831556638,2.0628077276906636,2.49419144034968,7,2005-04,2025-10,247,external instrument,VAR moving-average propagation,100 log response per100bp tightening,pointwise conditional90/68 intervals,identified_conditional,,,,,
